规则编号,适用方向,依据字段,匹配方式,关键词,排除关键词,对手名称含,一级标签,二级标签,三级标签,优先级,备注
R0001,收入,摘要或备注,包含,利息,利息税|贷款,,投资类,存款结息,结息,1000,内联:结息
R0002,收入,摘要或备注,包含,结息,利息税|贷款,,投资类,存款结息,结息,1000,内联:结息
R0003,收入,摘要或备注,包含,入息,利息税|贷款,,投资类,存款结息,结息,1000,内联:结息
R0004,收入,摘要或备注,包含,存息,利息税|贷款,,投资类,存款结息,结息,1000,内联:结息
R0005,收入,摘要或备注,包含,季息,利息税|贷款,,投资类,存款结息,结息,1000,内联:结息
R0006,支出,对手名称,包含,社保,,,经营类,人力成本,社保,990,词库
R0007,支出,对手名称,包含,社会保险,,,经营类,人力成本,社保,990,词库
R0008,支出,对手名称,包含,单位保险金,,,经营类,人力成本,社保,990,词库
R0009,支出,对手名称,包含,社险,,,经营类,人力成本,社保,990,词库
R0010,支出,对手名称,包含,养老保险,,,经营类,人力成本,社保,990,词库
R0011,支出,对手名称,包含,医疗保险,,,经营类,人力成本,社保,990,词库
R0012,支出,对手名称,包含,失业保险,,,经营类,人力成本,社保,990,词库
R0013,支出,对手名称,包含,工伤保险,,,经营类,人力成本,社保,990,词库
R0014,支出,对手名称,包含,生育保险,,,经营类,人力成本,社保,990,词库
R0015,支出,摘要或备注,包含,社保,,,经营类,人力成本,社保,990,词库
R0016,支出,摘要或备注,包含,社会保险,,,经营类,人力成本,社保,990,词库
R0017,支出,摘要或备注,包含,单位保险金,,,经营类,人力成本,社保,990,词库
R0018,支出,摘要或备注,包含,社险,,,经营类,人力成本,社保,990,词库
R0019,支出,摘要或备注,包含,养老,,,经营类,人力成本,社保,990,词库
R0020,支出,摘要或备注,包含,医疗,,,经营类,人力成本,社保,990,词库
R0021,支出,摘要或备注,包含,工伤,,,经营类,人力成本,社保,990,词库
R0022,支出,摘要或备注,包含,失业,,,经营类,人力成本,社保,990,词库
R0023,支出,摘要或备注,包含,生育,,,经营类,人力成本,社保,990,词库
R0024,支出,摘要或备注,包含,四险,,,经营类,人力成本,社保,990,词库
R0025,支出,摘要或备注,包含,五险,,,经营类,人力成本,社保,990,词库
R0026,支出,摘要或备注,包含,shebao,,,经营类,人力成本,社保,990,词库
R0027,支出,对手名称,包含,劳动保险,,,经营类,人力成本,社保,990,词库
R0028,支出,对手名称,包含,养老金,,,经营类,人力成本,社保,990,词库
R0029,支出,摘要或备注,包含,非税,,,经营类,人力成本,社保,990,词库
R0030,收入,对手名称,包含,社保,,,经营类,人力成本,社保收入,990,词库
R0031,收入,对手名称,包含,社会保险,,,经营类,人力成本,社保收入,990,词库
R0032,收入,对手名称,包含,单位保险金,,,经营类,人力成本,社保收入,990,词库
R0033,收入,对手名称,包含,社险,,,经营类,人力成本,社保收入,990,词库
R0034,收入,对手名称,包含,养老保险,,,经营类,人力成本,社保收入,990,词库
R0035,收入,对手名称,包含,医疗保险,,,经营类,人力成本,社保收入,990,词库
R0036,收入,对手名称,包含,失业保险,,,经营类,人力成本,社保收入,990,词库
R0037,收入,对手名称,包含,工伤保险,,,经营类,人力成本,社保收入,990,词库
R0038,收入,对手名称,包含,生育保险,,,经营类,人力成本,社保收入,990,词库
R0039,收入,摘要或备注,包含,社保,,,经营类,人力成本,社保收入,990,词库
R0040,收入,摘要或备注,包含,社会保险,,,经营类,人力成本,社保收入,990,词库
R0041,收入,摘要或备注,包含,单位保险金,,,经营类,人力成本,社保收入,990,词库
R0042,收入,摘要或备注,包含,社险,,,经营类,人力成本,社保收入,990,词库
R0043,收入,摘要或备注,包含,养老,,,经营类,人力成本,社保收入,990,词库
R0044,收入,摘要或备注,包含,医疗,,,经营类,人力成本,社保收入,990,词库
R0045,收入,摘要或备注,包含,工伤,,,经营类,人力成本,社保收入,990,词库
R0046,收入,摘要或备注,包含,失业,,,经营类,人力成本,社保收入,990,词库
R0047,收入,摘要或备注,包含,生育,,,经营类,人力成本,社保收入,990,词库
R0048,收入,摘要或备注,包含,四险,,,经营类,人力成本,社保收入,990,词库
R0049,收入,摘要或备注,包含,五险,,,经营类,人力成本,社保收入,990,词库
R0050,收入,摘要或备注,包含,shebao,,,经营类,人力成本,社保收入,990,词库
R0051,收入,对手名称,包含,劳动保险,,,经营类,人力成本,社保收入,990,词库
R0052,收入,对手名称,包含,养老金,,,经营类,人力成本,社保收入,990,词库
R0053,收入,摘要或备注,包含,扶持,,国库|金库|财政|局|委员会|政府,经营类,财政补贴,财政补贴,980,内联:财政补贴
R0054,收入,摘要或备注,包含,支持,,国库|金库|财政|局|委员会|政府,经营类,财政补贴,财政补贴,980,内联:财政补贴
R0055,收入,摘要或备注,包含,奖,,国库|金库|财政|局|委员会|政府,经营类,财政补贴,财政补贴,980,内联:财政补贴
R0056,收入,摘要或备注,包含,资金,,国库|金库|财政|局|委员会|政府,经营类,财政补贴,财政补贴,980,内联:财政补贴
R0057,收入,摘要或备注,包含,资助,,国库|金库|财政|局|委员会|政府,经营类,财政补贴,财政补贴,980,内联:财政补贴
R0058,收入,摘要或备注,包含,经费,,国库|金库|财政|局|委员会|政府,经营类,财政补贴,财政补贴,980,内联:财政补贴
R0059,收入,摘要或备注,包含,激励,,国库|金库|财政|局|委员会|政府,经营类,财政补贴,财政补贴,980,内联:财政补贴
R0060,收入,摘要或备注,包含,补助,,国库|金库|财政|局|委员会|政府,经营类,财政补贴,财政补贴,980,内联:财政补贴
R0061,收入,摘要或备注,包含,补贴,,国库|金库|财政|局|委员会|政府,经营类,财政补贴,财政补贴,980,内联:财政补贴
R0062,收入,摘要或备注,包含,高新技术,,国库|金库|财政|局|委员会|政府,经营类,财政补贴,财政补贴,980,内联:财政补贴
R0063,收入,摘要或备注,包含,高新区,,国库|金库|财政|局|委员会|政府,经营类,财政补贴,财政补贴,980,内联:财政补贴
R0064,收入,摘要或备注,包含,经发局,,国库|金库|财政|局|委员会|政府,经营类,财政补贴,财政补贴,980,内联:财政补贴
R0065,收入,摘要或备注,包含,科技局,,国库|金库|财政|局|委员会|政府,经营类,财政补贴,财政补贴,980,内联:财政补贴
R0066,收入,摘要或备注,包含,整治,,国库|金库|财政|局|委员会|政府,经营类,财政补贴,财政补贴,980,内联:财政补贴
R0067,收入,摘要或备注,包含,整顿,,国库|金库|财政|局|委员会|政府,经营类,财政补贴,财政补贴,980,内联:财政补贴
R0068,收入,摘要或备注,包含,整改,,国库|金库|财政|局|委员会|政府,经营类,财政补贴,财政补贴,980,内联:财政补贴
R0069,收入,摘要或备注,包含,经济和信息化局,,国库|金库|财政|局|委员会|政府,经营类,财政补贴,财政补贴,980,内联:财政补贴
R0070,收入,摘要或备注,包含,非税,,国库|金库|财政|局|委员会|政府,经营类,财政补贴,财政补贴,980,内联:财政补贴
R0071,支出,摘要或备注,包含,退,,,经营类,退款交易,退款支出,980,词库
R0072,支出,摘要或备注,包含,有误,,,经营类,退款交易,退款支出,980,词库
R0073,支出,摘要或备注,包含,账号误,,,经营类,退款交易,退款支出,980,词库
R0074,支出,摘要或备注,包含,账号错,,,经营类,退款交易,退款支出,980,词库
R0075,支出,摘要或备注,包含,不存在,,,经营类,退款交易,退款支出,980,词库
R0076,支出,摘要或备注,包含,户名不符,,,经营类,退款交易,退款支出,980,词库
R0077,支出,摘要或备注,包含,请填写正确的收款账户,,,经营类,退款交易,退款支出,980,词库
R0078,支出,摘要或备注,包含,汇错款,,,经营类,退款交易,退款支出,980,词库
R0079,支出,摘要或备注,包含,资金原路返回,,,经营类,退款交易,退款支出,980,词库
R0080,支出,摘要或备注,包含,金额不匹配,,,经营类,退款交易,退款支出,980,词库
R0081,支出,摘要或备注,包含,不能入账,,,经营类,退款交易,退款支出,980,词库
R0082,支出,摘要或备注,包含,户名不一致,,,经营类,退款交易,退款支出,980,词库
R0083,支出,摘要或备注,包含,非我行账号,,,经营类,退款交易,退款支出,980,词库
R0084,支出,摘要或备注,包含,非我行帐号,,,经营类,退款交易,退款支出,980,词库
R0085,支出,摘要或备注,包含,处理失败,,,经营类,退款交易,退款支出,980,词库
R0086,支出,摘要或备注,包含,通用失败,,,经营类,退款交易,退款支出,980,词库
R0087,支出,摘要或备注,包含,已冻结,,,经营类,退款交易,退款支出,980,词库
R0088,支出,摘要或备注,包含,无此账户,,,经营类,退款交易,退款支出,980,词库
R0089,支出,摘要或备注,包含,账号错误,,,经营类,退款交易,退款支出,980,词库
R0090,支出,摘要或备注,包含,户名误,,,经营类,退款交易,退款支出,980,词库
R0091,支出,摘要或备注,包含,户名错,,,经营类,退款交易,退款支出,980,词库
R0092,支出,摘要或备注,包含,转错,,,经营类,退款交易,退款支出,980,词库
R0093,支出,摘要或备注,包含,溢缴款,,,经营类,退款交易,退款支出,980,词库
R0094,支出,摘要或备注,包含,保证金及利息,,,经营类,退款交易,退款支出,980,词库
R0095,支出,对手名称,包含,融资租赁,,,筹资类,负债,偿还融资租赁,970,词库
R0096,支出,对手名称,包含,金融租赁,,,筹资类,负债,偿还融资租赁,970,词库
R0097,支出,对手名称,包含,国际租赁,,,筹资类,负债,偿还融资租赁,970,词库
R0098,收入,摘要或备注,包含,电子退库,,,经营类,税收成本,税收返还,970,词库
R0099,收入,摘要或备注,包含,退税,,,经营类,税收成本,税收返还,970,词库
R0100,收入,摘要或备注,包含,个税,,,经营类,税收成本,税收返还,970,词库
R0101,收入,摘要或备注,包含,房产税,,,经营类,税收成本,税收返还,970,词库
R0102,收入,摘要或备注,包含,城市维护建设税,,,经营类,税收成本,税收返还,970,词库
R0103,收入,摘要或备注,包含,城市建设税,,,经营类,税收成本,税收返还,970,词库
R0104,收入,摘要或备注,包含,所得税,,,经营类,税收成本,税收返还,970,词库
R0105,收入,摘要或备注,包含,印花税,,,经营类,税收成本,税收返还,970,词库
R0106,收入,摘要或备注,包含,购置税,,,经营类,税收成本,税收返还,970,词库
R0107,收入,摘要或备注,包含,国税,,,经营类,税收成本,税收返还,970,词库
R0108,收入,摘要或备注,包含,地税,,,经营类,税收成本,税收返还,970,词库
R0109,收入,摘要或备注,包含,税款,,,经营类,税收成本,税收返还,970,词库
R0110,收入,摘要或备注,包含,交税,,,经营类,税收成本,税收返还,970,词库
R0111,收入,摘要或备注,包含,缴税,,,经营类,税收成本,税收返还,970,词库
R0112,收入,摘要或备注,包含,税金,,,经营类,税收成本,税收返还,970,词库
R0113,收入,摘要或备注,包含,税费,,,经营类,税收成本,税收返还,970,词库
R0114,收入,摘要或备注,包含,增值税,,,经营类,税收成本,税收返还,970,词库
R0115,收入,摘要或备注,包含,报税,,,经营类,税收成本,税收返还,970,词库
R0116,收入,摘要或备注,包含,税收,,,经营类,税收成本,税收返还,970,词库
R0117,收入,摘要或备注,包含,纳税,,,经营类,税收成本,税收返还,970,词库
R0118,收入,摘要或备注,包含,扣税,,,经营类,税收成本,税收返还,970,词库
R0119,收入,摘要或备注,包含,关税,,,经营类,税收成本,税收返还,970,词库
R0120,收入,对手名称,包含,待核对户,,,经营类,税收成本,税收返还,970,词库
R0121,收入,对手名称,包含,待对帐户,,,经营类,税收成本,税收返还,970,词库
R0122,收入,对手名称,包含,财库联网,,,经营类,税收成本,税收返还,970,词库
R0123,收入,摘要或备注,包含,Dshui,,,经营类,税收成本,税收返还,970,词库
R0124,收入,摘要或备注,包含,Gshui,,,经营类,税收成本,税收返还,970,词库
R0125,收入,摘要或备注,包含,TIPS税,,,经营类,税收成本,税收返还,970,词库
R0126,收入,对手名称,包含,待报解,,,经营类,税收成本,税收返还,970,词库
R0127,收入,摘要或备注,包含,三代手续费,,,经营类,税收成本,税收返还,970,词库
R0128,支出,摘要或备注,包含,保理款,,,筹资类,负债,偿还保理款,960,词库
R0129,支出,对手名称,包含,保理,,,筹资类,负债,偿还保理款,960,词库
R0130,收入,摘要或备注,包含,退,,,经营类,退款交易,退款收入,960,词库
R0131,收入,摘要或备注,包含,公积,,,经营类,退款交易,退款收入,960,词库
R0132,收入,摘要或备注,包含,有误,,,经营类,退款交易,退款收入,960,词库
R0133,收入,摘要或备注,包含,账号误,,,经营类,退款交易,退款收入,960,词库
R0134,收入,摘要或备注,包含,账号错,,,经营类,退款交易,退款收入,960,词库
R0135,收入,摘要或备注,包含,不存在,,,经营类,退款交易,退款收入,960,词库
R0136,收入,摘要或备注,包含,户名不符,,,经营类,退款交易,退款收入,960,词库
R0137,收入,摘要或备注,包含,请填写正确的收款账户,,,经营类,退款交易,退款收入,960,词库
R0138,收入,摘要或备注,包含,汇错款,,,经营类,退款交易,退款收入,960,词库
R0139,收入,摘要或备注,包含,资金原路返回,,,经营类,退款交易,退款收入,960,词库
R0140,收入,摘要或备注,包含,金额不匹配,,,经营类,退款交易,退款收入,960,词库
R0141,收入,摘要或备注,包含,不能入账,,,经营类,退款交易,退款收入,960,词库
R0142,收入,摘要或备注,包含,户名不一致,,,经营类,退款交易,退款收入,960,词库
R0143,收入,摘要或备注,包含,非我行账号,,,经营类,退款交易,退款收入,960,词库
R0144,收入,摘要或备注,包含,非我行帐号,,,经营类,退款交易,退款收入,960,词库
R0145,收入,摘要或备注,包含,处理失败,,,经营类,退款交易,退款收入,960,词库
R0146,收入,摘要或备注,包含,通用失败,,,经营类,退款交易,退款收入,960,词库
R0147,收入,摘要或备注,包含,已冻结,,,经营类,退款交易,退款收入,960,词库
R0148,收入,摘要或备注,包含,无此账户,,,经营类,退款交易,退款收入,960,词库
R0149,收入,摘要或备注,包含,账号错误,,,经营类,退款交易,退款收入,960,词库
R0150,收入,摘要或备注,包含,户名误,,,经营类,退款交易,退款收入,960,词库
R0151,收入,摘要或备注,包含,户名错,,,经营类,退款交易,退款收入,960,词库
R0152,收入,摘要或备注,包含,转错,,,经营类,退款交易,退款收入,960,词库
R0153,收入,摘要或备注,包含,溢缴款,,,经营类,退款交易,退款收入,960,词库
R0154,收入,摘要或备注,包含,保证金及利息,,,经营类,退款交易,退款收入,960,词库
R0155,收入,对手名称,包含,招标,,,经营类,退款交易,退款收入,960,词库
R0156,收入,对手名称,包含,投标,,,经营类,退款交易,退款收入,960,词库
R0157,收入,摘要或备注,包含,保理款,,,筹资类,负债,保理借款,950,词库
R0158,收入,对手名称,包含,保理,,,筹资类,负债,保理借款,950,词库
R0159,支出,对手名称,包含,典当行,,,筹资类,民间借贷,偿还典当借款,950,词库
R0160,收入,对手名称,包含,典当行,,,筹资类,民间借贷,典当借款,940,词库
R0161,支出,摘要或备注,包含,租赁,,,经营类,运营成本,租金,940,词库
R0162,支出,摘要或备注,包含,房屋租赁,,,经营类,运营成本,租金,940,词库
R0163,支出,摘要或备注,包含,租金,,,经营类,运营成本,租金,940,词库
R0164,支出,摘要或备注,包含,房租,,,经营类,运营成本,租金,940,词库
R0165,支出,摘要或备注,包含,厂租,,,经营类,运营成本,租金,940,词库
R0166,支出,摘要或备注,包含,月租,,,经营类,运营成本,租金,940,词库
R0167,支出,摘要或备注,包含,铺租,,,经营类,运营成本,租金,940,词库
R0168,支出,摘要或备注,包含,楼租,,,经营类,运营成本,租金,940,词库
R0169,支出,摘要或备注,包含,租花费,,,经营类,运营成本,租金,940,词库
R0170,支出,摘要或备注,包含,租契,,,经营类,运营成本,租金,940,词库
R0171,支出,摘要或备注,包含,续租,,,经营类,运营成本,租金,940,词库
R0172,支出,摘要或备注,包含,租地,,,经营类,运营成本,租金,940,词库
R0173,收入,对手名称,包含,小额贷款,,,筹资类,民间借贷,小贷借款,930,词库
R0174,收入,对手名称,包含,金融信息,,,筹资类,民间借贷,小贷借款,930,词库
R0175,收入,对手名称,包含,融信网金,,,筹资类,民间借贷,小贷借款,930,词库
R0176,收入,对手名称,包含,中小企业金融,,,筹资类,民间借贷,小贷借款,930,词库
R0177,收入,对手名称,包含,互联网金融,,,筹资类,民间借贷,小贷借款,930,词库
R0178,支出,摘要或备注,包含,工资,,,经营类,人力成本,工资与奖金,930,词库
R0179,支出,摘要或备注,包含,薪金,,,经营类,人力成本,工资与奖金,930,词库
R0180,支出,摘要或备注,包含,薪酬,,,经营类,人力成本,工资与奖金,930,词库
R0181,支出,摘要或备注,包含,薪资,,,经营类,人力成本,工资与奖金,930,词库
R0182,支出,摘要或备注,包含,薪水,,,经营类,人力成本,工资与奖金,930,词库
R0183,支出,摘要或备注,包含,年终奖,,,经营类,人力成本,工资与奖金,930,词库
R0184,支出,摘要或备注,包含,年中奖,,,经营类,人力成本,工资与奖金,930,词库
R0185,支出,摘要或备注,包含,员工奖,,,经营类,人力成本,工资与奖金,930,词库
R0186,支出,摘要或备注,包含,提成,,,经营类,人力成本,工资与奖金,930,词库
R0187,支出,摘要或备注,包含,奖金,,,经营类,人力成本,工资与奖金,930,词库
R0188,支出,摘要或备注,包含,雇佣费,,,经营类,人力成本,工资与奖金,930,词库
R0189,支出,对手名称,包含,工资,,,经营类,人力成本,工资与奖金,930,词库
R0190,支出,摘要或备注,包含,劳务费,,,经营类,人力成本,工资与奖金,930,词库
R0191,支出,摘要或备注,包含,酬劳,,,经营类,人力成本,工资与奖金,930,词库
R0192,收入,摘要或备注,包含,招联放款,,,筹资类,消费金融,消金借款,920,词库
R0193,收入,对手名称,包含,消费金融,,,筹资类,消费金融,消金借款,920,词库
R0194,支出,摘要或备注,包含,福利,,,经营类,人力成本,其他职工成本,920,词库
R0195,支出,摘要或备注,包含,招聘,,,经营类,人力成本,其他职工成本,920,词库
R0196,支出,摘要或备注,包含,离职,,,经营类,人力成本,其他职工成本,920,词库
R0197,支出,摘要或备注,包含,补贴,,,经营类,人力成本,其他职工成本,920,词库
R0198,支出,摘要或备注,包含,伙食,,,经营类,人力成本,其他职工成本,920,词库
R0199,支出,摘要或备注,包含,手术,,,经营类,人力成本,其他职工成本,920,词库
R0200,支出,摘要或备注,包含,通讯费,,,经营类,人力成本,其他职工成本,920,词库
R0201,支出,摘要或备注,包含,体检费,,,经营类,人力成本,其他职工成本,920,词库
R0202,支出,摘要或备注,包含,加班,,,经营类,人力成本,其他职工成本,920,词库
R0203,支出,摘要或备注,包含,餐费,,,经营类,人力成本,其他职工成本,920,词库
R0204,支出,摘要或备注,包含,工服,,,经营类,人力成本,其他职工成本,920,词库
R0205,支出,摘要或备注,包含,高温费,,,经营类,人力成本,其他职工成本,920,词库
R0206,支出,摘要或备注,包含,慰问品,,,经营类,人力成本,其他职工成本,920,词库
R0207,支出,摘要或备注,包含,用餐,,,经营类,人力成本,其他职工成本,920,词库
R0208,支出,摘要或备注,包含,工餐,,,经营类,人力成本,其他职工成本,920,词库
R0209,支出,摘要或备注,包含,餐饮,,,经营类,人力成本,其他职工成本,920,词库
R0210,支出,摘要或备注,包含,旅行,,,经营类,人力成本,其他职工成本,920,词库
R0211,支出,摘要或备注,包含,员工费,,,经营类,人力成本,其他职工成本,920,词库
R0212,支出,摘要或备注,包含,责任险,,,经营类,人力成本,其他职工成本,920,词库
R0213,支出,摘要或备注,包含,团费,,,经营类,人力成本,其他职工成本,920,词库
R0214,支出,摘要或备注,包含,节日费,,,经营类,人力成本,其他职工成本,920,词库
R0215,支出,摘要或备注,包含,奖励,,,经营类,人力成本,其他职工成本,920,词库
R0216,支出,摘要或备注,包含,猎聘,,,经营类,人力成本,其他职工成本,920,词库
R0217,支出,摘要或备注,包含,体检,,,经营类,人力成本,其他职工成本,920,词库
R0218,支出,摘要或备注,包含,网聘,,,经营类,人力成本,其他职工成本,920,词库
R0219,支出,摘要或备注,包含,节费,,,经营类,人力成本,其他职工成本,920,词库
R0220,支出,摘要或备注,包含,养老款,,,经营类,人力成本,其他职工成本,920,词库
R0221,支出,摘要或备注,包含,端午费,,,经营类,人力成本,其他职工成本,920,词库
R0222,支出,摘要或备注,包含,春节费,,,经营类,人力成本,其他职工成本,920,词库
R0223,支出,摘要或备注,包含,中秋费,,,经营类,人力成本,其他职工成本,920,词库
R0224,支出,摘要或备注,包含,生活费,,,经营类,人力成本,其他职工成本,920,词库
R0225,支出,摘要或备注,包含,值班,,,经营类,人力成本,其他职工成本,920,词库
R0226,支出,摘要或备注,包含,自助餐,,,经营类,人力成本,其他职工成本,920,词库
R0227,支出,摘要或备注,包含,带班,,,经营类,人力成本,其他职工成本,920,词库
R0228,支出,摘要或备注,包含,应酬费,,,经营类,人力成本,其他职工成本,920,词库
R0229,支出,摘要或备注,包含,台班,,,经营类,人力成本,其他职工成本,920,词库
R0230,支出,摘要或备注,包含,工班,,,经营类,人力成本,其他职工成本,920,词库
R0231,支出,摘要或备注,包含,餐款,,,经营类,人力成本,其他职工成本,920,词库
R0232,支出,摘要或备注,包含,餐宿,,,经营类,人力成本,其他职工成本,920,词库
R0233,支出,摘要或备注,包含,旅游,,,经营类,人力成本,其他职工成本,920,词库
R0234,支出,摘要或备注,包含,餐票,,,经营类,人力成本,其他职工成本,920,词库
R0235,支出,摘要或备注,包含,早餐,,,经营类,人力成本,其他职工成本,920,词库
R0236,支出,摘要或备注,包含,套餐,,,经营类,人力成本,其他职工成本,920,词库
R0237,支出,摘要或备注,包含,月餐,,,经营类,人力成本,其他职工成本,920,词库
R0238,支出,摘要或备注,包含,工作餐,,,经营类,人力成本,其他职工成本,920,词库
R0239,支出,摘要或备注,包含,餐补,,,经营类,人力成本,其他职工成本,920,词库
R0240,支出,摘要或备注,包含,快餐,,,经营类,人力成本,其他职工成本,920,词库
R0241,支出,摘要或备注,包含,餐食费,,,经营类,人力成本,其他职工成本,920,词库
R0242,支出,摘要或备注,包含,餐券,,,经营类,人力成本,其他职工成本,920,词库
R0243,支出,摘要或备注,包含,餐食,,,经营类,人力成本,其他职工成本,920,词库
R0244,支出,摘要或备注,包含,修整费,,,经营类,人力成本,其他职工成本,920,词库
R0245,支出,摘要或备注,包含,夜班,,,经营类,人力成本,其他职工成本,920,词库
R0246,支出,摘要或备注,包含,餐饮费,,,经营类,人力成本,其他职工成本,920,词库
R0247,收入,摘要或备注,包含,零钱通,,,内部调拨类,自有资金调拨,类现金余额产品调拨,910,词库
R0248,支出,摘要或备注,包含,零钱通,,,内部调拨类,自有资金调拨,类现金余额产品调拨,910,词库
R0249,收入,摘要或备注,包含,零钱宝,,,内部调拨类,自有资金调拨,类现金余额产品调拨,910,词库
R0250,支出,摘要或备注,包含,零钱宝,,,内部调拨类,自有资金调拨,类现金余额产品调拨,910,词库
R0251,收入,摘要或备注,包含,余额宝,,,内部调拨类,自有资金调拨,类现金余额产品调拨,910,词库
R0252,支出,摘要或备注,包含,余额宝,,,内部调拨类,自有资金调拨,类现金余额产品调拨,910,词库
R0253,收入,摘要或备注,包含,理财通,,,内部调拨类,自有资金调拨,类现金余额产品调拨,910,词库
R0254,支出,摘要或备注,包含,理财通,,,内部调拨类,自有资金调拨,类现金余额产品调拨,910,词库
R0255,收入,摘要或备注,包含,股东增资,,,筹资类,吸收投资,股东增资,910,词库
R0256,收入,摘要或备注,包含,股东注资,,,筹资类,吸收投资,股东增资,910,词库
R0257,收入,摘要或备注,包含,股东投资,,,筹资类,吸收投资,股东增资,910,词库
R0258,收入,摘要或备注,包含,股东股资,,,筹资类,吸收投资,股东增资,910,词库
R0259,支出,摘要或备注,包含,话费,,,经营类,运营成本,其他运营成本,910,词库
R0260,支出,摘要或备注,包含,排水,,,经营类,运营成本,其他运营成本,910,词库
R0261,支出,摘要或备注,包含,垃圾,,,经营类,运营成本,其他运营成本,910,词库
R0262,支出,摘要或备注,包含,废物,,,经营类,运营成本,其他运营成本,910,词库
R0263,支出,摘要或备注,包含,污水,,,经营类,运营成本,其他运营成本,910,词库
R0264,支出,摘要或备注,包含,排污,,,经营类,运营成本,其他运营成本,910,词库
R0265,支出,摘要或备注,包含,消杀,,,经营类,运营成本,其他运营成本,910,词库
R0266,支出,摘要或备注,包含,保洁,,,经营类,运营成本,其他运营成本,910,词库
R0267,支出,摘要或备注,包含,清洁,,,经营类,运营成本,其他运营成本,910,词库
R0268,支出,摘要或备注,包含,银信,,,经营类,运营成本,其他运营成本,910,词库
R0269,支出,摘要或备注,包含,快递,,,经营类,运营成本,其他运营成本,910,词库
R0270,支出,摘要或备注,包含,名片费,,,经营类,运营成本,其他运营成本,910,词库
R0271,支出,摘要或备注,包含,税审费,,,经营类,运营成本,其他运营成本,910,词库
R0272,支出,摘要或备注,包含,推广,,,经营类,运营成本,其他运营成本,910,词库
R0273,支出,摘要或备注,包含,培训,,,经营类,运营成本,其他运营成本,910,词库
R0274,支出,摘要或备注,包含,专利,,,经营类,运营成本,其他运营成本,910,词库
R0275,支出,摘要或备注,包含,会费,,,经营类,运营成本,其他运营成本,910,词库
R0276,支出,摘要或备注,包含,年费,,,经营类,运营成本,其他运营成本,910,词库
R0277,支出,摘要或备注,包含,审核费,,,经营类,运营成本,其他运营成本,910,词库
R0278,支出,摘要或备注,包含,续费,,,经营类,运营成本,其他运营成本,910,词库
R0279,支出,摘要或备注,包含,活杂费,,,经营类,运营成本,其他运营成本,910,词库
R0280,支出,摘要或备注,包含,购置费,,,经营类,运营成本,其他运营成本,910,词库
R0281,支出,摘要或备注,包含,调查费,,,经营类,运营成本,其他运营成本,910,词库
R0282,支出,摘要或备注,包含,专家费,,,经营类,运营成本,其他运营成本,910,词库
R0283,支出,摘要或备注,包含,参展费,,,经营类,运营成本,其他运营成本,910,词库
R0284,支出,摘要或备注,包含,活动用款,,,经营类,运营成本,其他运营成本,910,词库
R0285,支出,摘要或备注,包含,摊位费,,,经营类,运营成本,其他运营成本,910,词库
R0286,支出,摘要或备注,包含,月租费,,,经营类,运营成本,其他运营成本,910,词库
R0287,支出,摘要或备注,包含,平台费,,,经营类,运营成本,其他运营成本,910,词库
R0288,支出,摘要或备注,包含,订舱费,,,经营类,运营成本,其他运营成本,910,词库
R0289,支出,摘要或备注,包含,发行费,,,经营类,运营成本,其他运营成本,910,词库
R0290,支出,摘要或备注,包含,市场费,,,经营类,运营成本,其他运营成本,910,词库
R0291,支出,摘要或备注,包含,运营费,,,经营类,运营成本,其他运营成本,910,词库
R0292,支出,摘要或备注,包含,活动开支,,,经营类,运营成本,其他运营成本,910,词库
R0293,支出,摘要或备注,包含,标书,,,经营类,运营成本,其他运营成本,910,词库
R0294,支出,摘要或备注,包含,化验费,,,经营类,运营成本,其他运营成本,910,词库
R0295,支出,摘要或备注,包含,中标费,,,经营类,运营成本,其他运营成本,910,词库
R0296,支出,摘要或备注,包含,配音费,,,经营类,运营成本,其他运营成本,910,词库
R0297,支出,摘要或备注,包含,展台费,,,经营类,运营成本,其他运营成本,910,词库
R0298,支出,摘要或备注,包含,渠道费,,,经营类,运营成本,其他运营成本,910,词库
R0299,支出,摘要或备注,包含,运杂费,,,经营类,运营成本,其他运营成本,910,词库
R0300,支出,摘要或备注,包含,咨训,,,经营类,运营成本,其他运营成本,910,词库
R0301,支出,摘要或备注,包含,冷藏费,,,经营类,运营成本,其他运营成本,910,词库
R0302,支出,摘要或备注,包含,年会,,,经营类,运营成本,其他运营成本,910,词库
R0303,支出,摘要或备注,包含,日用杂品,,,经营类,运营成本,其他运营成本,910,词库
R0304,支出,摘要或备注,包含,咨询,,,经营类,运营成本,其他运营成本,910,词库
R0305,支出,摘要或备注,包含,招标,,,经营类,运营成本,其他运营成本,910,词库
R0306,支出,摘要或备注,包含,投标,,,经营类,运营成本,其他运营成本,910,词库
R0307,支出,摘要或备注,包含,审计,,,经营类,运营成本,其他运营成本,910,词库
R0308,支出,摘要或备注,包含,电信,,,经营类,运营成本,其他运营成本,910,词库
R0309,支出,摘要或备注,包含,卫生费,,,经营类,运营成本,其他运营成本,910,词库
R0310,支出,摘要或备注,包含,认证,,,经营类,运营成本,其他运营成本,910,词库
R0311,支出,摘要或备注,包含,保证金,,,经营类,运营成本,其他运营成本,910,词库
R0312,支出,摘要或备注,包含,顾问,,,经营类,运营成本,其他运营成本,910,词库
R0313,支出,摘要或备注,包含,账户费,,,经营类,运营成本,其他运营成本,910,词库
R0314,支出,摘要或备注,包含,短信,,,经营类,运营成本,其他运营成本,910,词库
R0315,支出,摘要或备注,包含,账务费,,,经营类,运营成本,其他运营成本,910,词库
R0316,支出,摘要或备注,包含,代账费,,,经营类,运营成本,其他运营成本,910,词库
R0317,支出,摘要或备注,包含,记账费,,,经营类,运营成本,其他运营成本,910,词库
R0318,支出,摘要或备注,包含,工本费,,,经营类,运营成本,其他运营成本,910,词库
R0319,支出,摘要或备注,包含,账薄,,,经营类,运营成本,其他运营成本,910,词库
R0320,支出,摘要或备注,包含,废水,,,经营类,运营成本,其他运营成本,910,词库
R0321,支出,摘要或备注,包含,做账费,,,经营类,运营成本,其他运营成本,910,词库
R0322,支出,摘要或备注,包含,验资费,,,经营类,运营成本,其他运营成本,910,词库
R0323,支出,摘要或备注,包含,商标费,,,经营类,运营成本,其他运营成本,910,词库
R0324,支出,摘要或备注,包含,公证费,,,经营类,运营成本,其他运营成本,910,词库
R0325,支出,摘要或备注,包含,环评,,,经营类,运营成本,其他运营成本,910,词库
R0326,支出,摘要或备注,包含,律师费,,,经营类,运营成本,其他运营成本,910,词库
R0327,支出,摘要或备注,包含,商标款,,,经营类,运营成本,其他运营成本,910,词库
R0328,支出,摘要或备注,包含,账套费,,,经营类,运营成本,其他运营成本,910,词库
R0329,支出,摘要或备注,包含,核查费,,,经营类,运营成本,其他运营成本,910,词库
R0330,支出,摘要或备注,包含,固话长途,,,经营类,运营成本,其他运营成本,910,词库
R0331,支出,摘要或备注,包含,账本费,,,经营类,运营成本,其他运营成本,910,词库
R0332,支出,摘要或备注,包含,网银服务费,,,经营类,运营成本,其他运营成本,910,词库
R0333,支出,摘要或备注,包含,证书,,,经营类,运营成本,其他运营成本,910,词库
R0334,支出,摘要或备注,包含,账户查询服务费,,,经营类,运营成本,其他运营成本,910,词库
R0335,支出,摘要或备注,包含,对公人民币转账,,,经营类,运营成本,其他运营成本,910,词库
R0336,支出,摘要或备注,包含,对公收费明细入帐,,,经营类,运营成本,其他运营成本,910,词库
R0337,支出,摘要或备注,包含,知识产权,,,经营类,运营成本,其他运营成本,910,词库
R0338,支出,摘要或备注,包含,移动扣费,,,经营类,运营成本,其他运营成本,910,词库
R0339,支出,摘要或备注,包含,网上银行服务费,,,经营类,运营成本,其他运营成本,910,词库
R0340,支出,摘要或备注,包含,批量扣费,,,经营类,运营成本,其他运营成本,910,词库
R0341,支出,摘要或备注,包含,自助交易费,,,经营类,运营成本,其他运营成本,910,词库
R0342,支出,摘要或备注,包含,网银证书费,,,经营类,运营成本,其他运营成本,910,词库
R0343,支出,摘要或备注,包含,USBKEY费,,,经营类,运营成本,其他运营成本,910,词库
R0344,支出,对手名称,包含,手续费,,,经营类,运营成本,其他运营成本,910,词库
R0345,支出,摘要或备注,包含,手续费,,,经营类,运营成本,其他运营成本,910,词库
R0346,支出,摘要或备注,包含,金卫士,,,经营类,运营成本,其他运营成本,910,词库
R0347,支出,摘要或备注,包含,年服务费,,,经营类,运营成本,其他运营成本,910,词库
R0348,支出,摘要或备注,包含,对公短信通,,,经营类,运营成本,其他运营成本,910,词库
R0349,支出,摘要或备注,包含,网银汇划费,,,经营类,运营成本,其他运营成本,910,词库
R0350,支出,摘要或备注,包含,专利费,,,经营类,运营成本,其他运营成本,910,词库
R0351,支出,摘要或备注,包含,软件企业评估,,,经营类,运营成本,其他运营成本,910,词库
R0352,支出,摘要或备注,包含,环境评,,,经营类,运营成本,其他运营成本,910,词库
R0353,支出,摘要或备注,包含,技术监督,,,经营类,运营成本,其他运营成本,910,词库
R0354,支出,摘要或备注,包含,检测费,,,经营类,运营成本,其他运营成本,910,词库
R0355,支出,摘要或备注,包含,检验费,,,经营类,运营成本,其他运营成本,910,词库
R0356,支出,摘要或备注,包含,检验款,,,经营类,运营成本,其他运营成本,910,词库
R0357,支出,摘要或备注,包含,检测款,,,经营类,运营成本,其他运营成本,910,词库
R0358,支出,摘要或备注,包含,检测报告费,,,经营类,运营成本,其他运营成本,910,词库
R0359,支出,摘要或备注,包含,法律服务,,,经营类,运营成本,其他运营成本,910,词库
R0360,支出,对手名称,包含,会计师事务所,,,经营类,运营成本,其他运营成本,910,词库
R0361,支出,对手名称,包含,税务师事务所,,,经营类,运营成本,其他运营成本,910,词库
R0362,支出,对手名称,包含,认证,,,经营类,运营成本,其他运营成本,910,词库
R0363,支出,对手名称,包含,知识产权,,,经营类,运营成本,其他运营成本,910,词库
R0364,支出,对手名称,包含,检测,,,经营类,运营成本,其他运营成本,910,词库
R0365,支出,对手名称,包含,检验,,,经营类,运营成本,其他运营成本,910,词库
R0366,支出,对手名称,包含,律师,,,经营类,运营成本,其他运营成本,910,词库
R0367,支出,摘要或备注,包含,税控盘,,,经营类,运营成本,其他运营成本,910,词库
R0368,支出,摘要或备注,包含,商标变更,,,经营类,运营成本,其他运营成本,910,词库
R0369,支出,摘要或备注,包含,商标注册,,,经营类,运营成本,其他运营成本,910,词库
R0370,支出,摘要或备注,包含,商标申请,,,经营类,运营成本,其他运营成本,910,词库
R0371,支出,对手名称,包含,招标,,,经营类,运营成本,其他运营成本,910,词库
R0372,支出,对手名称,包含,投标,,,经营类,运营成本,其他运营成本,910,词库
R0373,支出,摘要或备注,包含,建账费,,,经营类,运营成本,其他运营成本,910,词库
R0374,支出,摘要或备注,包含,建帐费,,,经营类,运营成本,其他运营成本,910,词库
R0375,支出,对手名称,包含,单位结算记录类业务资信证明收入,,,经营类,运营成本,其他运营成本,910,词库
R0376,支出,对手名称,包含,对公工行证书收入,,,经营类,运营成本,其他运营成本,910,词库
R0377,收入,摘要或备注,包含,票据,,,经营类,票据及贸易融资,票据及贸易融资收入,900,词库
R0378,收入,摘要或备注,包含,电子收据,,,经营类,票据及贸易融资,票据及贸易融资收入,900,词库
R0379,收入,摘要或备注,包含,电票款,,,经营类,票据及贸易融资,票据及贸易融资收入,900,词库
R0380,收入,摘要或备注,包含,电子票款,,,经营类,票据及贸易融资,票据及贸易融资收入,900,词库
R0381,收入,摘要或备注,包含,电子票务款,,,经营类,票据及贸易融资,票据及贸易融资收入,900,词库
R0382,收入,摘要或备注,包含,同城票交,,,经营类,票据及贸易融资,票据及贸易融资收入,900,词库
R0383,收入,摘要或备注,包含,银行承兑,,,经营类,票据及贸易融资,票据及贸易融资收入,900,词库
R0384,收入,摘要或备注,包含,银承,,,经营类,票据及贸易融资,票据及贸易融资收入,900,词库
R0385,收入,摘要或备注,包含,商承汇票,,,经营类,票据及贸易融资,票据及贸易融资收入,900,词库
R0386,收入,摘要或备注,包含,承兑汇票,,,经营类,票据及贸易融资,票据及贸易融资收入,900,词库
R0387,收入,摘要或备注,包含,贴现,,,经营类,票据及贸易融资,票据及贸易融资收入,900,词库
R0388,收入,摘要或备注,包含,信用证,,,经营类,票据及贸易融资,票据及贸易融资收入,900,词库
R0389,收入,摘要或备注,包含,出口押汇,,,经营类,票据及贸易融资,票据及贸易融资收入,900,词库
R0390,收入,摘要或备注,包含,进口押汇,,,经营类,票据及贸易融资,票据及贸易融资收入,900,词库
R0391,收入,摘要或备注,包含,无偿交单,,,经营类,票据及贸易融资,票据及贸易融资收入,900,词库
R0392,收入,摘要或备注,包含,无偿放单,,,经营类,票据及贸易融资,票据及贸易融资收入,900,词库
R0393,收入,摘要或备注,包含,商票,,,经营类,票据及贸易融资,票据及贸易融资收入,900,词库
R0394,收入,摘要或备注,包含,银票,,,经营类,票据及贸易融资,票据及贸易融资收入,900,词库
R0395,收入,对手名称,包含,票据,,,经营类,票据及贸易融资,票据及贸易融资收入,900,词库
R0396,收入,对手名称,包含,银承,,,经营类,票据及贸易融资,票据及贸易融资收入,900,词库
R0397,收入,摘要或备注,包含,提回贷记,,,经营类,票据及贸易融资,票据及贸易融资收入,900,词库
R0398,支出,摘要或备注,包含,电子退库,,,经营类,税收成本,纳税,900,词库
R0399,支出,摘要或备注,包含,退税,,,经营类,税收成本,纳税,900,词库
R0400,支出,摘要或备注,包含,个税,,,经营类,税收成本,纳税,900,词库
R0401,支出,摘要或备注,包含,房产税,,,经营类,税收成本,纳税,900,词库
R0402,支出,摘要或备注,包含,城市维护建设税,,,经营类,税收成本,纳税,900,词库
R0403,支出,摘要或备注,包含,城市建设税,,,经营类,税收成本,纳税,900,词库
R0404,支出,摘要或备注,包含,所得税,,,经营类,税收成本,纳税,900,词库
R0405,支出,摘要或备注,包含,印花税,,,经营类,税收成本,纳税,900,词库
R0406,支出,摘要或备注,包含,购置税,,,经营类,税收成本,纳税,900,词库
R0407,支出,摘要或备注,包含,国税,,,经营类,税收成本,纳税,900,词库
R0408,支出,摘要或备注,包含,地税,,,经营类,税收成本,纳税,900,词库
R0409,支出,摘要或备注,包含,税款,,,经营类,税收成本,纳税,900,词库
R0410,支出,摘要或备注,包含,交税,,,经营类,税收成本,纳税,900,词库
R0411,支出,摘要或备注,包含,缴税,,,经营类,税收成本,纳税,900,词库
R0412,支出,摘要或备注,包含,税金,,,经营类,税收成本,纳税,900,词库
R0413,支出,摘要或备注,包含,税费,,,经营类,税收成本,纳税,900,词库
R0414,支出,摘要或备注,包含,增值税,,,经营类,税收成本,纳税,900,词库
R0415,支出,摘要或备注,包含,报税,,,经营类,税收成本,纳税,900,词库
R0416,支出,摘要或备注,包含,税收,,,经营类,税收成本,纳税,900,词库
R0417,支出,摘要或备注,包含,纳税,,,经营类,税收成本,纳税,900,词库
R0418,支出,摘要或备注,包含,扣税,,,经营类,税收成本,纳税,900,词库
R0419,支出,摘要或备注,包含,关税,,,经营类,税收成本,纳税,900,词库
R0420,支出,对手名称,包含,待核对户,,,经营类,税收成本,纳税,900,词库
R0421,支出,对手名称,包含,待对帐户,,,经营类,税收成本,纳税,900,词库
R0422,支出,对手名称,包含,财库联网,,,经营类,税收成本,纳税,900,词库
R0423,支出,摘要或备注,包含,Dshui,,,经营类,税收成本,纳税,900,词库
R0424,支出,摘要或备注,包含,Gshui,,,经营类,税收成本,纳税,900,词库
R0425,支出,摘要或备注,包含,TIPS税,,,经营类,税收成本,纳税,900,词库
R0426,支出,对手名称,包含,待报解,,,经营类,税收成本,纳税,900,词库
R0427,支出,对手名称,包含,税务局,,,经营类,税收成本,纳税,900,词库
R0428,支出,摘要或备注,包含,税务局,,,经营类,税收成本,纳税,900,词库
R0429,支出,摘要或备注,包含,三代手续费,,,经营类,税收成本,纳税,900,词库
R0430,支出,对手名称,包含,公积金,,,经营类,人力成本,公积金,890,词库
R0431,支出,对手名称,包含,住房公积,,,经营类,人力成本,公积金,890,词库
R0432,支出,摘要或备注,包含,公积,,,经营类,人力成本,公积金,890,词库
R0433,收入,摘要或备注,包含,货币兑换,,,经营类,外汇业务,外汇业务收入,890,词库
R0434,收入,摘要或备注,包含,结汇,,,经营类,外汇业务,外汇业务收入,890,词库
R0435,收入,摘要或备注,包含,售汇,,,经营类,外汇业务,外汇业务收入,890,词库
R0436,收入,摘要或备注,包含,购汇,,,经营类,外汇业务,外汇业务收入,890,词库
R0437,收入,摘要或备注,包含,外汇,,,经营类,外汇业务,外汇业务收入,890,词库
R0438,收入,对手名称,包含,待核查,,,经营类,外汇业务,外汇业务收入,890,词库
R0439,收入,摘要或备注,包含,核查解付,,,经营类,外汇业务,外汇业务收入,890,词库
R0440,收入,摘要或备注,包含,汇入解付,,,经营类,外汇业务,外汇业务收入,890,词库
R0441,收入,摘要或备注,包含,信用卡,,,筹资类,信用卡交易,信用卡转入,880,词库
R0442,收入,对手名称,包含,信用卡,,,筹资类,信用卡交易,信用卡转入,880,词库
R0443,支出,对手名称,包含,小额贷款,,,筹资类,民间借贷,偿还小贷借款,880,词库
R0444,支出,对手名称,包含,金融信息,,,筹资类,民间借贷,偿还小贷借款,880,词库
R0445,支出,对手名称,包含,融信网金,,,筹资类,民间借贷,偿还小贷借款,880,词库
R0446,支出,对手名称,包含,中小企业金融,,,筹资类,民间借贷,偿还小贷借款,880,词库
R0447,支出,对手名称,包含,互联网金融,,,筹资类,民间借贷,偿还小贷借款,880,词库
R0448,支出,摘要或备注,包含,招联放款,,,筹资类,消费金融,偿还消金借款,870,词库
R0449,支出,对手名称,包含,消费金融,,,筹资类,消费金融,偿还消金借款,870,词库
R0450,收入,摘要或备注,包含,保险费,,,经营类,保险,保险理赔,870,词库
R0451,收入,摘要或备注,包含,理赔,,,经营类,保险,保险理赔,870,词库
R0452,收入,对手名称,包含,保险,,,经营类,保险,保险理赔,870,词库
R0453,收入,对手名称,包含,中国人寿,,,经营类,保险,保险理赔,870,词库
R0454,收入,摘要或备注,包含,代扣保险,,,经营类,保险,保险理赔,870,词库
R0455,收入,摘要或备注,包含,平安保险,,,经营类,保险,保险理赔,870,词库
R0456,收入,摘要或备注,包含,产险,,,经营类,保险,保险理赔,870,词库
R0457,收入,摘要或备注,包含,投资拨款,,,筹资类,吸收投资,投资款收入,860,词库
R0458,收入,摘要或备注,包含,增资扩股,,,筹资类,吸收投资,投资款收入,860,词库
R0459,收入,摘要或备注,包含,投资款,,,筹资类,吸收投资,投资款收入,860,词库
R0460,收入,摘要或备注,包含,出资款,,,筹资类,吸收投资,投资款收入,860,词库
R0461,收入,摘要或备注,包含,注资,,,筹资类,吸收投资,投资款收入,860,词库
R0462,支出,摘要或备注,包含,旅差,,,经营类,人力成本,差旅报销,860,词库
R0463,支出,摘要或备注,包含,差旅,,,经营类,人力成本,差旅报销,860,词库
R0464,支出,摘要或备注,包含,出差,,,经营类,人力成本,差旅报销,860,词库
R0465,支出,摘要或备注,包含,报销,,,经营类,人力成本,差旅报销,860,词库
R0466,支出,摘要或备注,包含,差费,,,经营类,人力成本,差旅报销,860,词库
R0467,支出,摘要或备注,包含,机票,,,经营类,人力成本,差旅报销,860,词库
R0468,支出,摘要或备注,包含,交通费,,,经营类,人力成本,差旅报销,860,词库
R0469,支出,摘要或备注,包含,招待费,,,经营类,人力成本,差旅报销,860,词库
R0470,支出,摘要或备注,包含,会务费,,,经营类,人力成本,差旅报销,860,词库
R0471,支出,摘要或备注,包含,住宿,,,经营类,人力成本,差旅报销,860,词库
R0472,支出,摘要或备注,包含,火车票,,,经营类,人力成本,差旅报销,860,词库
R0473,支出,摘要或备注,包含,还股东款,,,筹资类,负债,偿还股东借款,850,词库
R0474,支出,摘要或备注,包含,还股东借款,,,筹资类,负债,偿还股东借款,850,词库
R0475,支出,摘要或备注,包含,归还股东借款,,,筹资类,负债,偿还股东借款,850,词库
R0476,支出,摘要或备注,包含,归还股东个人借款,,,筹资类,负债,偿还股东借款,850,词库
R0477,支出,摘要或备注,包含,股东还款,,,筹资类,负债,偿还股东借款,850,词库
R0478,支出,摘要或备注,包含,换股东借款,,,筹资类,负债,偿还股东借款,850,词库
R0479,支出,摘要或备注,包含,还股东借入款,,,筹资类,负债,偿还股东借款,850,词库
R0480,收入,摘要或备注,包含,贷款还本,,,筹资类,银行借款,银行借款,850,词库
R0481,收入,摘要或备注,包含,归还本金,,,筹资类,银行借款,银行借款,850,词库
R0482,收入,摘要或备注,包含,归还本息,,,筹资类,银行借款,银行借款,850,词库
R0483,收入,摘要或备注,包含,贷款发放,,,筹资类,银行借款,银行借款,850,词库
R0484,收入,摘要或备注,包含,贷款回收,,,筹资类,银行借款,银行借款,850,词库
R0485,收入,摘要或备注,包含,柜面放款,,,筹资类,银行借款,银行借款,850,词库
R0486,收入,摘要或备注,包含,贷款扣款,,,筹资类,银行借款,银行借款,850,词库
R0487,收入,摘要或备注,包含,贷款还款,,,筹资类,银行借款,银行借款,850,词库
R0488,收入,摘要或备注,包含,贷款放款,,,筹资类,银行借款,银行借款,850,词库
R0489,收入,摘要或备注,包含,放款,,,筹资类,银行借款,银行借款,850,词库
R0490,收入,摘要或备注,包含,微业贷,,,筹资类,银行借款,银行借款,850,词库
R0491,收入,摘要或备注,包含,微粒贷,,,筹资类,银行借款,银行借款,850,词库
R0492,收入,摘要或备注,包含,企业贷,,,筹资类,银行借款,银行借款,850,词库
R0493,收入,摘要或备注,包含,银行贷款,,,筹资类,银行借款,银行借款,850,词库
R0494,收入,摘要或备注,包含,约定还款,,,筹资类,银行借款,银行借款,850,词库
R0495,收入,摘要或备注,包含,正常还款,,,筹资类,银行借款,银行借款,850,词库
R0496,收入,摘要或备注,包含,自动还款,,,筹资类,银行借款,银行借款,850,词库
R0497,收入,对手名称,包含,个贷系统平账专户,,,筹资类,银行借款,银行借款,850,词库
R0498,收入,对手名称,包含,信贷放款,,,筹资类,银行借款,银行借款,850,词库
R0499,收入,对手名称,包含,信贷还款,,,筹资类,银行借款,银行借款,850,词库
R0500,收入,对手名称,包含,微业贷放款,,,筹资类,银行借款,银行借款,850,词库
R0501,收入,对手名称,包含,微业贷还款,,,筹资类,银行借款,银行借款,850,词库
R0502,收入,对手名称,包含,企业贷放款,,,筹资类,银行借款,银行借款,850,词库
R0503,收入,对手名称,包含,企业贷还款,,,筹资类,银行借款,银行借款,850,词库
R0504,收入,对手名称,包含,经营贷放款,,,筹资类,银行借款,银行借款,850,词库
R0505,收入,对手名称,包含,经营贷还款,,,筹资类,银行借款,银行借款,850,词库
R0506,收入,对手名称,包含,银行贷款,,,筹资类,银行借款,银行借款,850,词库
R0507,收入,对手名称,包含,微粒贷,,,筹资类,银行借款,银行借款,850,词库
R0508,收入,摘要或备注,包含,网银收本,,,筹资类,银行借款,银行借款,850,词库
R0509,收入,摘要或备注,包含,自动收本,,,筹资类,银行借款,银行借款,850,词库
R0510,收入,摘要或备注,包含,个贷还本金,,,筹资类,银行借款,银行借款,850,词库
R0511,收入,摘要或备注,包含,网银还本金,,,筹资类,银行借款,银行借款,850,词库
R0512,收入,摘要或备注,包含,银行借款,,,筹资类,银行借款,银行借款,850,词库
R0513,收入,摘要或备注,包含,对公贷款,,,筹资类,银行借款,银行借款,850,词库
R0514,收入,摘要或备注,包含,还借款,,,投资类,资金出借,资金还入,840,词库
R0515,收入,摘要或备注,包含,还结款,,,投资类,资金出借,资金还入,840,词库
R0516,收入,摘要或备注,包含,还款,,,投资类,资金出借,资金还入,840,词库
R0517,收入,摘要或备注,包含,还股东款,,,投资类,资金出借,资金还入,840,词库
R0518,收入,摘要或备注,包含,还股东借款,,,投资类,资金出借,资金还入,840,词库
R0519,收入,摘要或备注,包含,归还股东借款,,,投资类,资金出借,资金还入,840,词库
R0520,收入,摘要或备注,包含,归还股东个人借款,,,投资类,资金出借,资金还入,840,词库
R0521,收入,摘要或备注,包含,股东还款,,,投资类,资金出借,资金还入,840,词库
R0522,收入,摘要或备注,包含,换股东借款,,,投资类,资金出借,资金还入,840,词库
R0523,收入,摘要或备注,包含,还股东借入款,,,投资类,资金出借,资金还入,840,词库
R0524,收入,摘要或备注,包含,还借支,,,投资类,资金出借,资金还入,840,词库
R0525,支出,摘要或备注,包含,物业,,,经营类,运营成本,物业费,840,词库
R0526,支出,摘要或备注,包含,物管,,,经营类,运营成本,物业费,840,词库
R0527,支出,摘要或备注,包含,票据,,,经营类,票据及贸易融资,偿还票据及贸易融资,830,词库
R0528,支出,摘要或备注,包含,电子收据,,,经营类,票据及贸易融资,偿还票据及贸易融资,830,词库
R0529,支出,摘要或备注,包含,电票款,,,经营类,票据及贸易融资,偿还票据及贸易融资,830,词库
R0530,支出,摘要或备注,包含,电子票款,,,经营类,票据及贸易融资,偿还票据及贸易融资,830,词库
R0531,支出,摘要或备注,包含,电子票务款,,,经营类,票据及贸易融资,偿还票据及贸易融资,830,词库
R0532,支出,摘要或备注,包含,同城票交,,,经营类,票据及贸易融资,偿还票据及贸易融资,830,词库
R0533,支出,摘要或备注,包含,银行承兑,,,经营类,票据及贸易融资,偿还票据及贸易融资,830,词库
R0534,支出,摘要或备注,包含,银承,,,经营类,票据及贸易融资,偿还票据及贸易融资,830,词库
R0535,支出,摘要或备注,包含,商承汇票,,,经营类,票据及贸易融资,偿还票据及贸易融资,830,词库
R0536,支出,摘要或备注,包含,承兑汇票,,,经营类,票据及贸易融资,偿还票据及贸易融资,830,词库
R0537,支出,摘要或备注,包含,贴现,,,经营类,票据及贸易融资,偿还票据及贸易融资,830,词库
R0538,支出,摘要或备注,包含,信用证,,,经营类,票据及贸易融资,偿还票据及贸易融资,830,词库
R0539,支出,摘要或备注,包含,出口押汇,,,经营类,票据及贸易融资,偿还票据及贸易融资,830,词库
R0540,支出,摘要或备注,包含,进口押汇,,,经营类,票据及贸易融资,偿还票据及贸易融资,830,词库
R0541,支出,摘要或备注,包含,无偿交单,,,经营类,票据及贸易融资,偿还票据及贸易融资,830,词库
R0542,支出,摘要或备注,包含,无偿放单,,,经营类,票据及贸易融资,偿还票据及贸易融资,830,词库
R0543,支出,摘要或备注,包含,商票,,,经营类,票据及贸易融资,偿还票据及贸易融资,830,词库
R0544,支出,摘要或备注,包含,银票,,,经营类,票据及贸易融资,偿还票据及贸易融资,830,词库
R0545,支出,对手名称,包含,票据,,,经营类,票据及贸易融资,偿还票据及贸易融资,830,词库
R0546,支出,对手名称,包含,银承,,,经营类,票据及贸易融资,偿还票据及贸易融资,830,词库
R0547,支出,摘要或备注,包含,提回贷记,,,经营类,票据及贸易融资,偿还票据及贸易融资,830,词库
R0548,收入,摘要或备注,包含,备用,,,经营类,备用金,备用金收入,830,词库
R0549,收入,摘要或备注,包含,股东借款,,,筹资类,负债,股东借款,820,词库
R0550,收入,摘要或备注,包含,股东个人借款,,,筹资类,负债,股东借款,820,词库
R0551,收入,摘要或备注,包含,股东自筹款,,,筹资类,负债,股东借款,820,词库
R0552,支出,摘要或备注,包含,货币兑换,,,经营类,外汇业务,外汇业务支出,820,词库
R0553,支出,摘要或备注,包含,结汇,,,经营类,外汇业务,外汇业务支出,820,词库
R0554,支出,摘要或备注,包含,售汇,,,经营类,外汇业务,外汇业务支出,820,词库
R0555,支出,摘要或备注,包含,购汇,,,经营类,外汇业务,外汇业务支出,820,词库
R0556,支出,摘要或备注,包含,外汇,,,经营类,外汇业务,外汇业务支出,820,词库
R0557,支出,对手名称,包含,待核查,,,经营类,外汇业务,外汇业务支出,820,词库
R0558,支出,摘要或备注,包含,核查解付,,,经营类,外汇业务,外汇业务支出,820,词库
R0559,支出,摘要或备注,包含,汇入解付,,,经营类,外汇业务,外汇业务支出,820,词库
R0560,支出,摘要或备注,包含,信用卡,,,筹资类,信用卡交易,信用卡还款,810,词库
R0561,支出,对手名称,包含,信用卡,,,筹资类,信用卡交易,信用卡还款,810,词库
R0562,收入,摘要或备注,包含,借款,,,筹资类,民间借贷,民间借款,810,词库
R0563,收入,摘要或备注,包含,借支,,,筹资类,民间借贷,民间借款,810,词库
R0564,收入,摘要或备注,包含,委贷,,,筹资类,其他筹资类,其他筹资类收入,800,词库
R0565,收入,摘要或备注,包含,贷款,,,筹资类,其他筹资类,其他筹资类收入,800,词库
R0566,收入,摘要或备注,包含,借款,,,筹资类,其他筹资类,其他筹资类收入,800,词库
R0567,收入,摘要或备注,包含,收本,,,筹资类,其他筹资类,其他筹资类收入,800,词库
R0568,收入,对手名称,包含,委托贷款过渡专户,,,筹资类,其他筹资类,其他筹资类收入,800,词库
R0569,收入,对手名称,包含,贷款利息,,,筹资类,其他筹资类,其他筹资类收入,800,词库
R0570,收入,摘要或备注,包含,还款,,,筹资类,其他筹资类,其他筹资类收入,800,词库
R0571,收入,对手名称,包含,融资担保,,,筹资类,其他筹资类,其他筹资类收入,800,词库
R0572,收入,摘要或备注,包含,担保费,,,筹资类,其他筹资类,其他筹资类收入,800,词库
R0573,支出,摘要或备注,包含,保险费,,,经营类,保险,保险缴费,800,词库
R0574,支出,摘要或备注,包含,理赔,,,经营类,保险,保险缴费,800,词库
R0575,支出,对手名称,包含,保险,,,经营类,保险,保险缴费,800,词库
R0576,支出,对手名称,包含,中国人寿,,,经营类,保险,保险缴费,800,词库
R0577,支出,摘要或备注,包含,代扣保险,,,经营类,保险,保险缴费,800,词库
R0578,支出,摘要或备注,包含,平安保险,,,经营类,保险,保险缴费,800,词库
R0579,支出,摘要或备注,包含,产险,,,经营类,保险,保险缴费,800,词库
R0580,收入,摘要或备注,包含,协定转活期,,,投资类,投资理财,投资理财收入,790,词库
R0581,收入,摘要或备注,包含,定期支取,,,投资类,投资理财,投资理财收入,790,词库
R0582,收入,摘要或备注,包含,活期转协定,,,投资类,投资理财,投资理财收入,790,词库
R0583,收入,摘要或备注,包含,定转活,,,投资类,投资理财,投资理财收入,790,词库
R0584,收入,摘要或备注,包含,活转定,,,投资类,投资理财,投资理财收入,790,词库
R0585,收入,摘要或备注,包含,活期转定期,,,投资类,投资理财,投资理财收入,790,词库
R0586,收入,摘要或备注,包含,理财,,,投资类,投资理财,投资理财收入,790,词库
R0587,收入,摘要或备注,包含,钱生钱,,,投资类,投资理财,投资理财收入,790,词库
R0588,收入,摘要或备注,包含,股红,,,投资类,投资理财,投资理财收入,790,词库
R0589,收入,摘要或备注,包含,智多宝,,,投资类,投资理财,投资理财收入,790,词库
R0590,收入,摘要或备注,包含,薪加薪,,,投资类,投资理财,投资理财收入,790,词库
R0591,收入,摘要或备注,包含,盆满钵盈,,,投资类,投资理财,投资理财收入,790,词库
R0592,收入,摘要或备注,包含,薪满益足,,,投资类,投资理财,投资理财收入,790,词库
R0593,收入,摘要或备注,包含,基金赎回,,,投资类,投资理财,投资理财收入,790,词库
R0594,收入,摘要或备注,包含,基金申购,,,投资类,投资理财,投资理财收入,790,词库
R0595,收入,摘要或备注,包含,基金转入,,,投资类,投资理财,投资理财收入,790,词库
R0596,收入,摘要或备注,包含,基金转出,,,投资类,投资理财,投资理财收入,790,词库
R0597,收入,摘要或备注,包含,证券转银行,,,投资类,投资理财,投资理财收入,790,词库
R0598,收入,摘要或备注,包含,金条,,,投资类,投资理财,投资理财收入,790,词库
R0599,收入,摘要或备注,包含,出金,,,投资类,投资理财,投资理财收入,790,词库
R0600,收入,摘要或备注,包含,结构性,,,投资类,投资理财,投资理财收入,790,词库
R0601,收入,摘要或备注,包含,银证转入,,,投资类,投资理财,投资理财收入,790,词库
R0602,收入,摘要或备注,包含,银证转出,,,投资类,投资理财,投资理财收入,790,词库
R0603,收入,摘要或备注,包含,证转银,,,投资类,投资理财,投资理财收入,790,词库
R0604,收入,摘要或备注,包含,银转证,,,投资类,投资理财,投资理财收入,790,词库
R0605,收入,摘要或备注,包含,约定转存,,,投资类,投资理财,投资理财收入,790,词库
R0606,收入,摘要或备注,包含,转开定期,,,投资类,投资理财,投资理财收入,790,词库
R0607,收入,摘要或备注,包含,入股,,,投资类,投资理财,投资理财收入,790,词库
R0608,收入,摘要或备注,包含,股票,,,投资类,投资理财,投资理财收入,790,词库
R0609,收入,摘要或备注,包含,持股缴款,,,投资类,投资理财,投资理财收入,790,词库
R0610,收入,摘要或备注,包含,股计划,,,投资类,投资理财,投资理财收入,790,词库
R0611,收入,摘要或备注,包含,股权,,,投资类,投资理财,投资理财收入,790,词库
R0612,收入,摘要或备注,包含,股权回购,,,投资类,投资理财,投资理财收入,790,词库
R0613,收入,摘要或备注,包含,股权缴款,,,投资类,投资理财,投资理财收入,790,词库
R0614,收入,摘要或备注,包含,股权激励,,,投资类,投资理财,投资理财收入,790,词库
R0615,收入,摘要或备注,包含,股权收购,,,投资类,投资理财,投资理财收入,790,词库
R0616,收入,摘要或备注,包含,股权转让,,,投资类,投资理财,投资理财收入,790,词库
R0617,收入,摘要或备注,包含,投资收益,,,投资类,投资理财,投资理财收入,790,词库
R0618,收入,摘要或备注,包含,股东返利,,,投资类,投资理财,投资理财收入,790,词库
R0619,收入,摘要或备注,包含,分红,,,投资类,投资理财,投资理财收入,790,词库
R0620,收入,摘要或备注,包含,大额存单认购,,,投资类,投资理财,投资理财收入,790,词库
R0621,收入,摘要或备注,包含,大额存单兑付,,,投资类,投资理财,投资理财收入,790,词库
R0622,收入,摘要或备注,包含,产品购买,,,投资类,投资理财,投资理财收入,790,词库
R0623,收入,摘要或备注,包含,产品赎回,,,投资类,投资理财,投资理财收入,790,词库
R0624,收入,摘要或备注,包含,产品到期,,,投资类,投资理财,投资理财收入,790,词库
R0625,收入,摘要或备注,包含,产品收益,,,投资类,投资理财,投资理财收入,790,词库
R0626,收入,摘要或备注,包含,产品到期兑付,,,投资类,投资理财,投资理财收入,790,词库
R0627,收入,摘要或备注,包含,定投,,,投资类,投资理财,投资理财收入,790,词库
R0628,收入,摘要或备注,包含,红利,,,投资类,投资理财,投资理财收入,790,词库
R0629,收入,摘要或备注,包含,股息,,,投资类,投资理财,投资理财收入,790,词库
R0630,收入,摘要或备注,包含,期权,,,投资类,投资理财,投资理财收入,790,词库
R0631,收入,摘要或备注,包含,本息,,,投资类,投资理财,投资理财收入,790,词库
R0632,收入,摘要或备注,包含,本金,,,投资类,投资理财,投资理财收入,790,词库
R0633,收入,摘要或备注,包含,利息,,,投资类,投资理财,投资理财收入,790,词库
R0634,收入,摘要或备注,包含,付息,,,投资类,投资理财,投资理财收入,790,词库
R0635,收入,摘要或备注,包含,还本,,,投资类,投资理财,投资理财收入,790,词库
R0636,收入,摘要或备注,包含,还息,,,投资类,投资理财,投资理财收入,790,词库
R0637,收入,摘要或备注,包含,还贷,,,投资类,投资理财,投资理财收入,790,词库
R0638,收入,摘要或备注,包含,欠息,,,投资类,投资理财,投资理财收入,790,词库
R0639,收入,摘要或备注,包含,股本,,,投资类,投资理财,投资理财收入,790,词库
R0640,支出,摘要或备注,包含,贷款还本,,,筹资类,银行借款,偿还银行借款,790,词库
R0641,支出,摘要或备注,包含,归还本金,,,筹资类,银行借款,偿还银行借款,790,词库
R0642,支出,摘要或备注,包含,归还本息,,,筹资类,银行借款,偿还银行借款,790,词库
R0643,支出,摘要或备注,包含,贷款发放,,,筹资类,银行借款,偿还银行借款,790,词库
R0644,支出,摘要或备注,包含,贷款回收,,,筹资类,银行借款,偿还银行借款,790,词库
R0645,支出,摘要或备注,包含,柜面放款,,,筹资类,银行借款,偿还银行借款,790,词库
R0646,支出,摘要或备注,包含,贷款扣款,,,筹资类,银行借款,偿还银行借款,790,词库
R0647,支出,摘要或备注,包含,贷款还款,,,筹资类,银行借款,偿还银行借款,790,词库
R0648,支出,摘要或备注,包含,贷款放款,,,筹资类,银行借款,偿还银行借款,790,词库
R0649,支出,摘要或备注,包含,微业贷,,,筹资类,银行借款,偿还银行借款,790,词库
R0650,支出,摘要或备注,包含,微粒贷,,,筹资类,银行借款,偿还银行借款,790,词库
R0651,支出,摘要或备注,包含,企业贷,,,筹资类,银行借款,偿还银行借款,790,词库
R0652,支出,摘要或备注,包含,银行贷款,,,筹资类,银行借款,偿还银行借款,790,词库
R0653,支出,摘要或备注,包含,约定还款,,,筹资类,银行借款,偿还银行借款,790,词库
R0654,支出,摘要或备注,包含,正常还款,,,筹资类,银行借款,偿还银行借款,790,词库
R0655,支出,摘要或备注,包含,自动还款,,,筹资类,银行借款,偿还银行借款,790,词库
R0656,支出,对手名称,包含,个贷系统平账专户,,,筹资类,银行借款,偿还银行借款,790,词库
R0657,支出,对手名称,包含,信贷放款,,,筹资类,银行借款,偿还银行借款,790,词库
R0658,支出,对手名称,包含,信贷还款,,,筹资类,银行借款,偿还银行借款,790,词库
R0659,支出,对手名称,包含,微业贷放款,,,筹资类,银行借款,偿还银行借款,790,词库
R0660,支出,对手名称,包含,微业贷还款,,,筹资类,银行借款,偿还银行借款,790,词库
R0661,支出,对手名称,包含,企业贷放款,,,筹资类,银行借款,偿还银行借款,790,词库
R0662,支出,对手名称,包含,企业贷还款,,,筹资类,银行借款,偿还银行借款,790,词库
R0663,支出,对手名称,包含,经营贷放款,,,筹资类,银行借款,偿还银行借款,790,词库
R0664,支出,对手名称,包含,经营贷还款,,,筹资类,银行借款,偿还银行借款,790,词库
R0665,支出,对手名称,包含,银行贷款,,,筹资类,银行借款,偿还银行借款,790,词库
R0666,支出,对手名称,包含,微粒贷,,,筹资类,银行借款,偿还银行借款,790,词库
R0667,支出,摘要或备注,包含,网银收本,,,筹资类,银行借款,偿还银行借款,790,词库
R0668,支出,摘要或备注,包含,自动收本,,,筹资类,银行借款,偿还银行借款,790,词库
R0669,支出,摘要或备注,包含,个贷还本金,,,筹资类,银行借款,偿还银行借款,790,词库
R0670,支出,摘要或备注,包含,网银还本金,,,筹资类,银行借款,偿还银行借款,790,词库
R0671,支出,摘要或备注,包含,银行借款,,,筹资类,银行借款,偿还银行借款,790,词库
R0672,支出,摘要或备注,包含,对公贷款,,,筹资类,银行借款,偿还银行借款,790,词库
R0673,支出,摘要或备注,包含,备用,,,经营类,备用金,备用金支出,780,词库
R0674,收入,银行备注,包含,现金,,,经营类,现金,现金存入,780,词库
R0675,收入,银行备注,包含,ATM,,,经营类,现金,现金存入,780,词库
R0676,收入,银行备注,包含,现存,,,经营类,现金,现金存入,780,词库
R0677,收入,银行备注,包含,存现,,,经营类,现金,现金存入,780,词库
R0678,收入,银行备注,包含,取现,,,经营类,现金,现金存入,780,词库
R0679,收入,银行备注,包含,现取,,,经营类,现金,现金存入,780,词库
R0680,收入,银行备注,包含,现支,,,经营类,现金,现金存入,780,词库
R0681,收入,对手名称,包含,卡提现,,,经营类,现金,现金存入,780,词库
R0682,收入,对手名称,包含,现金,,,经营类,现金,现金存入,780,词库
R0683,支出,摘要或备注,包含,还借款,,,筹资类,民间借贷,偿还民间借款,770,词库
R0684,支出,摘要或备注,包含,还结款,,,筹资类,民间借贷,偿还民间借款,770,词库
R0685,支出,摘要或备注,包含,还款,,,筹资类,民间借贷,偿还民间借款,770,词库
R0686,支出,摘要或备注,包含,还借支,,,筹资类,民间借贷,偿还民间借款,770,词库
R0687,收入,摘要或备注,包含,租赁,,,经营类,主营业务,租赁收入,770,词库
R0688,收入,摘要或备注,包含,房屋租赁,,,经营类,主营业务,租赁收入,770,词库
R0689,收入,摘要或备注,包含,租金,,,经营类,主营业务,租赁收入,770,词库
R0690,收入,摘要或备注,包含,房租,,,经营类,主营业务,租赁收入,770,词库
R0691,收入,摘要或备注,包含,厂租,,,经营类,主营业务,租赁收入,770,词库
R0692,收入,摘要或备注,包含,月租,,,经营类,主营业务,租赁收入,770,词库
R0693,收入,摘要或备注,包含,铺租,,,经营类,主营业务,租赁收入,770,词库
R0694,收入,摘要或备注,包含,续租,,,经营类,主营业务,租赁收入,770,词库
R0695,收入,摘要或备注,包含,租地,,,经营类,主营业务,租赁收入,770,词库
R0696,支出,摘要或备注,包含,借款,,,投资类,资金出借,资金出借,760,词库
R0697,支出,摘要或备注,包含,借支,,,投资类,资金出借,资金出借,760,词库
R0698,支出,摘要或备注,包含,股东借款,,,投资类,资金出借,资金出借,760,词库
R0699,支出,摘要或备注,包含,股东个人借款,,,投资类,资金出借,资金出借,760,词库
R0700,支出,摘要或备注,包含,股东自筹款,,,投资类,资金出借,资金出借,760,词库
R0701,收入,摘要或备注,包含,话费,,,经营类,主营业务,销售收入,760,词库
R0702,收入,摘要或备注,包含,通讯费,,,经营类,主营业务,销售收入,760,词库
R0703,收入,摘要或备注,包含,体检费,,,经营类,主营业务,销售收入,760,词库
R0704,收入,摘要或备注,包含,餐费,,,经营类,主营业务,销售收入,760,词库
R0705,收入,摘要或备注,包含,机票,,,经营类,主营业务,销售收入,760,词库
R0706,收入,摘要或备注,包含,工服,,,经营类,主营业务,销售收入,760,词库
R0707,收入,摘要或备注,包含,用餐,,,经营类,主营业务,销售收入,760,词库
R0708,收入,摘要或备注,包含,工餐,,,经营类,主营业务,销售收入,760,词库
R0709,收入,摘要或备注,包含,餐饮,,,经营类,主营业务,销售收入,760,词库
R0710,收入,摘要或备注,包含,旅行,,,经营类,主营业务,销售收入,760,词库
R0711,收入,摘要或备注,包含,交通费,,,经营类,主营业务,销售收入,760,词库
R0712,收入,摘要或备注,包含,招待费,,,经营类,主营业务,销售收入,760,词库
R0713,收入,摘要或备注,包含,会务费,,,经营类,主营业务,销售收入,760,词库
R0714,收入,摘要或备注,包含,住宿,,,经营类,主营业务,销售收入,760,词库
R0715,收入,摘要或备注,包含,火车票,,,经营类,主营业务,销售收入,760,词库
R0716,收入,摘要或备注,包含,水费,,,经营类,主营业务,销售收入,760,词库
R0717,收入,摘要或备注,包含,电费,,,经营类,主营业务,销售收入,760,词库
R0718,收入,摘要或备注,包含,排水,,,经营类,主营业务,销售收入,760,词库
R0719,收入,摘要或备注,包含,洗水,,,经营类,主营业务,销售收入,760,词库
R0720,收入,摘要或备注,包含,充电,,,经营类,主营业务,销售收入,760,词库
R0721,收入,摘要或备注,包含,水电,,,经营类,主营业务,销售收入,760,词库
R0722,收入,摘要或备注,包含,燃气费,,,经营类,主营业务,销售收入,760,词库
R0723,收入,摘要或备注,包含,煤气费,,,经营类,主营业务,销售收入,760,词库
R0724,收入,摘要或备注,包含,垃圾,,,经营类,主营业务,销售收入,760,词库
R0725,收入,摘要或备注,包含,废物,,,经营类,主营业务,销售收入,760,词库
R0726,收入,摘要或备注,包含,污水,,,经营类,主营业务,销售收入,760,词库
R0727,收入,摘要或备注,包含,排污,,,经营类,主营业务,销售收入,760,词库
R0728,收入,摘要或备注,包含,消杀,,,经营类,主营业务,销售收入,760,词库
R0729,收入,摘要或备注,包含,自来水,,,经营类,主营业务,销售收入,760,词库
R0730,收入,摘要或备注,包含,水表款,,,经营类,主营业务,销售收入,760,词库
R0731,收入,摘要或备注,包含,保洁,,,经营类,主营业务,销售收入,760,词库
R0732,收入,摘要或备注,包含,清洁,,,经营类,主营业务,销售收入,760,词库
R0733,收入,对手名称,包含,融资租赁,,,经营类,主营业务,销售收入,760,词库
R0734,收入,对手名称,包含,金融租赁,,,经营类,主营业务,销售收入,760,词库
R0735,收入,对手名称,包含,国际租赁,,,经营类,主营业务,销售收入,760,词库
R0736,收入,摘要或备注,包含,楼租,,,经营类,主营业务,销售收入,760,词库
R0737,收入,摘要或备注,包含,租花费,,,经营类,主营业务,销售收入,760,词库
R0738,收入,摘要或备注,包含,租契,,,经营类,主营业务,销售收入,760,词库
R0739,收入,摘要或备注,包含,物业,,,经营类,主营业务,销售收入,760,词库
R0740,收入,摘要或备注,包含,物管,,,经营类,主营业务,销售收入,760,词库
R0741,收入,摘要或备注,包含,银信,,,经营类,主营业务,销售收入,760,词库
R0742,收入,摘要或备注,包含,快递,,,经营类,主营业务,销售收入,760,词库
R0743,收入,摘要或备注,包含,名片费,,,经营类,主营业务,销售收入,760,词库
R0744,收入,摘要或备注,包含,税审费,,,经营类,主营业务,销售收入,760,词库
R0745,收入,摘要或备注,包含,推广,,,经营类,主营业务,销售收入,760,词库
R0746,收入,摘要或备注,包含,培训,,,经营类,主营业务,销售收入,760,词库
R0747,收入,摘要或备注,包含,专利,,,经营类,主营业务,销售收入,760,词库
R0748,收入,摘要或备注,包含,会费,,,经营类,主营业务,销售收入,760,词库
R0749,收入,摘要或备注,包含,年费,,,经营类,主营业务,销售收入,760,词库
R0750,收入,摘要或备注,包含,审核费,,,经营类,主营业务,销售收入,760,词库
R0751,收入,摘要或备注,包含,续费,,,经营类,主营业务,销售收入,760,词库
R0752,收入,摘要或备注,包含,文件柜,,,经营类,主营业务,销售收入,760,词库
R0753,收入,摘要或备注,包含,活杂费,,,经营类,主营业务,销售收入,760,词库
R0754,收入,摘要或备注,包含,购置费,,,经营类,主营业务,销售收入,760,词库
R0755,收入,摘要或备注,包含,调查费,,,经营类,主营业务,销售收入,760,词库
R0756,收入,摘要或备注,包含,专家费,,,经营类,主营业务,销售收入,760,词库
R0757,收入,摘要或备注,包含,参展费,,,经营类,主营业务,销售收入,760,词库
R0758,收入,摘要或备注,包含,活动用款,,,经营类,主营业务,销售收入,760,词库
R0759,收入,摘要或备注,包含,摊位费,,,经营类,主营业务,销售收入,760,词库
R0760,收入,摘要或备注,包含,笔记本,,,经营类,主营业务,销售收入,760,词库
R0761,收入,摘要或备注,包含,月租费,,,经营类,主营业务,销售收入,760,词库
R0762,收入,摘要或备注,包含,平台费,,,经营类,主营业务,销售收入,760,词库
R0763,收入,摘要或备注,包含,订舱费,,,经营类,主营业务,销售收入,760,词库
R0764,收入,摘要或备注,包含,发行费,,,经营类,主营业务,销售收入,760,词库
R0765,收入,摘要或备注,包含,市场费,,,经营类,主营业务,销售收入,760,词库
R0766,收入,摘要或备注,包含,打印,,,经营类,主营业务,销售收入,760,词库
R0767,收入,摘要或备注,包含,赞助款,,,经营类,主营业务,销售收入,760,词库
R0768,收入,摘要或备注,包含,运营费,,,经营类,主营业务,销售收入,760,词库
R0769,收入,摘要或备注,包含,活动开支,,,经营类,主营业务,销售收入,760,词库
R0770,收入,摘要或备注,包含,标书,,,经营类,主营业务,销售收入,760,词库
R0771,收入,摘要或备注,包含,化验费,,,经营类,主营业务,销售收入,760,词库
R0772,收入,摘要或备注,包含,中标费,,,经营类,主营业务,销售收入,760,词库
R0773,收入,摘要或备注,包含,配音费,,,经营类,主营业务,销售收入,760,词库
R0774,收入,摘要或备注,包含,展台费,,,经营类,主营业务,销售收入,760,词库
R0775,收入,摘要或备注,包含,渠道费,,,经营类,主营业务,销售收入,760,词库
R0776,收入,摘要或备注,包含,运杂费,,,经营类,主营业务,销售收入,760,词库
R0777,收入,摘要或备注,包含,咨训,,,经营类,主营业务,销售收入,760,词库
R0778,收入,摘要或备注,包含,冷藏费,,,经营类,主营业务,销售收入,760,词库
R0779,收入,摘要或备注,包含,年会,,,经营类,主营业务,销售收入,760,词库
R0780,收入,摘要或备注,包含,日用杂品,,,经营类,主营业务,销售收入,760,词库
R0781,收入,摘要或备注,包含,咨询,,,经营类,主营业务,销售收入,760,词库
R0782,收入,摘要或备注,包含,测试,,,经营类,主营业务,销售收入,760,词库
R0783,收入,摘要或备注,包含,橱柜,,,经营类,主营业务,销售收入,760,词库
R0784,收入,对手名称,包含,报关,,,经营类,主营业务,销售收入,760,词库
R0785,收入,摘要或备注,包含,报关,,,经营类,主营业务,销售收入,760,词库
R0786,收入,摘要或备注,包含,原料,,,经营类,主营业务,销售收入,760,词库
R0787,收入,摘要或备注,包含,购货,,,经营类,主营业务,销售收入,760,词库
R0788,收入,摘要或备注,包含,电梯,,,经营类,主营业务,销售收入,760,词库
R0789,收入,摘要或备注,包含,回佣,,,经营类,主营业务,销售收入,760,词库
R0790,收入,摘要或备注,包含,材料,,,经营类,主营业务,销售收入,760,词库
R0791,收入,摘要或备注,包含,尾款,,,经营类,主营业务,销售收入,760,词库
R0792,收入,摘要或备注,包含,PAYMENT FOR GOODS,,,经营类,主营业务,销售收入,760,词库
R0793,收入,摘要或备注,包含,余款,,,经营类,主营业务,销售收入,760,词库
R0794,收入,摘要或备注,包含,扭蛋,,,经营类,主营业务,销售收入,760,词库
R0795,收入,摘要或备注,包含,预付,,,经营类,主营业务,销售收入,760,词库
R0796,收入,摘要或备注,包含,地毯,,,经营类,主营业务,销售收入,760,词库
R0797,收入,摘要或备注,包含,配送,,,经营类,主营业务,销售收入,760,词库
R0798,收入,摘要或备注,包含,道具,,,经营类,主营业务,销售收入,760,词库
R0799,收入,摘要或备注,包含,运费,,,经营类,主营业务,销售收入,760,词库
R0800,收入,摘要或备注,包含,设备,,,经营类,主营业务,销售收入,760,词库
R0801,收入,摘要或备注,包含,电脑,,,经营类,主营业务,销售收入,760,词库
R0802,收入,摘要或备注,包含,物流,,,经营类,主营业务,销售收入,760,词库
R0803,收入,摘要或备注,包含,保养,,,经营类,主营业务,销售收入,760,词库
R0804,收入,摘要或备注,包含,招标,,,经营类,主营业务,销售收入,760,词库
R0805,收入,摘要或备注,包含,资料,,,经营类,主营业务,销售收入,760,词库
R0806,收入,摘要或备注,包含,维护,,,经营类,主营业务,销售收入,760,词库
R0807,收入,摘要或备注,包含,安装,,,经营类,主营业务,销售收入,760,词库
R0808,收入,摘要或备注,包含,审计,,,经营类,主营业务,销售收入,760,词库
R0809,收入,摘要或备注,包含,吊装,,,经营类,主营业务,销售收入,760,词库
R0810,收入,摘要或备注,包含,空调,,,经营类,主营业务,销售收入,760,词库
R0811,收入,摘要或备注,包含,装修,,,经营类,主营业务,销售收入,760,词库
R0812,收入,摘要或备注,包含,扫把,,,经营类,主营业务,销售收入,760,词库
R0813,收入,摘要或备注,包含,瓷砖,,,经营类,主营业务,销售收入,760,词库
R0814,收入,摘要或备注,包含,电缆,,,经营类,主营业务,销售收入,760,词库
R0815,收入,摘要或备注,包含,养护,,,经营类,主营业务,销售收入,760,词库
R0816,收入,摘要或备注,包含,津贴,,,经营类,主营业务,销售收入,760,词库
R0817,收入,摘要或备注,包含,工衣,,,经营类,主营业务,销售收入,760,词库
R0818,收入,摘要或备注,包含,技术,,,经营类,主营业务,销售收入,760,词库
R0819,收入,摘要或备注,包含,箱,,,经营类,主营业务,销售收入,760,词库
R0820,收入,摘要或备注,包含,食材,,,经营类,主营业务,销售收入,760,词库
R0821,收入,摘要或备注,包含,加工,,,经营类,主营业务,销售收入,760,词库
R0822,收入,摘要或备注,包含,玻璃,,,经营类,主营业务,销售收入,760,词库
R0823,收入,摘要或备注,包含,石材,,,经营类,主营业务,销售收入,760,词库
R0824,收入,摘要或备注,包含,广告,,,经营类,主营业务,销售收入,760,词库
R0825,收入,摘要或备注,包含,绿化,,,经营类,主营业务,销售收入,760,词库
R0826,收入,摘要或备注,包含,电信,,,经营类,主营业务,销售收入,760,词库
R0827,收入,摘要或备注,包含,检测,,,经营类,主营业务,销售收入,760,词库
R0828,收入,摘要或备注,包含,劳务费,,,经营类,主营业务,销售收入,760,词库
R0829,收入,摘要或备注,包含,家具,,,经营类,主营业务,销售收入,760,词库
R0830,收入,摘要或备注,包含,茶叶,,,经营类,主营业务,销售收入,760,词库
R0831,收入,摘要或备注,包含,配件,,,经营类,主营业务,销售收入,760,词库
R0832,收入,摘要或备注,包含,猪,,,经营类,主营业务,销售收入,760,词库
R0833,收入,摘要或备注,包含,项目,,,经营类,主营业务,销售收入,760,词库
R0834,收入,摘要或备注,包含,采购,,,经营类,主营业务,销售收入,760,词库
R0835,收入,摘要或备注,包含,苗木,,,经营类,主营业务,销售收入,760,词库
R0836,收入,摘要或备注,包含,轮胎,,,经营类,主营业务,销售收入,760,词库
R0837,收入,摘要或备注,包含,冲压件,,,经营类,主营业务,销售收入,760,词库
R0838,收入,摘要或备注,包含,模具,,,经营类,主营业务,销售收入,760,词库
R0839,收入,摘要或备注,包含,灯,,,经营类,主营业务,销售收入,760,词库
R0840,收入,摘要或备注,包含,锡丝,,,经营类,主营业务,销售收入,760,词库
R0841,收入,摘要或备注,包含,维修,,,经营类,主营业务,销售收入,760,词库
R0842,收入,摘要或备注,包含,货架,,,经营类,主营业务,销售收入,760,词库
R0843,收入,摘要或备注,包含,电线,,,经营类,主营业务,销售收入,760,词库
R0844,收入,摘要或备注,包含,制作,,,经营类,主营业务,销售收入,760,词库
R0845,收入,摘要或备注,包含,PAYMENT OF GOODS,,,经营类,主营业务,销售收入,760,词库
R0846,收入,摘要或备注,包含,水泵,,,经营类,主营业务,销售收入,760,词库
R0847,收入,摘要或备注,包含,设计,,,经营类,主营业务,销售收入,760,词库
R0848,收入,摘要或备注,包含,工程,,,经营类,主营业务,销售收入,760,词库
R0849,收入,摘要或备注,包含,管理,,,经营类,主营业务,销售收入,760,词库
R0850,收入,摘要或备注,包含,印刷,,,经营类,主营业务,销售收入,760,词库
R0851,收入,摘要或备注,包含,定金,,,经营类,主营业务,销售收入,760,词库
R0852,收入,摘要或备注,包含,合同,,,经营类,主营业务,销售收入,760,词库
R0853,收入,摘要或备注,包含,卫生费,,,经营类,主营业务,销售收入,760,词库
R0854,收入,摘要或备注,包含,钢材,,,经营类,主营业务,销售收入,760,词库
R0855,收入,摘要或备注,包含,锡条,,,经营类,主营业务,销售收入,760,词库
R0856,收入,摘要或备注,包含,教材,,,经营类,主营业务,销售收入,760,词库
R0857,收入,摘要或备注,包含,布料,,,经营类,主营业务,销售收入,760,词库
R0858,收入,摘要或备注,包含,运输,,,经营类,主营业务,销售收入,760,词库
R0859,收入,摘要或备注,包含,修缮,,,经营类,主营业务,销售收入,760,词库
R0860,收入,摘要或备注,包含,认证,,,经营类,主营业务,销售收入,760,词库
R0861,收入,摘要或备注,包含,刀模,,,经营类,主营业务,销售收入,760,词库
R0862,收入,摘要或备注,包含,服务,,,经营类,主营业务,销售收入,760,词库
R0863,收入,摘要或备注,包含,窗帘,,,经营类,主营业务,销售收入,760,词库
R0864,收入,摘要或备注,包含,模胚,,,经营类,主营业务,销售收入,760,词库
R0865,收入,摘要或备注,包含,修理,,,经营类,主营业务,销售收入,760,词库
R0866,收入,摘要或备注,包含,承包,,,经营类,主营业务,销售收入,760,词库
R0867,收入,摘要或备注,包含,煤气,,,经营类,主营业务,销售收入,760,词库
R0868,收入,摘要或备注,包含,订金,,,经营类,主营业务,销售收入,760,词库
R0869,收入,摘要或备注,包含,貨款,,,经营类,主营业务,销售收入,760,词库
R0870,收入,摘要或备注,包含,生活用品,,,经营类,主营业务,销售收入,760,词库
R0871,收入,摘要或备注,包含,棉花,,,经营类,主营业务,销售收入,760,词库
R0872,收入,摘要或备注,包含,销售,,,经营类,主营业务,销售收入,760,词库
R0873,收入,摘要或备注,包含,货款,,,经营类,主营业务,销售收入,760,词库
R0874,收入,摘要或备注,包含,学费,,,经营类,主营业务,销售收入,760,词库
R0875,收入,摘要或备注,包含,影像,,,经营类,主营业务,销售收入,760,词库
R0876,收入,摘要或备注,包含,烟草,,,经营类,主营业务,销售收入,760,词库
R0877,收入,摘要或备注,包含,搬运,,,经营类,主营业务,销售收入,760,词库
R0878,收入,摘要或备注,包含,备件,,,经营类,主营业务,销售收入,760,词库
R0879,收入,摘要或备注,包含,物料,,,经营类,主营业务,销售收入,760,词库
R0880,收入,摘要或备注,包含,冻干款,,,经营类,主营业务,销售收入,760,词库
R0881,收入,摘要或备注,包含,易耗品,,,经营类,主营业务,销售收入,760,词库
R0882,收入,摘要或备注,包含,卫材,,,经营类,主营业务,销售收入,760,词库
R0883,收入,摘要或备注,包含,消毒,,,经营类,主营业务,销售收入,760,词库
R0884,收入,摘要或备注,包含,轴承,,,经营类,主营业务,销售收入,760,词库
R0885,收入,摘要或备注,包含,药款,,,经营类,主营业务,销售收入,760,词库
R0886,收入,摘要或备注,包含,耗材,,,经营类,主营业务,销售收入,760,词库
R0887,收入,摘要或备注,包含,菜,,,经营类,主营业务,销售收入,760,词库
R0888,收入,摘要或备注,包含,文印,,,经营类,主营业务,销售收入,760,词库
R0889,收入,摘要或备注,包含,手套,,,经营类,主营业务,销售收入,760,词库
R0890,收入,摘要或备注,包含,布款,,,经营类,主营业务,销售收入,760,词库
R0891,收入,摘要或备注,包含,购料,,,经营类,主营业务,销售收入,760,词库
R0892,收入,摘要或备注,包含,试剂,,,经营类,主营业务,销售收入,760,词库
R0893,收入,摘要或备注,包含,骨蜡,,,经营类,主营业务,销售收入,760,词库
R0894,收入,摘要或备注,包含,食品,,,经营类,主营业务,销售收入,760,词库
R0895,收入,摘要或备注,包含,图书,,,经营类,主营业务,销售收入,760,词库
R0896,收入,摘要或备注,包含,汽配,,,经营类,主营业务,销售收入,760,词库
R0897,收入,摘要或备注,包含,袖带,,,经营类,主营业务,销售收入,760,词库
R0898,收入,摘要或备注,包含,硒鼓,,,经营类,主营业务,销售收入,760,词库
R0899,收入,摘要或备注,包含,文体,,,经营类,主营业务,销售收入,760,词库
R0900,收入,摘要或备注,包含,面罩,,,经营类,主营业务,销售收入,760,词库
R0901,收入,摘要或备注,包含,酒精,,,经营类,主营业务,销售收入,760,词库
R0902,收入,摘要或备注,包含,金属,,,经营类,主营业务,销售收入,760,词库
R0903,收入,摘要或备注,包含,马口铁,,,经营类,主营业务,销售收入,760,词库
R0904,收入,摘要或备注,包含,印铁款,,,经营类,主营业务,销售收入,760,词库
R0905,收入,摘要或备注,包含,插管,,,经营类,主营业务,销售收入,760,词库
R0906,收入,摘要或备注,包含,检验,,,经营类,主营业务,销售收入,760,词库
R0907,收入,摘要或备注,包含,包子,,,经营类,主营业务,销售收入,760,词库
R0908,收入,摘要或备注,包含,副食,,,经营类,主营业务,销售收入,760,词库
R0909,收入,摘要或备注,包含,物资,,,经营类,主营业务,销售收入,760,词库
R0910,收入,摘要或备注,包含,螺丝,,,经营类,主营业务,销售收入,760,词库
R0911,收入,摘要或备注,包含,清理,,,经营类,主营业务,销售收入,760,词库
R0912,收入,摘要或备注,包含,进货,,,经营类,主营业务,销售收入,760,词库
R0913,收入,摘要或备注,包含,插销,,,经营类,主营业务,销售收入,760,词库
R0914,收入,摘要或备注,包含,镜,,,经营类,主营业务,销售收入,760,词库
R0915,收入,摘要或备注,包含,丝印费,,,经营类,主营业务,销售收入,760,词库
R0916,收入,摘要或备注,包含,齿轮,,,经营类,主营业务,销售收入,760,词库
R0917,收入,摘要或备注,包含,五金,,,经营类,主营业务,销售收入,760,词库
R0918,收入,摘要或备注,包含,复印,,,经营类,主营业务,销售收入,760,词库
R0919,收入,摘要或备注,包含,二氧化硅,,,经营类,主营业务,销售收入,760,词库
R0920,收入,摘要或备注,包含,电极,,,经营类,主营业务,销售收入,760,词库
R0921,收入,摘要或备注,包含,搭建,,,经营类,主营业务,销售收入,760,词库
R0922,收入,摘要或备注,包含,工作服,,,经营类,主营业务,销售收入,760,词库
R0923,收入,摘要或备注,包含,处理费,,,经营类,主营业务,销售收入,760,词库
R0924,收入,摘要或备注,包含,干燥剂,,,经营类,主营业务,销售收入,760,词库
R0925,收入,摘要或备注,包含,配电,,,经营类,主营业务,销售收入,760,词库
R0926,收入,摘要或备注,包含,包装,,,经营类,主营业务,销售收入,760,词库
R0927,收入,摘要或备注,包含,螺钉,,,经营类,主营业务,销售收入,760,词库
R0928,收入,摘要或备注,包含,夹克,,,经营类,主营业务,销售收入,760,词库
R0929,收入,摘要或备注,包含,货代,,,经营类,主营业务,销售收入,760,词库
R0930,收入,摘要或备注,包含,分析费,,,经营类,主营业务,销售收入,760,词库
R0931,收入,摘要或备注,包含,肩灯费,,,经营类,主营业务,销售收入,760,词库
R0932,收入,摘要或备注,包含,顾问,,,经营类,主营业务,销售收入,760,词库
R0933,收入,摘要或备注,包含,管道,,,经营类,主营业务,销售收入,760,词库
R0934,收入,摘要或备注,包含,目录,,,经营类,主营业务,销售收入,760,词库
R0935,收入,摘要或备注,包含,恢复费,,,经营类,主营业务,销售收入,760,词库
R0936,收入,摘要或备注,包含,挂镀费,,,经营类,主营业务,销售收入,760,词库
R0937,收入,摘要或备注,包含,租费,,,经营类,主营业务,销售收入,760,词库
R0938,收入,摘要或备注,包含,工作款,,,经营类,主营业务,销售收入,760,词库
R0939,收入,摘要或备注,包含,安转费,,,经营类,主营业务,销售收入,760,词库
R0940,收入,摘要或备注,包含,礼品杯,,,经营类,主营业务,销售收入,760,词库
R0941,收入,摘要或备注,包含,纯净水,,,经营类,主营业务,销售收入,760,词库
R0942,收入,摘要或备注,包含,口罩,,,经营类,主营业务,销售收入,760,词库
R0943,收入,摘要或备注,包含,塔吊款,,,经营类,主营业务,销售收入,760,词库
R0944,收入,摘要或备注,包含,托管费,,,经营类,主营业务,销售收入,760,词库
R0945,收入,摘要或备注,包含,刻专用章,,,经营类,主营业务,销售收入,760,词库
R0946,收入,摘要或备注,包含,奖品费,,,经营类,主营业务,销售收入,760,词库
R0947,收入,摘要或备注,包含,杀虫费,,,经营类,主营业务,销售收入,760,词库
R0948,收入,摘要或备注,包含,资源费,,,经营类,主营业务,销售收入,760,词库
R0949,收入,摘要或备注,包含,开关,,,经营类,主营业务,销售收入,760,词库
R0950,收入,摘要或备注,包含,大巴,,,经营类,主营业务,销售收入,760,词库
R0951,收入,摘要或备注,包含,门窗,,,经营类,主营业务,销售收入,760,词库
R0952,收入,摘要或备注,包含,计票,,,经营类,主营业务,销售收入,760,词库
R0953,收入,摘要或备注,包含,扩项费,,,经营类,主营业务,销售收入,760,词库
R0954,收入,摘要或备注,包含,快印费,,,经营类,主营业务,销售收入,760,词库
R0955,收入,摘要或备注,包含,订购费,,,经营类,主营业务,销售收入,760,词库
R0956,收入,摘要或备注,包含,修模费,,,经营类,主营业务,销售收入,760,词库
R0957,收入,摘要或备注,包含,编程款,,,经营类,主营业务,销售收入,760,词库
R0958,收入,摘要或备注,包含,砖款,,,经营类,主营业务,销售收入,760,词库
R0959,收入,摘要或备注,包含,校报,,,经营类,主营业务,销售收入,760,词库
R0960,收入,摘要或备注,包含,花木,,,经营类,主营业务,销售收入,760,词库
R0961,收入,摘要或备注,包含,创作费,,,经营类,主营业务,销售收入,760,词库
R0962,收入,摘要或备注,包含,喷涂款,,,经营类,主营业务,销售收入,760,词库
R0963,收入,摘要或备注,包含,家电,,,经营类,主营业务,销售收入,760,词库
R0964,收入,摘要或备注,包含,初审费,,,经营类,主营业务,销售收入,760,词库
R0965,收入,摘要或备注,包含,石墨,,,经营类,主营业务,销售收入,760,词库
R0966,收入,摘要或备注,包含,铁皮柜,,,经营类,主营业务,销售收入,760,词库
R0967,收入,摘要或备注,包含,抚养费,,,经营类,主营业务,销售收入,760,词库
R0968,收入,摘要或备注,包含,科研费,,,经营类,主营业务,销售收入,760,词库
R0969,收入,摘要或备注,包含,高球费,,,经营类,主营业务,销售收入,760,词库
R0970,收入,摘要或备注,包含,礼品费,,,经营类,主营业务,销售收入,760,词库
R0971,收入,摘要或备注,包含,盒,,,经营类,主营业务,销售收入,760,词库
R0972,收入,摘要或备注,包含,节能费,,,经营类,主营业务,销售收入,760,词库
R0973,收入,摘要或备注,包含,棒材款,,,经营类,主营业务,销售收入,760,词库
R0974,收入,摘要或备注,包含,色带,,,经营类,主营业务,销售收入,760,词库
R0975,收入,摘要或备注,包含,感光鼓,,,经营类,主营业务,销售收入,760,词库
R0976,收入,摘要或备注,包含,村料款,,,经营类,主营业务,销售收入,760,词库
R0977,收入,摘要或备注,包含,制版费,,,经营类,主营业务,销售收入,760,词库
R0978,收入,摘要或备注,包含,钣金款,,,经营类,主营业务,销售收入,760,词库
R0979,收入,摘要或备注,包含,图片,,,经营类,主营业务,销售收入,760,词库
R0980,收入,摘要或备注,包含,卷膜,,,经营类,主营业务,销售收入,760,词库
R0981,收入,摘要或备注,包含,摄像款,,,经营类,主营业务,销售收入,760,词库
R0982,收入,摘要或备注,包含,会长费,,,经营类,主营业务,销售收入,760,词库
R0983,收入,摘要或备注,包含,视频费,,,经营类,主营业务,销售收入,760,词库
R0984,收入,摘要或备注,包含,注册款,,,经营类,主营业务,销售收入,760,词库
R0985,收入,摘要或备注,包含,视频监控,,,经营类,主营业务,销售收入,760,词库
R0986,收入,摘要或备注,包含,球赛费,,,经营类,主营业务,销售收入,760,词库
R0987,收入,摘要或备注,包含,墙,,,经营类,主营业务,销售收入,760,词库
R0988,收入,摘要或备注,包含,编辑费,,,经营类,主营业务,销售收入,760,词库
R0989,收入,摘要或备注,包含,账户费,,,经营类,主营业务,销售收入,760,词库
R0990,收入,摘要或备注,包含,补漏款,,,经营类,主营业务,销售收入,760,词库
R0991,收入,摘要或备注,包含,液,,,经营类,主营业务,销售收入,760,词库
R0992,收入,摘要或备注,包含,蒸汽费,,,经营类,主营业务,销售收入,760,词库
R0993,收入,摘要或备注,包含,分销费,,,经营类,主营业务,销售收入,760,词库
R0994,收入,摘要或备注,包含,组件费,,,经营类,主营业务,销售收入,760,词库
R0995,收入,摘要或备注,包含,茅台,,,经营类,主营业务,销售收入,760,词库
R0996,收入,摘要或备注,包含,抢修费,,,经营类,主营业务,销售收入,760,词库
R0997,收入,摘要或备注,包含,转船费,,,经营类,主营业务,销售收入,760,词库
R0998,收入,摘要或备注,包含,经营款,,,经营类,主营业务,销售收入,760,词库
R0999,收入,摘要或备注,包含,瓦款,,,经营类,主营业务,销售收入,760,词库
R1000,收入,摘要或备注,包含,精品费,,,经营类,主营业务,销售收入,760,词库
R1001,收入,摘要或备注,包含,管杂费,,,经营类,主营业务,销售收入,760,词库
R1002,收入,摘要或备注,包含,压金费,,,经营类,主营业务,销售收入,760,词库
R1003,收入,摘要或备注,包含,线材,,,经营类,主营业务,销售收入,760,词库
R1004,收入,摘要或备注,包含,迷彩服,,,经营类,主营业务,销售收入,760,词库
R1005,收入,摘要或备注,包含,音响,,,经营类,主营业务,销售收入,760,词库
R1006,收入,摘要或备注,包含,租线,,,经营类,主营业务,销售收入,760,词库
R1007,收入,摘要或备注,包含,海绵,,,经营类,主营业务,销售收入,760,词库
R1008,收入,摘要或备注,包含,洗涤款,,,经营类,主营业务,销售收入,760,词库
R1009,收入,摘要或备注,包含,园林,,,经营类,主营业务,销售收入,760,词库
R1010,收入,摘要或备注,包含,设施,,,经营类,主营业务,销售收入,760,词库
R1011,收入,摘要或备注,包含,充款,,,经营类,主营业务,销售收入,760,词库
R1012,收入,摘要或备注,包含,成交款,,,经营类,主营业务,销售收入,760,词库
R1013,收入,摘要或备注,包含,保修,,,经营类,主营业务,销售收入,760,词库
R1014,收入,摘要或备注,包含,转移费,,,经营类,主营业务,销售收入,760,词库
R1015,收入,摘要或备注,包含,胶,,,经营类,主营业务,销售收入,760,词库
R1016,收入,摘要或备注,包含,饼,,,经营类,主营业务,销售收入,760,词库
R1017,收入,摘要或备注,包含,公交,,,经营类,主营业务,销售收入,760,词库
R1018,收入,摘要或备注,包含,椅,,,经营类,主营业务,销售收入,760,词库
R1019,收入,摘要或备注,包含,蓝图,,,经营类,主营业务,销售收入,760,词库
R1020,收入,摘要或备注,包含,监量费,,,经营类,主营业务,销售收入,760,词库
R1021,收入,摘要或备注,包含,实木门,,,经营类,主营业务,销售收入,760,词库
R1022,收入,摘要或备注,包含,三脚架,,,经营类,主营业务,销售收入,760,词库
R1023,收入,摘要或备注,包含,燃料,,,经营类,主营业务,销售收入,760,词库
R1024,收入,摘要或备注,包含,花款,,,经营类,主营业务,销售收入,760,词库
R1025,收入,摘要或备注,包含,门牌,,,经营类,主营业务,销售收入,760,词库
R1026,收入,摘要或备注,包含,运管费,,,经营类,主营业务,销售收入,760,词库
R1027,收入,摘要或备注,包含,甲供材,,,经营类,主营业务,销售收入,760,词库
R1028,收入,摘要或备注,包含,任险费,,,经营类,主营业务,销售收入,760,词库
R1029,收入,摘要或备注,包含,宣传款,,,经营类,主营业务,销售收入,760,词库
R1030,收入,摘要或备注,包含,返工费,,,经营类,主营业务,销售收入,760,词库
R1031,收入,摘要或备注,包含,质控费,,,经营类,主营业务,销售收入,760,词库
R1032,收入,摘要或备注,包含,井盖,,,经营类,主营业务,销售收入,760,词库
R1033,收入,摘要或备注,包含,捐赠款,,,经营类,主营业务,销售收入,760,词库
R1034,收入,摘要或备注,包含,月卡,,,经营类,主营业务,销售收入,760,词库
R1035,收入,摘要或备注,包含,回收费,,,经营类,主营业务,销售收入,760,词库
R1036,收入,摘要或备注,包含,冻品款,,,经营类,主营业务,销售收入,760,词库
R1037,收入,摘要或备注,包含,防毒面具,,,经营类,主营业务,销售收入,760,词库
R1038,收入,摘要或备注,包含,测量款,,,经营类,主营业务,销售收入,760,词库
R1039,收入,摘要或备注,包含,人革,,,经营类,主营业务,销售收入,760,词库
R1040,收入,摘要或备注,包含,鸡,,,经营类,主营业务,销售收入,760,词库
R1041,收入,摘要或备注,包含,水桶费,,,经营类,主营业务,销售收入,760,词库
R1042,收入,摘要或备注,包含,糖款,,,经营类,主营业务,销售收入,760,词库
R1043,收入,摘要或备注,包含,道闸款项,,,经营类,主营业务,销售收入,760,词库
R1044,收入,摘要或备注,包含,罐租,,,经营类,主营业务,销售收入,760,词库
R1045,收入,摘要或备注,包含,签单费,,,经营类,主营业务,销售收入,760,词库
R1046,收入,摘要或备注,包含,疫苗费,,,经营类,主营业务,销售收入,760,词库
R1047,收入,摘要或备注,包含,出图费,,,经营类,主营业务,销售收入,760,词库
R1048,收入,摘要或备注,包含,装电,,,经营类,主营业务,销售收入,760,词库
R1049,收入,摘要或备注,包含,大门,,,经营类,主营业务,销售收入,760,词库
R1050,收入,摘要或备注,包含,服装,,,经营类,主营业务,销售收入,760,词库
R1051,收入,摘要或备注,包含,测绘仪,,,经营类,主营业务,销售收入,760,词库
R1052,收入,摘要或备注,包含,书本费,,,经营类,主营业务,销售收入,760,词库
R1053,收入,摘要或备注,包含,过网费,,,经营类,主营业务,销售收入,760,词库
R1054,收入,摘要或备注,包含,装饰款,,,经营类,主营业务,销售收入,760,词库
R1055,收入,摘要或备注,包含,塔吊,,,经营类,主营业务,销售收入,760,词库
R1056,收入,摘要或备注,包含,色粉,,,经营类,主营业务,销售收入,760,词库
R1057,收入,摘要或备注,包含,铸铁,,,经营类,主营业务,销售收入,760,词库
R1058,收入,摘要或备注,包含,砖渣款,,,经营类,主营业务,销售收入,760,词库
R1059,收入,摘要或备注,包含,派谴费,,,经营类,主营业务,销售收入,760,词库
R1060,收入,摘要或备注,包含,床,,,经营类,主营业务,销售收入,760,词库
R1061,收入,摘要或备注,包含,碎石,,,经营类,主营业务,销售收入,760,词库
R1062,收入,摘要或备注,包含,送样费,,,经营类,主营业务,销售收入,760,词库
R1063,收入,摘要或备注,包含,废物款,,,经营类,主营业务,销售收入,760,词库
R1064,收入,摘要或备注,包含,打样款,,,经营类,主营业务,销售收入,760,词库
R1065,收入,摘要或备注,包含,布袋款,,,经营类,主营业务,销售收入,760,词库
R1066,收入,摘要或备注,包含,营收款,,,经营类,主营业务,销售收入,760,词库
R1067,收入,摘要或备注,包含,作业费,,,经营类,主营业务,销售收入,760,词库
R1068,收入,摘要或备注,包含,焊接,,,经营类,主营业务,销售收入,760,词库
R1069,收入,摘要或备注,包含,粉款,,,经营类,主营业务,销售收入,760,词库
R1070,收入,摘要或备注,包含,通柜费,,,经营类,主营业务,销售收入,760,词库
R1071,收入,摘要或备注,包含,业务款,,,经营类,主营业务,销售收入,760,词库
R1072,收入,摘要或备注,包含,公示费,,,经营类,主营业务,销售收入,760,词库
R1073,收入,摘要或备注,包含,漆包线,,,经营类,主营业务,销售收入,760,词库
R1074,收入,摘要或备注,包含,蒸气费,,,经营类,主营业务,销售收入,760,词库
R1075,收入,摘要或备注,包含,回购费,,,经营类,主营业务,销售收入,760,词库
R1076,收入,摘要或备注,包含,卡款,,,经营类,主营业务,销售收入,760,词库
R1077,收入,摘要或备注,包含,鱼,,,经营类,主营业务,销售收入,760,词库
R1078,收入,摘要或备注,包含,汽修,,,经营类,主营业务,销售收入,760,词库
R1079,收入,摘要或备注,包含,报检费,,,经营类,主营业务,销售收入,760,词库
R1080,收入,摘要或备注,包含,辅导费,,,经营类,主营业务,销售收入,760,词库
R1081,收入,摘要或备注,包含,气体,,,经营类,主营业务,销售收入,760,词库
R1082,收入,摘要或备注,包含,审记费,,,经营类,主营业务,销售收入,760,词库
R1083,收入,摘要或备注,包含,拓展费,,,经营类,主营业务,销售收入,760,词库
R1084,收入,摘要或备注,包含,租借,,,经营类,主营业务,销售收入,760,词库
R1085,收入,摘要或备注,包含,课程,,,经营类,主营业务,销售收入,760,词库
R1086,收入,摘要或备注,包含,漆款,,,经营类,主营业务,销售收入,760,词库
R1087,收入,摘要或备注,包含,年检费,,,经营类,主营业务,销售收入,760,词库
R1088,收入,摘要或备注,包含,真皮,,,经营类,主营业务,销售收入,760,词库
R1089,收入,摘要或备注,包含,大理石,,,经营类,主营业务,销售收入,760,词库
R1090,收入,摘要或备注,包含,扶梯,,,经营类,主营业务,销售收入,760,词库
R1091,收入,摘要或备注,包含,模型款,,,经营类,主营业务,销售收入,760,词库
R1092,收入,摘要或备注,包含,插座,,,经营类,主营业务,销售收入,760,词库
R1093,收入,摘要或备注,包含,植物花卉,,,经营类,主营业务,销售收入,760,词库
R1094,收入,摘要或备注,包含,货柜,,,经营类,主营业务,销售收入,760,词库
R1095,收入,摘要或备注,包含,分包款,,,经营类,主营业务,销售收入,760,词库
R1096,收入,摘要或备注,包含,办证款,,,经营类,主营业务,销售收入,760,词库
R1097,收入,摘要或备注,包含,镀锌,,,经营类,主营业务,销售收入,760,词库
R1098,收入,摘要或备注,包含,治疗费,,,经营类,主营业务,销售收入,760,词库
R1099,收入,摘要或备注,包含,陪护费,,,经营类,主营业务,销售收入,760,词库
R1100,收入,摘要或备注,包含,补差款,,,经营类,主营业务,销售收入,760,词库
R1101,收入,摘要或备注,包含,冷冻品款,,,经营类,主营业务,销售收入,760,词库
R1102,收入,摘要或备注,包含,提单费,,,经营类,主营业务,销售收入,760,词库
R1103,收入,摘要或备注,包含,防盗网,,,经营类,主营业务,销售收入,760,词库
R1104,收入,摘要或备注,包含,爬架款,,,经营类,主营业务,销售收入,760,词库
R1105,收入,摘要或备注,包含,接头,,,经营类,主营业务,销售收入,760,词库
R1106,收入,摘要或备注,包含,计算费,,,经营类,主营业务,销售收入,760,词库
R1107,收入,摘要或备注,包含,保温杯,,,经营类,主营业务,销售收入,760,词库
R1108,收入,摘要或备注,包含,货到款,,,经营类,主营业务,销售收入,760,词库
R1109,收入,摘要或备注,包含,保全费,,,经营类,主营业务,销售收入,760,词库
R1110,收入,摘要或备注,包含,勘察费,,,经营类,主营业务,销售收入,760,词库
R1111,收入,摘要或备注,包含,防护棚,,,经营类,主营业务,销售收入,760,词库
R1112,收入,摘要或备注,包含,营业款,,,经营类,主营业务,销售收入,760,词库
R1113,收入,摘要或备注,包含,试卷费,,,经营类,主营业务,销售收入,760,词库
R1114,收入,摘要或备注,包含,整理费,,,经营类,主营业务,销售收入,760,词库
R1115,收入,摘要或备注,包含,电池,,,经营类,主营业务,销售收入,760,词库
R1116,收入,摘要或备注,包含,硒豉费,,,经营类,主营业务,销售收入,760,词库
R1117,收入,摘要或备注,包含,进站费,,,经营类,主营业务,销售收入,760,词库
R1118,收入,摘要或备注,包含,取证费,,,经营类,主营业务,销售收入,760,词库
R1119,收入,摘要或备注,包含,清洗费,,,经营类,主营业务,销售收入,760,词库
R1120,收入,摘要或备注,包含,添加粉,,,经营类,主营业务,销售收入,760,词库
R1121,收入,摘要或备注,包含,绿植,,,经营类,主营业务,销售收入,760,词库
R1122,收入,摘要或备注,包含,供車款,,,经营类,主营业务,销售收入,760,词库
R1123,收入,摘要或备注,包含,布置费,,,经营类,主营业务,销售收入,760,词库
R1124,收入,摘要或备注,包含,课酬费,,,经营类,主营业务,销售收入,760,词库
R1125,收入,摘要或备注,包含,家私,,,经营类,主营业务,销售收入,760,词库
R1126,收入,摘要或备注,包含,业扩费,,,经营类,主营业务,销售收入,760,词库
R1127,收入,摘要或备注,包含,厂费,,,经营类,主营业务,销售收入,760,词库
R1128,收入,摘要或备注,包含,外壳套,,,经营类,主营业务,销售收入,760,词库
R1129,收入,摘要或备注,包含,建档费,,,经营类,主营业务,销售收入,760,词库
R1130,收入,摘要或备注,包含,疫苗,,,经营类,主营业务,销售收入,760,词库
R1131,收入,摘要或备注,包含,申报费,,,经营类,主营业务,销售收入,760,词库
R1132,收入,摘要或备注,包含,改造款,,,经营类,主营业务,销售收入,760,词库
R1133,收入,摘要或备注,包含,肉,,,经营类,主营业务,销售收入,760,词库
R1134,收入,摘要或备注,包含,灭治费,,,经营类,主营业务,销售收入,760,词库
R1135,收入,摘要或备注,包含,慰问费,,,经营类,主营业务,销售收入,760,词库
R1136,收入,摘要或备注,包含,防治费,,,经营类,主营业务,销售收入,760,词库
R1137,收入,摘要或备注,包含,翻译费,,,经营类,主营业务,销售收入,760,词库
R1138,收入,摘要或备注,包含,砖费,,,经营类,主营业务,销售收入,760,词库
R1139,收入,摘要或备注,包含,设计图,,,经营类,主营业务,销售收入,760,词库
R1140,收入,摘要或备注,包含,自营款,,,经营类,主营业务,销售收入,760,词库
R1141,收入,摘要或备注,包含,红洒,,,经营类,主营业务,销售收入,760,词库
R1142,收入,摘要或备注,包含,围档费,,,经营类,主营业务,销售收入,760,词库
R1143,收入,摘要或备注,包含,施工费,,,经营类,主营业务,销售收入,760,词库
R1144,收入,摘要或备注,包含,卷闸款,,,经营类,主营业务,销售收入,760,词库
R1145,收入,摘要或备注,包含,党费,,,经营类,主营业务,销售收入,760,词库
R1146,收入,摘要或备注,包含,门款,,,经营类,主营业务,销售收入,760,词库
R1147,收入,摘要或备注,包含,改模费,,,经营类,主营业务,销售收入,760,词库
R1148,收入,摘要或备注,包含,烟酒,,,经营类,主营业务,销售收入,760,词库
R1149,收入,摘要或备注,包含,进度款,,,经营类,主营业务,销售收入,760,词库
R1150,收入,摘要或备注,包含,购鼓款,,,经营类,主营业务,销售收入,760,词库
R1151,收入,摘要或备注,包含,海报费,,,经营类,主营业务,销售收入,760,词库
R1152,收入,摘要或备注,包含,腊肠,,,经营类,主营业务,销售收入,760,词库
R1153,收入,摘要或备注,包含,短信,,,经营类,主营业务,销售收入,760,词库
R1154,收入,摘要或备注,包含,电子费,,,经营类,主营业务,销售收入,760,词库
R1155,收入,摘要或备注,包含,船务费,,,经营类,主营业务,销售收入,760,词库
R1156,收入,摘要或备注,包含,防伪墨款,,,经营类,主营业务,销售收入,760,词库
R1157,收入,摘要或备注,包含,交流费,,,经营类,主营业务,销售收入,760,词库
R1158,收入,摘要或备注,包含,修改费,,,经营类,主营业务,销售收入,760,词库
R1159,收入,摘要或备注,包含,计量费,,,经营类,主营业务,销售收入,760,词库
R1160,收入,摘要或备注,包含,建筑款,,,经营类,主营业务,销售收入,760,词库
R1161,收入,摘要或备注,包含,风扇,,,经营类,主营业务,销售收入,760,词库
R1162,收入,摘要或备注,包含,铝压座,,,经营类,主营业务,销售收入,760,词库
R1163,收入,摘要或备注,包含,会计费,,,经营类,主营业务,销售收入,760,词库
R1164,收入,摘要或备注,包含,账务费,,,经营类,主营业务,销售收入,760,词库
R1165,收入,摘要或备注,包含,论证费,,,经营类,主营业务,销售收入,760,词库
R1166,收入,摘要或备注,包含,灭鼠款,,,经营类,主营业务,销售收入,760,词库
R1167,收入,摘要或备注,包含,食宿,,,经营类,主营业务,销售收入,760,词库
R1168,收入,摘要或备注,包含,购汽款,,,经营类,主营业务,销售收入,760,词库
R1169,收入,摘要或备注,包含,活动场地,,,经营类,主营业务,销售收入,760,词库
R1170,收入,摘要或备注,包含,查测费,,,经营类,主营业务,销售收入,760,词库
R1171,收入,摘要或备注,包含,监控款,,,经营类,主营业务,销售收入,760,词库
R1172,收入,摘要或备注,包含,通管费,,,经营类,主营业务,销售收入,760,词库
R1173,收入,摘要或备注,包含,工料,,,经营类,主营业务,销售收入,760,词库
R1174,收入,摘要或备注,包含,临迁费,,,经营类,主营业务,销售收入,760,词库
R1175,收入,摘要或备注,包含,墨水,,,经营类,主营业务,销售收入,760,词库
R1176,收入,摘要或备注,包含,硫酸,,,经营类,主营业务,销售收入,760,词库
R1177,收入,摘要或备注,包含,土方款,,,经营类,主营业务,销售收入,760,词库
R1178,收入,摘要或备注,包含,签章制造,,,经营类,主营业务,销售收入,760,词库
R1179,收入,摘要或备注,包含,取证款,,,经营类,主营业务,销售收入,760,词库
R1180,收入,摘要或备注,包含,租货,,,经营类,主营业务,销售收入,760,词库
R1181,收入,摘要或备注,包含,建设费,,,经营类,主营业务,销售收入,760,词库
R1182,收入,摘要或备注,包含,钢铁,,,经营类,主营业务,销售收入,760,词库
R1183,收入,摘要或备注,包含,公寓费,,,经营类,主营业务,销售收入,760,词库
R1184,收入,摘要或备注,包含,水泥,,,经营类,主营业务,销售收入,760,词库
R1185,收入,摘要或备注,包含,软件,,,经营类,主营业务,销售收入,760,词库
R1186,收入,摘要或备注,包含,盐酸费,,,经营类,主营业务,销售收入,760,词库
R1187,收入,摘要或备注,包含,双孔台钻款,,,经营类,主营业务,销售收入,760,词库
R1188,收入,摘要或备注,包含,检定费,,,经营类,主营业务,销售收入,760,词库
R1189,收入,摘要或备注,包含,刷印,,,经营类,主营业务,销售收入,760,词库
R1190,收入,摘要或备注,包含,砂浆,,,经营类,主营业务,销售收入,760,词库
R1191,收入,摘要或备注,包含,滚镀费,,,经营类,主营业务,销售收入,760,词库
R1192,收入,摘要或备注,包含,计量款,,,经营类,主营业务,销售收入,760,词库
R1193,收入,摘要或备注,包含,维缮,,,经营类,主营业务,销售收入,760,词库
R1194,收入,摘要或备注,包含,系统费,,,经营类,主营业务,销售收入,760,词库
R1195,收入,摘要或备注,包含,手把,,,经营类,主营业务,销售收入,760,词库
R1196,收入,摘要或备注,包含,制服,,,经营类,主营业务,销售收入,760,词库
R1197,收入,摘要或备注,包含,促销费,,,经营类,主营业务,销售收入,760,词库
R1198,收入,摘要或备注,包含,膳食,,,经营类,主营业务,销售收入,760,词库
R1199,收入,摘要或备注,包含,措失费,,,经营类,主营业务,销售收入,760,词库
R1200,收入,摘要或备注,包含,农夫山泉,,,经营类,主营业务,销售收入,760,词库
R1201,收入,摘要或备注,包含,疏通费,,,经营类,主营业务,销售收入,760,词库
R1202,收入,摘要或备注,包含,房款,,,经营类,主营业务,销售收入,760,词库
R1203,收入,摘要或备注,包含,楼款,,,经营类,主营业务,销售收入,760,词库
R1204,收入,摘要或备注,包含,电水壶,,,经营类,主营业务,销售收入,760,词库
R1205,收入,摘要或备注,包含,代办费,,,经营类,主营业务,销售收入,760,词库
R1206,收入,摘要或备注,包含,方木,,,经营类,主营业务,销售收入,760,词库
R1207,收入,摘要或备注,包含,注册费,,,经营类,主营业务,销售收入,760,词库
R1208,收入,摘要或备注,包含,版面费,,,经营类,主营业务,销售收入,760,词库
R1209,收入,摘要或备注,包含,购买款,,,经营类,主营业务,销售收入,760,词库
R1210,收入,摘要或备注,包含,木材,,,经营类,主营业务,销售收入,760,词库
R1211,收入,摘要或备注,包含,铝线,,,经营类,主营业务,销售收入,760,词库
R1212,收入,摘要或备注,包含,墨粉费,,,经营类,主营业务,销售收入,760,词库
R1213,收入,摘要或备注,包含,换单费,,,经营类,主营业务,销售收入,760,词库
R1214,收入,摘要或备注,包含,入仓,,,经营类,主营业务,销售收入,760,词库
R1215,收入,摘要或备注,包含,收购费,,,经营类,主营业务,销售收入,760,词库
R1216,收入,摘要或备注,包含,宣传栏,,,经营类,主营业务,销售收入,760,词库
R1217,收入,摘要或备注,包含,付费,,,经营类,主营业务,销售收入,760,词库
R1218,收入,摘要或备注,包含,实业交费,,,经营类,主营业务,销售收入,760,词库
R1219,收入,摘要或备注,包含,安置费,,,经营类,主营业务,销售收入,760,词库
R1220,收入,摘要或备注,包含,铁料款,,,经营类,主营业务,销售收入,760,词库
R1221,收入,摘要或备注,包含,马达,,,经营类,主营业务,销售收入,760,词库
R1222,收入,摘要或备注,包含,治具费,,,经营类,主营业务,销售收入,760,词库
R1223,收入,摘要或备注,包含,水果,,,经营类,主营业务,销售收入,760,词库
R1224,收入,摘要或备注,包含,工地款,,,经营类,主营业务,销售收入,760,词库
R1225,收入,摘要或备注,包含,治疗棒,,,经营类,主营业务,销售收入,760,词库
R1226,收入,摘要或备注,包含,流量,,,经营类,主营业务,销售收入,760,词库
R1227,收入,摘要或备注,包含,电动门,,,经营类,主营业务,销售收入,760,词库
R1228,收入,摘要或备注,包含,酒水,,,经营类,主营业务,销售收入,760,词库
R1229,收入,摘要或备注,包含,然气费,,,经营类,主营业务,销售收入,760,词库
R1230,收入,摘要或备注,包含,劳鉴费,,,经营类,主营业务,销售收入,760,词库
R1231,收入,摘要或备注,包含,中转费,,,经营类,主营业务,销售收入,760,词库
R1232,收入,摘要或备注,包含,防护栏,,,经营类,主营业务,销售收入,760,词库
R1233,收入,摘要或备注,包含,地款,,,经营类,主营业务,销售收入,760,词库
R1234,收入,摘要或备注,包含,月饼,,,经营类,主营业务,销售收入,760,词库
R1235,收入,摘要或备注,包含,电镀,,,经营类,主营业务,销售收入,760,词库
R1236,收入,摘要或备注,包含,绘图,,,经营类,主营业务,销售收入,760,词库
R1237,收入,摘要或备注,包含,清洗,,,经营类,主营业务,销售收入,760,词库
R1238,收入,摘要或备注,包含,代账费,,,经营类,主营业务,销售收入,760,词库
R1239,收入,摘要或备注,包含,螺纹,,,经营类,主营业务,销售收入,760,词库
R1240,收入,摘要或备注,包含,脚垫,,,经营类,主营业务,销售收入,760,词库
R1241,收入,摘要或备注,包含,出资款,,,经营类,主营业务,销售收入,760,词库
R1242,收入,摘要或备注,包含,文件费,,,经营类,主营业务,销售收入,760,词库
R1243,收入,摘要或备注,包含,麦克风,,,经营类,主营业务,销售收入,760,词库
R1244,收入,摘要或备注,包含,饮料,,,经营类,主营业务,销售收入,760,词库
R1245,收入,摘要或备注,包含,书刊,,,经营类,主营业务,销售收入,760,词库
R1246,收入,摘要或备注,包含,教辅,,,经营类,主营业务,销售收入,760,词库
R1247,收入,摘要或备注,包含,展位,,,经营类,主营业务,销售收入,760,词库
R1248,收入,摘要或备注,包含,转让费,,,经营类,主营业务,销售收入,760,词库
R1249,收入,摘要或备注,包含,条码费,,,经营类,主营业务,销售收入,760,词库
R1250,收入,摘要或备注,包含,旅费,,,经营类,主营业务,销售收入,760,词库
R1251,收入,摘要或备注,包含,复赁款,,,经营类,主营业务,销售收入,760,词库
R1252,收入,摘要或备注,包含,胸杯款,,,经营类,主营业务,销售收入,760,词库
R1253,收入,摘要或备注,包含,入场费,,,经营类,主营业务,销售收入,760,词库
R1254,收入,摘要或备注,包含,传送皮带,,,经营类,主营业务,销售收入,760,词库
R1255,收入,摘要或备注,包含,树木,,,经营类,主营业务,销售收入,760,词库
R1256,收入,摘要或备注,包含,记账费,,,经营类,主营业务,销售收入,760,词库
R1257,收入,摘要或备注,包含,天泵费,,,经营类,主营业务,销售收入,760,词库
R1258,收入,摘要或备注,包含,羊,,,经营类,主营业务,销售收入,760,词库
R1259,收入,摘要或备注,包含,牛,,,经营类,主营业务,销售收入,760,词库
R1260,收入,摘要或备注,包含,手架,,,经营类,主营业务,销售收入,760,词库
R1261,收入,摘要或备注,包含,外包费,,,经营类,主营业务,销售收入,760,词库
R1262,收入,摘要或备注,包含,进场费,,,经营类,主营业务,销售收入,760,词库
R1263,收入,摘要或备注,包含,围挡,,,经营类,主营业务,销售收入,760,词库
R1264,收入,摘要或备注,包含,防治蚁款,,,经营类,主营业务,销售收入,760,词库
R1265,收入,摘要或备注,包含,居间费,,,经营类,主营业务,销售收入,760,词库
R1266,收入,摘要或备注,包含,乙供材,,,经营类,主营业务,销售收入,760,词库
R1267,收入,摘要或备注,包含,评级费,,,经营类,主营业务,销售收入,760,词库
R1268,收入,摘要或备注,包含,报刊,,,经营类,主营业务,销售收入,760,词库
R1269,收入,摘要或备注,包含,饼款,,,经营类,主营业务,销售收入,760,词库
R1270,收入,摘要或备注,包含,停放费,,,经营类,主营业务,销售收入,760,词库
R1271,收入,摘要或备注,包含,炸药费,,,经营类,主营业务,销售收入,760,词库
R1272,收入,摘要或备注,包含,买柜费,,,经营类,主营业务,销售收入,760,词库
R1273,收入,摘要或备注,包含,迁移款,,,经营类,主营业务,销售收入,760,词库
R1274,收入,摘要或备注,包含,台历款,,,经营类,主营业务,销售收入,760,词库
R1275,收入,摘要或备注,包含,评审费,,,经营类,主营业务,销售收入,760,词库
R1276,收入,摘要或备注,包含,报表费,,,经营类,主营业务,销售收入,760,词库
R1277,收入,摘要或备注,包含,铜料款,,,经营类,主营业务,销售收入,760,词库
R1278,收入,摘要或备注,包含,订制费,,,经营类,主营业务,销售收入,760,词库
R1279,收入,摘要或备注,包含,红酒,,,经营类,主营业务,销售收入,760,词库
R1280,收入,摘要或备注,包含,座谈会,,,经营类,主营业务,销售收入,760,词库
R1281,收入,摘要或备注,包含,宣传品,,,经营类,主营业务,销售收入,760,词库
R1282,收入,摘要或备注,包含,水款,,,经营类,主营业务,销售收入,760,词库
R1283,收入,摘要或备注,包含,邮费,,,经营类,主营业务,销售收入,760,词库
R1284,收入,摘要或备注,包含,储存卡,,,经营类,主营业务,销售收入,760,词库
R1285,收入,摘要或备注,包含,续期费,,,经营类,主营业务,销售收入,760,词库
R1286,收入,摘要或备注,包含,报告费,,,经营类,主营业务,销售收入,760,词库
R1287,收入,摘要或备注,包含,成本费,,,经营类,主营业务,销售收入,760,词库
R1288,收入,摘要或备注,包含,活动款,,,经营类,主营业务,销售收入,760,词库
R1289,收入,摘要或备注,包含,晒图费,,,经营类,主营业务,销售收入,760,词库
R1290,收入,摘要或备注,包含,通信款,,,经营类,主营业务,销售收入,760,词库
R1291,收入,摘要或备注,包含,保安费,,,经营类,主营业务,销售收入,760,词库
R1292,收入,摘要或备注,包含,刻制费,,,经营类,主营业务,销售收入,760,词库
R1293,收入,摘要或备注,包含,摄像头,,,经营类,主营业务,销售收入,760,词库
R1294,收入,摘要或备注,包含,过磅费,,,经营类,主营业务,销售收入,760,词库
R1295,收入,摘要或备注,包含,办证费,,,经营类,主营业务,销售收入,760,词库
R1296,收入,摘要或备注,包含,测绘,,,经营类,主营业务,销售收入,760,词库
R1297,收入,摘要或备注,包含,外审费,,,经营类,主营业务,销售收入,760,词库
R1298,收入,摘要或备注,包含,壁扇款,,,经营类,主营业务,销售收入,760,词库
R1299,收入,摘要或备注,包含,槽钢,,,经营类,主营业务,销售收入,760,词库
R1300,收入,摘要或备注,包含,管输费,,,经营类,主营业务,销售收入,760,词库
R1301,收入,摘要或备注,包含,物耗费,,,经营类,主营业务,销售收入,760,词库
R1302,收入,摘要或备注,包含,水桶,,,经营类,主营业务,销售收入,760,词库
R1303,收入,摘要或备注,包含,電费,,,经营类,主营业务,销售收入,760,词库
R1304,收入,摘要或备注,包含,仓储,,,经营类,主营业务,销售收入,760,词库
R1305,收入,摘要或备注,包含,气体费,,,经营类,主营业务,销售收入,760,词库
R1306,收入,摘要或备注,包含,膜款,,,经营类,主营业务,销售收入,760,词库
R1307,收入,摘要或备注,包含,报考,,,经营类,主营业务,销售收入,760,词库
R1308,收入,摘要或备注,包含,赛事承办,,,经营类,主营业务,销售收入,760,词库
R1309,收入,摘要或备注,包含,改单费,,,经营类,主营业务,销售收入,760,词库
R1310,收入,摘要或备注,包含,工本费,,,经营类,主营业务,销售收入,760,词库
R1311,收入,摘要或备注,包含,颜料,,,经营类,主营业务,销售收入,760,词库
R1312,收入,摘要或备注,包含,文具,,,经营类,主营业务,销售收入,760,词库
R1313,收入,摘要或备注,包含,托盘,,,经营类,主营业务,销售收入,760,词库
R1314,收入,摘要或备注,包含,基建款,,,经营类,主营业务,销售收入,760,词库
R1315,收入,摘要或备注,包含,版权费,,,经营类,主营业务,销售收入,760,词库
R1316,收入,摘要或备注,包含,接待费,,,经营类,主营业务,销售收入,760,词库
R1317,收入,摘要或备注,包含,演出,,,经营类,主营业务,销售收入,760,词库
R1318,收入,摘要或备注,包含,报警费,,,经营类,主营业务,销售收入,760,词库
R1319,收入,摘要或备注,包含,方案费,,,经营类,主营业务,销售收入,760,词库
R1320,收入,摘要或备注,包含,地价款,,,经营类,主营业务,销售收入,760,词库
R1321,收入,摘要或备注,包含,订购款,,,经营类,主营业务,销售收入,760,词库
R1322,收入,摘要或备注,包含,招牌费,,,经营类,主营业务,销售收入,760,词库
R1323,收入,摘要或备注,包含,回收废品,,,经营类,主营业务,销售收入,760,词库
R1324,收入,摘要或备注,包含,迁移费,,,经营类,主营业务,销售收入,760,词库
R1325,收入,摘要或备注,包含,墨粉,,,经营类,主营业务,销售收入,760,词库
R1326,收入,摘要或备注,包含,产品费,,,经营类,主营业务,销售收入,760,词库
R1327,收入,摘要或备注,包含,钢丝,,,经营类,主营业务,销售收入,760,词库
R1328,收入,摘要或备注,包含,粉沙款,,,经营类,主营业务,销售收入,760,词库
R1329,收入,摘要或备注,包含,配套费,,,经营类,主营业务,销售收入,760,词库
R1330,收入,摘要或备注,包含,刊物,,,经营类,主营业务,销售收入,760,词库
R1331,收入,摘要或备注,包含,过桥,,,经营类,主营业务,销售收入,760,词库
R1332,收入,摘要或备注,包含,营来款,,,经营类,主营业务,销售收入,760,词库
R1333,收入,摘要或备注,包含,订阅款,,,经营类,主营业务,销售收入,760,词库
R1334,收入,摘要或备注,包含,芯片,,,经营类,主营业务,销售收入,760,词库
R1335,收入,摘要或备注,包含,样本费,,,经营类,主营业务,销售收入,760,词库
R1336,收入,摘要或备注,包含,引进费,,,经营类,主营业务,销售收入,760,词库
R1337,收入,摘要或备注,包含,工卡,,,经营类,主营业务,销售收入,760,词库
R1338,收入,摘要或备注,包含,篮球架,,,经营类,主营业务,销售收入,760,词库
R1339,收入,摘要或备注,包含,硬件,,,经营类,主营业务,销售收入,760,词库
R1340,收入,摘要或备注,包含,灭害,,,经营类,主营业务,销售收入,760,词库
R1341,收入,摘要或备注,包含,饭卡,,,经营类,主营业务,销售收入,760,词库
R1342,收入,摘要或备注,包含,吊卸费,,,经营类,主营业务,销售收入,760,词库
R1343,收入,摘要或备注,包含,储物柜,,,经营类,主营业务,销售收入,760,词库
R1344,收入,摘要或备注,包含,室内设计,,,经营类,主营业务,销售收入,760,词库
R1345,收入,摘要或备注,包含,气款,,,经营类,主营业务,销售收入,760,词库
R1346,收入,摘要或备注,包含,续展费,,,经营类,主营业务,销售收入,760,词库
R1347,收入,摘要或备注,包含,趸船费,,,经营类,主营业务,销售收入,760,词库
R1348,收入,摘要或备注,包含,酒席,,,经营类,主营业务,销售收入,760,词库
R1349,收入,摘要或备注,包含,捐资费,,,经营类,主营业务,销售收入,760,词库
R1350,收入,摘要或备注,包含,挂牌费,,,经营类,主营业务,销售收入,760,词库
R1351,收入,摘要或备注,包含,彩钢款,,,经营类,主营业务,销售收入,760,词库
R1352,收入,摘要或备注,包含,门诊费,,,经营类,主营业务,销售收入,760,词库
R1353,收入,摘要或备注,包含,治理费,,,经营类,主营业务,销售收入,760,词库
R1354,收入,摘要或备注,包含,网线,,,经营类,主营业务,销售收入,760,词库
R1355,收入,摘要或备注,包含,勘查,,,经营类,主营业务,销售收入,760,词库
R1356,收入,摘要或备注,包含,征信费,,,经营类,主营业务,销售收入,760,词库
R1357,收入,摘要或备注,包含,电镀费,,,经营类,主营业务,销售收入,760,词库
R1358,收入,摘要或备注,包含,租罐,,,经营类,主营业务,销售收入,760,词库
R1359,收入,摘要或备注,包含,仓租,,,经营类,主营业务,销售收入,760,词库
R1360,收入,摘要或备注,包含,端口费,,,经营类,主营业务,销售收入,760,词库
R1361,收入,摘要或备注,包含,能源,,,经营类,主营业务,销售收入,760,词库
R1362,收入,摘要或备注,包含,认购款,,,经营类,主营业务,销售收入,760,词库
R1363,收入,摘要或备注,包含,刀具,,,经营类,主营业务,销售收入,760,词库
R1364,收入,摘要或备注,包含,地磅款,,,经营类,主营业务,销售收入,760,词库
R1365,收入,摘要或备注,包含,港口费,,,经营类,主营业务,销售收入,760,词库
R1366,收入,摘要或备注,包含,闸款,,,经营类,主营业务,销售收入,760,词库
R1367,收入,摘要或备注,包含,洗涤,,,经营类,主营业务,销售收入,760,词库
R1368,收入,摘要或备注,包含,保函费,,,经营类,主营业务,销售收入,760,词库
R1369,收入,摘要或备注,包含,色带芯,,,经营类,主营业务,销售收入,760,词库
R1370,收入,摘要或备注,包含,刀片,,,经营类,主营业务,销售收入,760,词库
R1371,收入,摘要或备注,包含,定桩费,,,经营类,主营业务,销售收入,760,词库
R1372,收入,摘要或备注,包含,转递费,,,经营类,主营业务,销售收入,760,词库
R1373,收入,摘要或备注,包含,装备款,,,经营类,主营业务,销售收入,760,词库
R1374,收入,摘要或备注,包含,催化剂,,,经营类,主营业务,销售收入,760,词库
R1375,收入,摘要或备注,包含,滤网,,,经营类,主营业务,销售收入,760,词库
R1376,收入,摘要或备注,包含,粽子,,,经营类,主营业务,销售收入,760,词库
R1377,收入,摘要或备注,包含,纱款,,,经营类,主营业务,销售收入,760,词库
R1378,收入,摘要或备注,包含,线路费,,,经营类,主营业务,销售收入,760,词库
R1379,收入,摘要或备注,包含,刷牙,,,经营类,主营业务,销售收入,760,词库
R1380,收入,摘要或备注,包含,地块征收款,,,经营类,主营业务,销售收入,760,词库
R1381,收入,摘要或备注,包含,登记费,,,经营类,主营业务,销售收入,760,词库
R1382,收入,摘要或备注,包含,清洗剂,,,经营类,主营业务,销售收入,760,词库
R1383,收入,摘要或备注,包含,冰柜,,,经营类,主营业务,销售收入,760,词库
R1384,收入,摘要或备注,包含,月结款,,,经营类,主营业务,销售收入,760,词库
R1385,收入,摘要或备注,包含,场地费,,,经营类,主营业务,销售收入,760,词库
R1386,收入,摘要或备注,包含,复测费,,,经营类,主营业务,销售收入,760,词库
R1387,收入,摘要或备注,包含,料检查井款,,,经营类,主营业务,销售收入,760,词库
R1388,收入,摘要或备注,包含,血款,,,经营类,主营业务,销售收入,760,词库
R1389,收入,摘要或备注,包含,提柜费,,,经营类,主营业务,销售收入,760,词库
R1390,收入,摘要或备注,包含,档案柜,,,经营类,主营业务,销售收入,760,词库
R1391,收入,摘要或备注,包含,蓄电池,,,经营类,主营业务,销售收入,760,词库
R1392,收入,摘要或备注,包含,毛料,,,经营类,主营业务,销售收入,760,词库
R1393,收入,摘要或备注,包含,药品费,,,经营类,主营业务,销售收入,760,词库
R1394,收入,摘要或备注,包含,保管费,,,经营类,主营业务,销售收入,760,词库
R1395,收入,摘要或备注,包含,医疗,,,经营类,主营业务,销售收入,760,词库
R1396,收入,摘要或备注,包含,窗户,,,经营类,主营业务,销售收入,760,词库
R1397,收入,摘要或备注,包含,参编费,,,经营类,主营业务,销售收入,760,词库
R1398,收入,摘要或备注,包含,外包款,,,经营类,主营业务,销售收入,760,词库
R1399,收入,摘要或备注,包含,制图,,,经营类,主营业务,销售收入,760,词库
R1400,收入,摘要或备注,包含,税审报告,,,经营类,主营业务,销售收入,760,词库
R1401,收入,摘要或备注,包含,延期费,,,经营类,主营业务,销售收入,760,词库
R1402,收入,摘要或备注,包含,奶茶,,,经营类,主营业务,销售收入,760,词库
R1403,收入,摘要或备注,包含,生活费,,,经营类,主营业务,销售收入,760,词库
R1404,收入,摘要或备注,包含,商检费,,,经营类,主营业务,销售收入,760,词库
R1405,收入,摘要或备注,包含,经补费,,,经营类,主营业务,销售收入,760,词库
R1406,收入,摘要或备注,包含,值班,,,经营类,主营业务,销售收入,760,词库
R1407,收入,摘要或备注,包含,辅料,,,经营类,主营业务,销售收入,760,词库
R1408,收入,摘要或备注,包含,光盘费,,,经营类,主营业务,销售收入,760,词库
R1409,收入,摘要或备注,包含,标识牌,,,经营类,主营业务,销售收入,760,词库
R1410,收入,摘要或备注,包含,厂房,,,经营类,主营业务,销售收入,760,词库
R1411,收入,摘要或备注,包含,刀带,,,经营类,主营业务,销售收入,760,词库
R1412,收入,摘要或备注,包含,篮子,,,经营类,主营业务,销售收入,760,词库
R1413,收入,摘要或备注,包含,螺栓,,,经营类,主营业务,销售收入,760,词库
R1414,收入,摘要或备注,包含,焊款,,,经营类,主营业务,销售收入,760,词库
R1415,收入,摘要或备注,包含,加邮,,,经营类,主营业务,销售收入,760,词库
R1416,收入,摘要或备注,包含,强氯剂,,,经营类,主营业务,销售收入,760,词库
R1417,收入,摘要或备注,包含,球架,,,经营类,主营业务,销售收入,760,词库
R1418,收入,摘要或备注,包含,钢筋,,,经营类,主营业务,销售收入,760,词库
R1419,收入,摘要或备注,包含,邮资费,,,经营类,主营业务,销售收入,760,词库
R1420,收入,摘要或备注,包含,资询费,,,经营类,主营业务,销售收入,760,词库
R1421,收入,摘要或备注,包含,镍款,,,经营类,主营业务,销售收入,760,词库
R1422,收入,摘要或备注,包含,防火门,,,经营类,主营业务,销售收入,760,词库
R1423,收入,摘要或备注,包含,开模费,,,经营类,主营业务,销售收入,760,词库
R1424,收入,摘要或备注,包含,罐款,,,经营类,主营业务,销售收入,760,词库
R1425,收入,摘要或备注,包含,建挡费,,,经营类,主营业务,销售收入,760,词库
R1426,收入,摘要或备注,包含,立项费,,,经营类,主营业务,销售收入,760,词库
R1427,收入,摘要或备注,包含,换锁费,,,经营类,主营业务,销售收入,760,词库
R1428,收入,摘要或备注,包含,保密柜,,,经营类,主营业务,销售收入,760,词库
R1429,收入,摘要或备注,包含,塑款,,,经营类,主营业务,销售收入,760,词库
R1430,收入,摘要或备注,包含,鹅,,,经营类,主营业务,销售收入,760,词库
R1431,收入,摘要或备注,包含,鸭,,,经营类,主营业务,销售收入,760,词库
R1432,收入,摘要或备注,包含,家禽,,,经营类,主营业务,销售收入,760,词库
R1433,收入,摘要或备注,包含,电路费,,,经营类,主营业务,销售收入,760,词库
R1434,收入,摘要或备注,包含,开办费,,,经营类,主营业务,销售收入,760,词库
R1435,收入,摘要或备注,包含,防盗门,,,经营类,主营业务,销售收入,760,词库
R1436,收入,摘要或备注,包含,路费,,,经营类,主营业务,销售收入,760,词库
R1437,收入,摘要或备注,包含,样品费,,,经营类,主营业务,销售收入,760,词库
R1438,收入,摘要或备注,包含,编制费,,,经营类,主营业务,销售收入,760,词库
R1439,收入,摘要或备注,包含,饭堂,,,经营类,主营业务,销售收入,760,词库
R1440,收入,摘要或备注,包含,架费,,,经营类,主营业务,销售收入,760,词库
R1441,收入,摘要或备注,包含,展架,,,经营类,主营业务,销售收入,760,词库
R1442,收入,摘要或备注,包含,石款,,,经营类,主营业务,销售收入,760,词库
R1443,收入,摘要或备注,包含,电镀款,,,经营类,主营业务,销售收入,760,词库
R1444,收入,摘要或备注,包含,方木款,,,经营类,主营业务,销售收入,760,词库
R1445,收入,摘要或备注,包含,操作费,,,经营类,主营业务,销售收入,760,词库
R1446,收入,摘要或备注,包含,购卡款,,,经营类,主营业务,销售收入,760,词库
R1447,收入,摘要或备注,包含,派遣费,,,经营类,主营业务,销售收入,760,词库
R1448,收入,摘要或备注,包含,桶装水,,,经营类,主营业务,销售收入,760,词库
R1449,收入,摘要或备注,包含,咖啡,,,经营类,主营业务,销售收入,760,词库
R1450,收入,摘要或备注,包含,搬家,,,经营类,主营业务,销售收入,760,词库
R1451,收入,摘要或备注,包含,水肥费,,,经营类,主营业务,销售收入,760,词库
R1452,收入,摘要或备注,包含,会议费,,,经营类,主营业务,销售收入,760,词库
R1453,收入,摘要或备注,包含,钢管,,,经营类,主营业务,销售收入,760,词库
R1454,收入,摘要或备注,包含,参赛费,,,经营类,主营业务,销售收入,760,词库
R1455,收入,摘要或备注,包含,勘测费,,,经营类,主营业务,销售收入,760,词库
R1456,收入,摘要或备注,包含,指纹锁,,,经营类,主营业务,销售收入,760,词库
R1457,收入,摘要或备注,包含,审查费,,,经营类,主营业务,销售收入,760,词库
R1458,收入,摘要或备注,包含,色粉款,,,经营类,主营业务,销售收入,760,词库
R1459,收入,摘要或备注,包含,业务章,,,经营类,主营业务,销售收入,760,词库
R1460,收入,摘要或备注,包含,账薄,,,经营类,主营业务,销售收入,760,词库
R1461,收入,摘要或备注,包含,通汛,,,经营类,主营业务,销售收入,760,词库
R1462,收入,摘要或备注,包含,报建费,,,经营类,主营业务,销售收入,760,词库
R1463,收入,摘要或备注,包含,河粉,,,经营类,主营业务,销售收入,760,词库
R1464,收入,摘要或备注,包含,管垫,,,经营类,主营业务,销售收入,760,词库
R1465,收入,摘要或备注,包含,水票款,,,经营类,主营业务,销售收入,760,词库
R1466,收入,摘要或备注,包含,颜料款,,,经营类,主营业务,销售收入,760,词库
R1467,收入,摘要或备注,包含,洁具,,,经营类,主营业务,销售收入,760,词库
R1468,收入,摘要或备注,包含,照片,,,经营类,主营业务,销售收入,760,词库
R1469,收入,摘要或备注,包含,棉被,,,经营类,主营业务,销售收入,760,词库
R1470,收入,摘要或备注,包含,维保款,,,经营类,主营业务,销售收入,760,词库
R1471,收入,摘要或备注,包含,测量,,,经营类,主营业务,销售收入,760,词库
R1472,收入,摘要或备注,包含,网费,,,经营类,主营业务,销售收入,760,词库
R1473,收入,摘要或备注,包含,键盘,,,经营类,主营业务,销售收入,760,词库
R1474,收入,摘要或备注,包含,笔费,,,经营类,主营业务,销售收入,760,词库
R1475,收入,摘要或备注,包含,书籍,,,经营类,主营业务,销售收入,760,词库
R1476,收入,摘要或备注,包含,辅料款,,,经营类,主营业务,销售收入,760,词库
R1477,收入,摘要或备注,包含,邮寄,,,经营类,主营业务,销售收入,760,词库
R1478,收入,摘要或备注,包含,运行费,,,经营类,主营业务,销售收入,760,词库
R1479,收入,摘要或备注,包含,色母款,,,经营类,主营业务,销售收入,760,词库
R1480,收入,摘要或备注,包含,计经费,,,经营类,主营业务,销售收入,760,词库
R1481,收入,摘要或备注,包含,废水,,,经营类,主营业务,销售收入,760,词库
R1482,收入,摘要或备注,包含,小麦,,,经营类,主营业务,销售收入,760,词库
R1483,收入,摘要或备注,包含,花卉费,,,经营类,主营业务,销售收入,760,词库
R1484,收入,摘要或备注,包含,加温费,,,经营类,主营业务,销售收入,760,词库
R1485,收入,摘要或备注,包含,话筒,,,经营类,主营业务,销售收入,760,词库
R1486,收入,摘要或备注,包含,安全标识款,,,经营类,主营业务,销售收入,760,词库
R1487,收入,摘要或备注,包含,调味品,,,经营类,主营业务,销售收入,760,词库
R1488,收入,摘要或备注,包含,自助餐,,,经营类,主营业务,销售收入,760,词库
R1489,收入,摘要或备注,包含,印章,,,经营类,主营业务,销售收入,760,词库
R1490,收入,摘要或备注,包含,团款,,,经营类,主营业务,销售收入,760,词库
R1491,收入,摘要或备注,包含,黄豆,,,经营类,主营业务,销售收入,760,词库
R1492,收入,摘要或备注,包含,晒图款,,,经营类,主营业务,销售收入,760,词库
R1493,收入,摘要或备注,包含,维保,,,经营类,主营业务,销售收入,760,词库
R1494,收入,摘要或备注,包含,竟标费,,,经营类,主营业务,销售收入,760,词库
R1495,收入,摘要或备注,包含,审图费,,,经营类,主营业务,销售收入,760,词库
R1496,收入,摘要或备注,包含,溶剂,,,经营类,主营业务,销售收入,760,词库
R1497,收入,摘要或备注,包含,购花款,,,经营类,主营业务,销售收入,760,词库
R1498,收入,摘要或备注,包含,比赛,,,经营类,主营业务,销售收入,760,词库
R1499,收入,摘要或备注,包含,防盗费,,,经营类,主营业务,销售收入,760,词库
R1500,收入,摘要或备注,包含,移动信号,,,经营类,主营业务,销售收入,760,词库
R1501,收入,摘要或备注,包含,瓶,,,经营类,主营业务,销售收入,760,词库
R1502,收入,摘要或备注,包含,大石款,,,经营类,主营业务,销售收入,760,词库
R1503,收入,摘要或备注,包含,安防费,,,经营类,主营业务,销售收入,760,词库
R1504,收入,摘要或备注,包含,校报费,,,经营类,主营业务,销售收入,760,词库
R1505,收入,摘要或备注,包含,参观费,,,经营类,主营业务,销售收入,760,词库
R1506,收入,摘要或备注,包含,党徽款,,,经营类,主营业务,销售收入,760,词库
R1507,收入,摘要或备注,包含,担单费,,,经营类,主营业务,销售收入,760,词库
R1508,收入,摘要或备注,包含,年度费,,,经营类,主营业务,销售收入,760,词库
R1509,收入,摘要或备注,包含,柚子,,,经营类,主营业务,销售收入,760,词库
R1510,收入,摘要或备注,包含,河沙款,,,经营类,主营业务,销售收入,760,词库
R1511,收入,摘要或备注,包含,运营商,,,经营类,主营业务,销售收入,760,词库
R1512,收入,摘要或备注,包含,拓展款,,,经营类,主营业务,销售收入,760,词库
R1513,收入,摘要或备注,包含,台牌费,,,经营类,主营业务,销售收入,760,词库
R1514,收入,摘要或备注,包含,改船费,,,经营类,主营业务,销售收入,760,词库
R1515,收入,摘要或备注,包含,测绘费,,,经营类,主营业务,销售收入,760,词库
R1516,收入,摘要或备注,包含,雨伞,,,经营类,主营业务,销售收入,760,词库
R1517,收入,摘要或备注,包含,铅锡,,,经营类,主营业务,销售收入,760,词库
R1518,收入,摘要或备注,包含,装裱款,,,经营类,主营业务,销售收入,760,词库
R1519,收入,摘要或备注,包含,人稿费,,,经营类,主营业务,销售收入,760,词库
R1520,收入,摘要或备注,包含,边角料,,,经营类,主营业务,销售收入,760,词库
R1521,收入,摘要或备注,包含,快钱款,,,经营类,主营业务,销售收入,760,词库
R1522,收入,摘要或备注,包含,测量费,,,经营类,主营业务,销售收入,760,词库
R1523,收入,摘要或备注,包含,摧介费,,,经营类,主营业务,销售收入,760,词库
R1524,收入,摘要或备注,包含,运转费,,,经营类,主营业务,销售收入,760,词库
R1525,收入,摘要或备注,包含,推介费,,,经营类,主营业务,销售收入,760,词库
R1526,收入,摘要或备注,包含,工作费,,,经营类,主营业务,销售收入,760,词库
R1527,收入,摘要或备注,包含,涂料,,,经营类,主营业务,销售收入,760,词库
R1528,收入,摘要或备注,包含,转诊费,,,经营类,主营业务,销售收入,760,词库
R1529,收入,摘要或备注,包含,饭合款,,,经营类,主营业务,销售收入,760,词库
R1530,收入,摘要或备注,包含,课程费,,,经营类,主营业务,销售收入,760,词库
R1531,收入,摘要或备注,包含,凝土,,,经营类,主营业务,销售收入,760,词库
R1532,收入,摘要或备注,包含,挂失费,,,经营类,主营业务,销售收入,760,词库
R1533,收入,摘要或备注,包含,顶管,,,经营类,主营业务,销售收入,760,词库
R1534,收入,摘要或备注,包含,扶贫款,,,经营类,主营业务,销售收入,760,词库
R1535,收入,摘要或备注,包含,供应商款,,,经营类,主营业务,销售收入,760,词库
R1536,收入,摘要或备注,包含,不锈钢,,,经营类,主营业务,销售收入,760,词库
R1537,收入,摘要或备注,包含,珠宝,,,经营类,主营业务,销售收入,760,词库
R1538,收入,摘要或备注,包含,拍照费,,,经营类,主营业务,销售收入,760,词库
R1539,收入,摘要或备注,包含,沙发,,,经营类,主营业务,销售收入,760,词库
R1540,收入,摘要或备注,包含,凉茶,,,经营类,主营业务,销售收入,760,词库
R1541,收入,摘要或备注,包含,验资款,,,经营类,主营业务,销售收入,760,词库
R1542,收入,摘要或备注,包含,防治款,,,经营类,主营业务,销售收入,760,词库
R1543,收入,摘要或备注,包含,统筹用款,,,经营类,主营业务,销售收入,760,词库
R1544,收入,摘要或备注,包含,塑料,,,经营类,主营业务,销售收入,760,词库
R1545,收入,摘要或备注,包含,岩棉款,,,经营类,主营业务,销售收入,760,词库
R1546,收入,摘要或备注,包含,补产费,,,经营类,主营业务,销售收入,760,词库
R1547,收入,摘要或备注,包含,做账费,,,经营类,主营业务,销售收入,760,词库
R1548,收入,摘要或备注,包含,进口费,,,经营类,主营业务,销售收入,760,词库
R1549,收入,摘要或备注,包含,栅栏款,,,经营类,主营业务,销售收入,760,词库
R1550,收入,摘要或备注,包含,纺织品,,,经营类,主营业务,销售收入,760,词库
R1551,收入,摘要或备注,包含,铜材,,,经营类,主营业务,销售收入,760,词库
R1552,收入,摘要或备注,包含,工服费,,,经营类,主营业务,销售收入,760,词库
R1553,收入,摘要或备注,包含,复垦费,,,经营类,主营业务,销售收入,760,词库
R1554,收入,摘要或备注,包含,堆存费,,,经营类,主营业务,销售收入,760,词库
R1555,收入,摘要或备注,包含,外架,,,经营类,主营业务,销售收入,760,词库
R1556,收入,摘要或备注,包含,展费,,,经营类,主营业务,销售收入,760,词库
R1557,收入,摘要或备注,包含,港务费,,,经营类,主营业务,销售收入,760,词库
R1558,收入,摘要或备注,包含,草坪,,,经营类,主营业务,销售收入,760,词库
R1559,收入,摘要或备注,包含,磁材,,,经营类,主营业务,销售收入,760,词库
R1560,收入,摘要或备注,包含,酒店,,,经营类,主营业务,销售收入,760,词库
R1561,收入,摘要或备注,包含,袋子,,,经营类,主营业务,销售收入,760,词库
R1562,收入,摘要或备注,包含,酒费,,,经营类,主营业务,销售收入,760,词库
R1563,收入,摘要或备注,包含,投影幕,,,经营类,主营业务,销售收入,760,词库
R1564,收入,摘要或备注,包含,路牌,,,经营类,主营业务,销售收入,760,词库
R1565,收入,摘要或备注,包含,铜片,,,经营类,主营业务,销售收入,760,词库
R1566,收入,摘要或备注,包含,订阅费,,,经营类,主营业务,销售收入,760,词库
R1567,收入,摘要或备注,包含,盘款,,,经营类,主营业务,销售收入,760,词库
R1568,收入,摘要或备注,包含,桑和款,,,经营类,主营业务,销售收入,760,词库
R1569,收入,摘要或备注,包含,演出费,,,经营类,主营业务,销售收入,760,词库
R1570,收入,摘要或备注,包含,增容费,,,经营类,主营业务,销售收入,760,词库
R1571,收入,摘要或备注,包含,订单款,,,经营类,主营业务,销售收入,760,词库
R1572,收入,摘要或备注,包含,上调款,,,经营类,主营业务,销售收入,760,词库
R1573,收入,摘要或备注,包含,箔款,,,经营类,主营业务,销售收入,760,词库
R1574,收入,摘要或备注,包含,督导费,,,经营类,主营业务,销售收入,760,词库
R1575,收入,摘要或备注,包含,沥青费,,,经营类,主营业务,销售收入,760,词库
R1576,收入,摘要或备注,包含,开发费,,,经营类,主营业务,销售收入,760,词库
R1577,收入,摘要或备注,包含,扣费,,,经营类,主营业务,销售收入,760,词库
R1578,收入,摘要或备注,包含,运营款,,,经营类,主营业务,销售收入,760,词库
R1579,收入,摘要或备注,包含,人字梯,,,经营类,主营业务,销售收入,760,词库
R1580,收入,摘要或备注,包含,会展款,,,经营类,主营业务,销售收入,760,词库
R1581,收入,摘要或备注,包含,运泥,,,经营类,主营业务,销售收入,760,词库
R1582,收入,摘要或备注,包含,消防费,,,经营类,主营业务,销售收入,760,词库
R1583,收入,摘要或备注,包含,终端费,,,经营类,主营业务,销售收入,760,词库
R1584,收入,摘要或备注,包含,产权费,,,经营类,主营业务,销售收入,760,词库
R1585,收入,摘要或备注,包含,乙烯,,,经营类,主营业务,销售收入,760,词库
R1586,收入,摘要或备注,包含,花卉,,,经营类,主营业务,销售收入,760,词库
R1587,收入,摘要或备注,包含,打单费,,,经营类,主营业务,销售收入,760,词库
R1588,收入,摘要或备注,包含,卡费,,,经营类,主营业务,销售收入,760,词库
R1589,收入,摘要或备注,包含,粉合费,,,经营类,主营业务,销售收入,760,词库
R1590,收入,摘要或备注,包含,色料款,,,经营类,主营业务,销售收入,760,词库
R1591,收入,摘要或备注,包含,摄影,,,经营类,主营业务,销售收入,760,词库
R1592,收入,摘要或备注,包含,策划费,,,经营类,主营业务,销售收入,760,词库
R1593,收入,摘要或备注,包含,医疗费,,,经营类,主营业务,销售收入,760,词库
R1594,收入,摘要或备注,包含,壁管,,,经营类,主营业务,销售收入,760,词库
R1595,收入,摘要或备注,包含,凳子,,,经营类,主营业务,销售收入,760,词库
R1596,收入,摘要或备注,包含,料料,,,经营类,主营业务,销售收入,760,词库
R1597,收入,摘要或备注,包含,促销场费,,,经营类,主营业务,销售收入,760,词库
R1598,收入,摘要或备注,包含,清表费,,,经营类,主营业务,销售收入,760,词库
R1599,收入,摘要或备注,包含,袖套,,,经营类,主营业务,销售收入,760,词库
R1600,收入,摘要或备注,包含,砂石款,,,经营类,主营业务,销售收入,760,词库
R1601,收入,摘要或备注,包含,交费,,,经营类,主营业务,销售收入,760,词库
R1602,收入,摘要或备注,包含,冠名费,,,经营类,主营业务,销售收入,760,词库
R1603,收入,摘要或备注,包含,碳粉,,,经营类,主营业务,销售收入,760,词库
R1604,收入,摘要或备注,包含,记帐费,,,经营类,主营业务,销售收入,760,词库
R1605,收入,摘要或备注,包含,歺费,,,经营类,主营业务,销售收入,760,词库
R1606,收入,摘要或备注,包含,方通款,,,经营类,主营业务,销售收入,760,词库
R1607,收入,摘要或备注,包含,停泊费,,,经营类,主营业务,销售收入,760,词库
R1608,收入,摘要或备注,包含,石砖,,,经营类,主营业务,销售收入,760,词库
R1609,收入,摘要或备注,包含,圆钢款,,,经营类,主营业务,销售收入,760,词库
R1610,收入,摘要或备注,包含,测绘款,,,经营类,主营业务,销售收入,760,词库
R1611,收入,摘要或备注,包含,测验费,,,经营类,主营业务,销售收入,760,词库
R1612,收入,摘要或备注,包含,电工,,,经营类,主营业务,销售收入,760,词库
R1613,收入,摘要或备注,包含,装订费,,,经营类,主营业务,销售收入,760,词库
R1614,收入,摘要或备注,包含,保利费,,,经营类,主营业务,销售收入,760,词库
R1615,收入,摘要或备注,包含,筹资款,,,经营类,主营业务,销售收入,760,词库
R1616,收入,摘要或备注,包含,酬劳,,,经营类,主营业务,销售收入,760,词库
R1617,收入,摘要或备注,包含,勘察款,,,经营类,主营业务,销售收入,760,词库
R1618,收入,摘要或备注,包含,蛋糕,,,经营类,主营业务,销售收入,760,词库
R1619,收入,摘要或备注,包含,润滑剂,,,经营类,主营业务,销售收入,760,词库
R1620,收入,摘要或备注,包含,铁款,,,经营类,主营业务,销售收入,760,词库
R1621,收入,摘要或备注,包含,饮水款,,,经营类,主营业务,销售收入,760,词库
R1622,收入,摘要或备注,包含,带芯费,,,经营类,主营业务,销售收入,760,词库
R1623,收入,摘要或备注,包含,气费,,,经营类,主营业务,销售收入,760,词库
R1624,收入,摘要或备注,包含,洗理费,,,经营类,主营业务,销售收入,760,词库
R1625,收入,摘要或备注,包含,联合办学,,,经营类,主营业务,销售收入,760,词库
R1626,收入,摘要或备注,包含,管线探测,,,经营类,主营业务,销售收入,760,词库
R1627,收入,摘要或备注,包含,安全帽,,,经营类,主营业务,销售收入,760,词库
R1628,收入,摘要或备注,包含,拆装费,,,经营类,主营业务,销售收入,760,词库
R1629,收入,摘要或备注,包含,房子费,,,经营类,主营业务,销售收入,760,词库
R1630,收入,摘要或备注,包含,千斤顶,,,经营类,主营业务,销售收入,760,词库
R1631,收入,摘要或备注,包含,贴画,,,经营类,主营业务,销售收入,760,词库
R1632,收入,摘要或备注,包含,广播费,,,经营类,主营业务,销售收入,760,词库
R1633,收入,摘要或备注,包含,四害费,,,经营类,主营业务,销售收入,760,词库
R1634,收入,摘要或备注,包含,美容,,,经营类,主营业务,销售收入,760,词库
R1635,收入,摘要或备注,包含,征订费,,,经营类,主营业务,销售收入,760,词库
R1636,收入,摘要或备注,包含,钢构款,,,经营类,主营业务,销售收入,760,词库
R1637,收入,摘要或备注,包含,管材款,,,经营类,主营业务,销售收入,760,词库
R1638,收入,摘要或备注,包含,签证费,,,经营类,主营业务,销售收入,760,词库
R1639,收入,摘要或备注,包含,锌锭款,,,经营类,主营业务,销售收入,760,词库
R1640,收入,摘要或备注,包含,种植,,,经营类,主营业务,销售收入,760,词库
R1641,收入,摘要或备注,包含,年审费,,,经营类,主营业务,销售收入,760,词库
R1642,收入,摘要或备注,包含,洗衣费,,,经营类,主营业务,销售收入,760,词库
R1643,收入,摘要或备注,包含,维收费,,,经营类,主营业务,销售收入,760,词库
R1644,收入,摘要或备注,包含,占用费,,,经营类,主营业务,销售收入,760,词库
R1645,收入,摘要或备注,包含,显示屏,,,经营类,主营业务,销售收入,760,词库
R1646,收入,摘要或备注,包含,翻新款,,,经营类,主营业务,销售收入,760,词库
R1647,收入,摘要或备注,包含,砼材,,,经营类,主营业务,销售收入,760,词库
R1648,收入,摘要或备注,包含,矿泉水,,,经营类,主营业务,销售收入,760,词库
R1649,收入,摘要或备注,包含,申请费,,,经营类,主营业务,销售收入,760,词库
R1650,收入,摘要或备注,包含,赞助费,,,经营类,主营业务,销售收入,760,词库
R1651,收入,摘要或备注,包含,发布费,,,经营类,主营业务,销售收入,760,词库
R1652,收入,摘要或备注,包含,灭虫费,,,经营类,主营业务,销售收入,760,词库
R1653,收入,摘要或备注,包含,存储卡,,,经营类,主营业务,销售收入,760,词库
R1654,收入,摘要或备注,包含,排插,,,经营类,主营业务,销售收入,760,词库
R1655,收入,摘要或备注,包含,补款,,,经营类,主营业务,销售收入,760,词库
R1656,收入,摘要或备注,包含,氮气,,,经营类,主营业务,销售收入,760,词库
R1657,收入,摘要或备注,包含,修剪费,,,经营类,主营业务,销售收入,760,词库
R1658,收入,摘要或备注,包含,集资款,,,经营类,主营业务,销售收入,760,词库
R1659,收入,摘要或备注,包含,压夜费,,,经营类,主营业务,销售收入,760,词库
R1660,收入,摘要或备注,包含,料款,,,经营类,主营业务,销售收入,760,词库
R1661,收入,摘要或备注,包含,带班,,,经营类,主营业务,销售收入,760,词库
R1662,收入,摘要或备注,包含,俱乐部,,,经营类,主营业务,销售收入,760,词库
R1663,收入,摘要或备注,包含,信封,,,经营类,主营业务,销售收入,760,词库
R1664,收入,摘要或备注,包含,预测费,,,经营类,主营业务,销售收入,760,词库
R1665,收入,摘要或备注,包含,宣传费,,,经营类,主营业务,销售收入,760,词库
R1666,收入,摘要或备注,包含,安全盘,,,经营类,主营业务,销售收入,760,词库
R1667,收入,摘要或备注,包含,道闸款,,,经营类,主营业务,销售收入,760,词库
R1668,收入,摘要或备注,包含,鼓粉,,,经营类,主营业务,销售收入,760,词库
R1669,收入,摘要或备注,包含,电影票,,,经营类,主营业务,销售收入,760,词库
R1670,收入,摘要或备注,包含,公正费,,,经营类,主营业务,销售收入,760,词库
R1671,收入,摘要或备注,包含,盐款,,,经营类,主营业务,销售收入,760,词库
R1672,收入,摘要或备注,包含,副本费,,,经营类,主营业务,销售收入,760,词库
R1673,收入,摘要或备注,包含,减资款,,,经营类,主营业务,销售收入,760,词库
R1674,收入,摘要或备注,包含,毛毡,,,经营类,主营业务,销售收入,760,词库
R1675,收入,摘要或备注,包含,提单款,,,经营类,主营业务,销售收入,760,词库
R1676,收入,摘要或备注,包含,调料,,,经营类,主营业务,销售收入,760,词库
R1677,收入,摘要或备注,包含,捐助款,,,经营类,主营业务,销售收入,760,词库
R1678,收入,摘要或备注,包含,卷帘,,,经营类,主营业务,销售收入,760,词库
R1679,收入,摘要或备注,包含,备房款,,,经营类,主营业务,销售收入,760,词库
R1680,收入,摘要或备注,包含,商铺款,,,经营类,主营业务,销售收入,760,词库
R1681,收入,摘要或备注,包含,铝材,,,经营类,主营业务,销售收入,760,词库
R1682,收入,摘要或备注,包含,勘查费,,,经营类,主营业务,销售收入,760,词库
R1683,收入,摘要或备注,包含,被子,,,经营类,主营业务,销售收入,760,词库
R1684,收入,摘要或备注,包含,酸钠款,,,经营类,主营业务,销售收入,760,词库
R1685,收入,摘要或备注,包含,铜钱,,,经营类,主营业务,销售收入,760,词库
R1686,收入,摘要或备注,包含,锅炉,,,经营类,主营业务,销售收入,760,词库
R1687,收入,摘要或备注,包含,送检费,,,经营类,主营业务,销售收入,760,词库
R1688,收入,摘要或备注,包含,水单,,,经营类,主营业务,销售收入,760,词库
R1689,收入,摘要或备注,包含,加检费,,,经营类,主营业务,销售收入,760,词库
R1690,收入,摘要或备注,包含,会展费,,,经营类,主营业务,销售收入,760,词库
R1691,收入,摘要或备注,包含,收派费,,,经营类,主营业务,销售收入,760,词库
R1692,收入,摘要或备注,包含,家居画款,,,经营类,主营业务,销售收入,760,词库
R1693,收入,摘要或备注,包含,接口费,,,经营类,主营业务,销售收入,760,词库
R1694,收入,摘要或备注,包含,时工费,,,经营类,主营业务,销售收入,760,词库
R1695,收入,摘要或备注,包含,货贷费,,,经营类,主营业务,销售收入,760,词库
R1696,收入,摘要或备注,包含,摄像,,,经营类,主营业务,销售收入,760,词库
R1697,收入,摘要或备注,包含,钛白粉,,,经营类,主营业务,销售收入,760,词库
R1698,收入,摘要或备注,包含,文件袋,,,经营类,主营业务,销售收入,760,词库
R1699,收入,摘要或备注,包含,训练费,,,经营类,主营业务,销售收入,760,词库
R1700,收入,摘要或备注,包含,地柜款,,,经营类,主营业务,销售收入,760,词库
R1701,收入,摘要或备注,包含,防爆膜,,,经营类,主营业务,销售收入,760,词库
R1702,收入,摘要或备注,包含,审厂费,,,经营类,主营业务,销售收入,760,词库
R1703,收入,摘要或备注,包含,链条,,,经营类,主营业务,销售收入,760,词库
R1704,收入,摘要或备注,包含,处置费,,,经营类,主营业务,销售收入,760,词库
R1705,收入,摘要或备注,包含,拍摄费,,,经营类,主营业务,销售收入,760,词库
R1706,收入,摘要或备注,包含,灭蚁费,,,经营类,主营业务,销售收入,760,词库
R1707,收入,摘要或备注,包含,光碟,,,经营类,主营业务,销售收入,760,词库
R1708,收入,摘要或备注,包含,稅审费,,,经营类,主营业务,销售收入,760,词库
R1709,收入,摘要或备注,包含,调配费,,,经营类,主营业务,销售收入,760,词库
R1710,收入,摘要或备注,包含,指标费,,,经营类,主营业务,销售收入,760,词库
R1711,收入,摘要或备注,包含,标书费,,,经营类,主营业务,销售收入,760,词库
R1712,收入,摘要或备注,包含,拖卡款,,,经营类,主营业务,销售收入,760,词库
R1713,收入,摘要或备注,包含,转关费,,,经营类,主营业务,销售收入,760,词库
R1714,收入,摘要或备注,包含,签单款,,,经营类,主营业务,销售收入,760,词库
R1715,收入,摘要或备注,包含,饲料,,,经营类,主营业务,销售收入,760,词库
R1716,收入,摘要或备注,包含,探测费,,,经营类,主营业务,销售收入,760,词库
R1717,收入,摘要或备注,包含,牌匾,,,经营类,主营业务,销售收入,760,词库
R1718,收入,摘要或备注,包含,衣架,,,经营类,主营业务,销售收入,760,词库
R1719,收入,摘要或备注,包含,冻品费,,,经营类,主营业务,销售收入,760,词库
R1720,收入,摘要或备注,包含,纺木纹漆,,,经营类,主营业务,销售收入,760,词库
R1721,收入,摘要或备注,包含,报考费,,,经营类,主营业务,销售收入,760,词库
R1722,收入,摘要或备注,包含,施工,,,经营类,主营业务,销售收入,760,词库
R1723,收入,摘要或备注,包含,白蚁费,,,经营类,主营业务,销售收入,760,词库
R1724,收入,摘要或备注,包含,酒款,,,经营类,主营业务,销售收入,760,词库
R1725,收入,摘要或备注,包含,装饰,,,经营类,主营业务,销售收入,760,词库
R1726,收入,摘要或备注,包含,增压泵款,,,经营类,主营业务,销售收入,760,词库
R1727,收入,摘要或备注,包含,桥架,,,经营类,主营业务,销售收入,760,词库
R1728,收入,摘要或备注,包含,工时费,,,经营类,主营业务,销售收入,760,词库
R1729,收入,摘要或备注,包含,广宣费,,,经营类,主营业务,销售收入,760,词库
R1730,收入,摘要或备注,包含,防蚁款,,,经营类,主营业务,销售收入,760,词库
R1731,收入,摘要或备注,包含,篮球,,,经营类,主营业务,销售收入,760,词库
R1732,收入,摘要或备注,包含,物品,,,经营类,主营业务,销售收入,760,词库
R1733,收入,摘要或备注,包含,监理费,,,经营类,主营业务,销售收入,760,词库
R1734,收入,摘要或备注,包含,钻孔,,,经营类,主营业务,销售收入,760,词库
R1735,收入,摘要或备注,包含,往款,,,经营类,主营业务,销售收入,760,词库
R1736,收入,摘要或备注,包含,会诊费,,,经营类,主营业务,销售收入,760,词库
R1737,收入,摘要或备注,包含,码头费,,,经营类,主营业务,销售收入,760,词库
R1738,收入,摘要或备注,包含,平估费,,,经营类,主营业务,销售收入,760,词库
R1739,收入,摘要或备注,包含,抽检费,,,经营类,主营业务,销售收入,760,词库
R1740,收入,摘要或备注,包含,包干费,,,经营类,主营业务,销售收入,760,词库
R1741,收入,摘要或备注,包含,铬酐款,,,经营类,主营业务,销售收入,760,词库
R1742,收入,摘要或备注,包含,安检费,,,经营类,主营业务,销售收入,760,词库
R1743,收入,摘要或备注,包含,座房款,,,经营类,主营业务,销售收入,760,词库
R1744,收入,摘要或备注,包含,零件,,,经营类,主营业务,销售收入,760,词库
R1745,收入,摘要或备注,包含,运维费,,,经营类,主营业务,销售收入,760,词库
R1746,收入,摘要或备注,包含,协作费,,,经营类,主营业务,销售收入,760,词库
R1747,收入,摘要或备注,包含,家俱,,,经营类,主营业务,销售收入,760,词库
R1748,收入,摘要或备注,包含,统筹费,,,经营类,主营业务,销售收入,760,词库
R1749,收入,摘要或备注,包含,转单费,,,经营类,主营业务,销售收入,760,词库
R1750,收入,摘要或备注,包含,然气,,,经营类,主营业务,销售收入,760,词库
R1751,收入,摘要或备注,包含,投影仪,,,经营类,主营业务,销售收入,760,词库
R1752,收入,摘要或备注,包含,饲料款,,,经营类,主营业务,销售收入,760,词库
R1753,收入,摘要或备注,包含,厨具,,,经营类,主营业务,销售收入,760,词库
R1754,收入,摘要或备注,包含,罐检费,,,经营类,主营业务,销售收入,760,词库
R1755,收入,摘要或备注,包含,书费,,,经营类,主营业务,销售收入,760,词库
R1756,收入,摘要或备注,包含,团建费,,,经营类,主营业务,销售收入,760,词库
R1757,收入,摘要或备注,包含,专持费,,,经营类,主营业务,销售收入,760,词库
R1758,收入,摘要或备注,包含,账款,,,经营类,主营业务,销售收入,760,词库
R1759,收入,摘要或备注,包含,加气款,,,经营类,主营业务,销售收入,760,词库
R1760,收入,摘要或备注,包含,团体费,,,经营类,主营业务,销售收入,760,词库
R1761,收入,摘要或备注,包含,检查费,,,经营类,主营业务,销售收入,760,词库
R1762,收入,摘要或备注,包含,建造费,,,经营类,主营业务,销售收入,760,词库
R1763,收入,摘要或备注,包含,灭蚊,,,经营类,主营业务,销售收入,760,词库
R1764,收入,摘要或备注,包含,订报款,,,经营类,主营业务,销售收入,760,词库
R1765,收入,摘要或备注,包含,月盖款,,,经营类,主营业务,销售收入,760,词库
R1766,收入,摘要或备注,包含,购置款,,,经营类,主营业务,销售收入,760,词库
R1767,收入,摘要或备注,包含,上市费,,,经营类,主营业务,销售收入,760,词库
R1768,收入,摘要或备注,包含,砂场,,,经营类,主营业务,销售收入,760,词库
R1769,收入,摘要或备注,包含,家居,,,经营类,主营业务,销售收入,760,词库
R1770,收入,摘要或备注,包含,试卷,,,经营类,主营业务,销售收入,760,词库
R1771,收入,摘要或备注,包含,硬盘,,,经营类,主营业务,销售收入,760,词库
R1772,收入,摘要或备注,包含,扣除费,,,经营类,主营业务,销售收入,760,词库
R1773,收入,摘要或备注,包含,教育费,,,经营类,主营业务,销售收入,760,词库
R1774,收入,摘要或备注,包含,废物费,,,经营类,主营业务,销售收入,760,词库
R1775,收入,摘要或备注,包含,热泵款,,,经营类,主营业务,销售收入,760,词库
R1776,收入,摘要或备注,包含,上牌费,,,经营类,主营业务,销售收入,760,词库
R1777,收入,摘要或备注,包含,插排,,,经营类,主营业务,销售收入,760,词库
R1778,收入,摘要或备注,包含,宣传条幅,,,经营类,主营业务,销售收入,760,词库
R1779,收入,摘要或备注,包含,建设款,,,经营类,主营业务,销售收入,760,词库
R1780,收入,摘要或备注,包含,糠款,,,经营类,主营业务,销售收入,760,词库
R1781,收入,摘要或备注,包含,熏蒸费,,,经营类,主营业务,销售收入,760,词库
R1782,收入,摘要或备注,包含,煎锅,,,经营类,主营业务,销售收入,760,词库
R1783,收入,摘要或备注,包含,修配费,,,经营类,主营业务,销售收入,760,词库
R1784,收入,摘要或备注,包含,网卡费,,,经营类,主营业务,销售收入,760,词库
R1785,收入,摘要或备注,包含,礼品,,,经营类,主营业务,销售收入,760,词库
R1786,收入,摘要或备注,包含,鞋,,,经营类,主营业务,销售收入,760,词库
R1787,收入,摘要或备注,包含,煤款,,,经营类,主营业务,销售收入,760,词库
R1788,收入,摘要或备注,包含,做帐费,,,经营类,主营业务,销售收入,760,词库
R1789,收入,摘要或备注,包含,事故款,,,经营类,主营业务,销售收入,760,词库
R1790,收入,摘要或备注,包含,宴席费,,,经营类,主营业务,销售收入,760,词库
R1791,收入,摘要或备注,包含,粮款,,,经营类,主营业务,销售收入,760,词库
R1792,收入,摘要或备注,包含,营销,,,经营类,主营业务,销售收入,760,词库
R1793,收入,摘要或备注,包含,购桶费,,,经营类,主营业务,销售收入,760,词库
R1794,收入,摘要或备注,包含,往來款,,,经营类,主营业务,销售收入,760,词库
R1795,收入,摘要或备注,包含,印费,,,经营类,主营业务,销售收入,760,词库
R1796,收入,摘要或备注,包含,样版费,,,经营类,主营业务,销售收入,760,词库
R1797,收入,摘要或备注,包含,遣散费,,,经营类,主营业务,销售收入,760,词库
R1798,收入,摘要或备注,包含,食杂,,,经营类,主营业务,销售收入,760,词库
R1799,收入,摘要或备注,包含,交易款,,,经营类,主营业务,销售收入,760,词库
R1800,收入,摘要或备注,包含,保修费,,,经营类,主营业务,销售收入,760,词库
R1801,收入,摘要或备注,包含,计帐费,,,经营类,主营业务,销售收入,760,词库
R1802,收入,摘要或备注,包含,荷叶款,,,经营类,主营业务,销售收入,760,词库
R1803,收入,摘要或备注,包含,协议款,,,经营类,主营业务,销售收入,760,词库
R1804,收入,摘要或备注,包含,更换费,,,经营类,主营业务,销售收入,760,词库
R1805,收入,摘要或备注,包含,烧碱,,,经营类,主营业务,销售收入,760,词库
R1806,收入,摘要或备注,包含,下道费,,,经营类,主营业务,销售收入,760,词库
R1807,收入,摘要或备注,包含,电汽费,,,经营类,主营业务,销售收入,760,词库
R1808,收入,摘要或备注,包含,使用费,,,经营类,主营业务,销售收入,760,词库
R1809,收入,摘要或备注,包含,打样费,,,经营类,主营业务,销售收入,760,词库
R1810,收入,摘要或备注,包含,输送带,,,经营类,主营业务,销售收入,760,词库
R1811,收入,摘要或备注,包含,消防款,,,经营类,主营业务,销售收入,760,词库
R1812,收入,摘要或备注,包含,色带款,,,经营类,主营业务,销售收入,760,词库
R1813,收入,摘要或备注,包含,识别费,,,经营类,主营业务,销售收入,760,词库
R1814,收入,摘要或备注,包含,洗护费,,,经营类,主营业务,销售收入,760,词库
R1815,收入,摘要或备注,包含,陶瓷,,,经营类,主营业务,销售收入,760,词库
R1816,收入,摘要或备注,包含,环卫,,,经营类,主营业务,销售收入,760,词库
R1817,收入,摘要或备注,包含,应酬费,,,经营类,主营业务,销售收入,760,词库
R1818,收入,摘要或备注,包含,见证费,,,经营类,主营业务,销售收入,760,词库
R1819,收入,摘要或备注,包含,合作费,,,经营类,主营业务,销售收入,760,词库
R1820,收入,摘要或备注,包含,索赔费,,,经营类,主营业务,销售收入,760,词库
R1821,收入,摘要或备注,包含,扫描笔,,,经营类,主营业务,销售收入,760,词库
R1822,收入,摘要或备注,包含,色带架,,,经营类,主营业务,销售收入,760,词库
R1823,收入,摘要或备注,包含,会议,,,经营类,主营业务,销售收入,760,词库
R1824,收入,摘要或备注,包含,证件照,,,经营类,主营业务,销售收入,760,词库
R1825,收入,摘要或备注,包含,天桥,,,经营类,主营业务,销售收入,760,词库
R1826,收入,摘要或备注,包含,画册,,,经营类,主营业务,销售收入,760,词库
R1827,收入,摘要或备注,包含,制件费,,,经营类,主营业务,销售收入,760,词库
R1828,收入,摘要或备注,包含,停场费,,,经营类,主营业务,销售收入,760,词库
R1829,收入,摘要或备注,包含,阀门,,,经营类,主营业务,销售收入,760,词库
R1830,收入,摘要或备注,包含,面款,,,经营类,主营业务,销售收入,760,词库
R1831,收入,摘要或备注,包含,报告,,,经营类,主营业务,销售收入,760,词库
R1832,收入,摘要或备注,包含,统购款,,,经营类,主营业务,销售收入,760,词库
R1833,收入,摘要或备注,包含,水表费,,,经营类,主营业务,销售收入,760,词库
R1834,收入,摘要或备注,包含,污泥费,,,经营类,主营业务,销售收入,760,词库
R1835,收入,摘要或备注,包含,干预费,,,经营类,主营业务,销售收入,760,词库
R1836,收入,摘要或备注,包含,实习费,,,经营类,主营业务,销售收入,760,词库
R1837,收入,摘要或备注,包含,汇编费,,,经营类,主营业务,销售收入,760,词库
R1838,收入,摘要或备注,包含,管网,,,经营类,主营业务,销售收入,760,词库
R1839,收入,摘要或备注,包含,验货费,,,经营类,主营业务,销售收入,760,词库
R1840,收入,摘要或备注,包含,考证费,,,经营类,主营业务,销售收入,760,词库
R1841,收入,摘要或备注,包含,石棉款,,,经营类,主营业务,销售收入,760,词库
R1842,收入,摘要或备注,包含,膨胀剂,,,经营类,主营业务,销售收入,760,词库
R1843,收入,摘要或备注,包含,校准费,,,经营类,主营业务,销售收入,760,词库
R1844,收入,摘要或备注,包含,书款,,,经营类,主营业务,销售收入,760,词库
R1845,收入,摘要或备注,包含,天然气,,,经营类,主营业务,销售收入,760,词库
R1846,收入,摘要或备注,包含,废铁款,,,经营类,主营业务,销售收入,760,词库
R1847,收入,摘要或备注,包含,标书款,,,经营类,主营业务,销售收入,760,词库
R1848,收入,摘要或备注,包含,維修資金,,,经营类,主营业务,销售收入,760,词库
R1849,收入,摘要或备注,包含,沥青,,,经营类,主营业务,销售收入,760,词库
R1850,收入,摘要或备注,包含,脚架,,,经营类,主营业务,销售收入,760,词库
R1851,收入,摘要或备注,包含,校验费,,,经营类,主营业务,销售收入,760,词库
R1852,收入,摘要或备注,包含,护理费,,,经营类,主营业务,销售收入,760,词库
R1853,收入,摘要或备注,包含,首饰,,,经营类,主营业务,销售收入,760,词库
R1854,收入,摘要或备注,包含,暖气费,,,经营类,主营业务,销售收入,760,词库
R1855,收入,摘要或备注,包含,豆干,,,经营类,主营业务,销售收入,760,词库
R1856,收入,摘要或备注,包含,污费,,,经营类,主营业务,销售收入,760,词库
R1857,收入,摘要或备注,包含,灭蚁款,,,经营类,主营业务,销售收入,760,词库
R1858,收入,摘要或备注,包含,煤石款,,,经营类,主营业务,销售收入,760,词库
R1859,收入,摘要或备注,包含,课费,,,经营类,主营业务,销售收入,760,词库
R1860,收入,摘要或备注,包含,塔吊费,,,经营类,主营业务,销售收入,760,词库
R1861,收入,摘要或备注,包含,付账款,,,经营类,主营业务,销售收入,760,词库
R1862,收入,摘要或备注,包含,买料,,,经营类,主营业务,销售收入,760,词库
R1863,收入,摘要或备注,包含,房费,,,经营类,主营业务,销售收入,760,词库
R1864,收入,摘要或备注,包含,厨柜,,,经营类,主营业务,销售收入,760,词库
R1865,收入,摘要或备注,包含,鉴定费,,,经营类,主营业务,销售收入,760,词库
R1866,收入,摘要或备注,包含,验资费,,,经营类,主营业务,销售收入,760,词库
R1867,收入,摘要或备注,包含,排骨面,,,经营类,主营业务,销售收入,760,词库
R1868,收入,摘要或备注,包含,塑料管,,,经营类,主营业务,销售收入,760,词库
R1869,收入,摘要或备注,包含,药费,,,经营类,主营业务,销售收入,760,词库
R1870,收入,摘要或备注,包含,帐本费,,,经营类,主营业务,销售收入,760,词库
R1871,收入,摘要或备注,包含,卫浴,,,经营类,主营业务,销售收入,760,词库
R1872,收入,摘要或备注,包含,珍珠岩,,,经营类,主营业务,销售收入,760,词库
R1873,收入,摘要或备注,包含,购锁款,,,经营类,主营业务,销售收入,760,词库
R1874,收入,摘要或备注,包含,外置声卡,,,经营类,主营业务,销售收入,760,词库
R1875,收入,摘要或备注,包含,补办费,,,经营类,主营业务,销售收入,760,词库
R1876,收入,摘要或备注,包含,冷气,,,经营类,主营业务,销售收入,760,词库
R1877,收入,摘要或备注,包含,商标费,,,经营类,主营业务,销售收入,760,词库
R1878,收入,摘要或备注,包含,围挡款,,,经营类,主营业务,销售收入,760,词库
R1879,收入,摘要或备注,包含,药品,,,经营类,主营业务,销售收入,760,词库
R1880,收入,摘要或备注,包含,厂牌,,,经营类,主营业务,销售收入,760,词库
R1881,收入,摘要或备注,包含,妇检费,,,经营类,主营业务,销售收入,760,词库
R1882,收入,摘要或备注,包含,泊位费,,,经营类,主营业务,销售收入,760,词库
R1883,收入,摘要或备注,包含,汇算费,,,经营类,主营业务,销售收入,760,词库
R1884,收入,摘要或备注,包含,幼儿园,,,经营类,主营业务,销售收入,760,词库
R1885,收入,摘要或备注,包含,米粉,,,经营类,主营业务,销售收入,760,词库
R1886,收入,摘要或备注,包含,征收款,,,经营类,主营业务,销售收入,760,词库
R1887,收入,摘要或备注,包含,钢款,,,经营类,主营业务,销售收入,760,词库
R1888,收入,摘要或备注,包含,报名费,,,经营类,主营业务,销售收入,760,词库
R1889,收入,摘要或备注,包含,使用权款,,,经营类,主营业务,销售收入,760,词库
R1890,收入,摘要或备注,包含,税审款,,,经营类,主营业务,销售收入,760,词库
R1891,收入,摘要或备注,包含,综合费,,,经营类,主营业务,销售收入,760,词库
R1892,收入,摘要或备注,包含,考试,,,经营类,主营业务,销售收入,760,词库
R1893,收入,摘要或备注,包含,测费,,,经营类,主营业务,销售收入,760,词库
R1894,收入,摘要或备注,包含,农副产品,,,经营类,主营业务,销售收入,760,词库
R1895,收入,摘要或备注,包含,安全门,,,经营类,主营业务,销售收入,760,词库
R1896,收入,摘要或备注,包含,往里款,,,经营类,主营业务,销售收入,760,词库
R1897,收入,摘要或备注,包含,放映费,,,经营类,主营业务,销售收入,760,词库
R1898,收入,摘要或备注,包含,药品款,,,经营类,主营业务,销售收入,760,词库
R1899,收入,摘要或备注,包含,缴审费,,,经营类,主营业务,销售收入,760,词库
R1900,收入,摘要或备注,包含,年花款,,,经营类,主营业务,销售收入,760,词库
R1901,收入,摘要或备注,包含,进修费,,,经营类,主营业务,销售收入,760,词库
R1902,收入,摘要或备注,包含,租场,,,经营类,主营业务,销售收入,760,词库
R1903,收入,摘要或备注,包含,公章费,,,经营类,主营业务,销售收入,760,词库
R1904,收入,摘要或备注,包含,补修款,,,经营类,主营业务,销售收入,760,词库
R1905,收入,摘要或备注,包含,螺杆费,,,经营类,主营业务,销售收入,760,词库
R1906,收入,摘要或备注,包含,水表,,,经营类,主营业务,销售收入,760,词库
R1907,收入,摘要或备注,包含,超市,,,经营类,主营业务,销售收入,760,词库
R1908,收入,摘要或备注,包含,开票费,,,经营类,主营业务,销售收入,760,词库
R1909,收入,摘要或备注,包含,期款,,,经营类,主营业务,销售收入,760,词库
R1910,收入,摘要或备注,包含,过路费,,,经营类,主营业务,销售收入,760,词库
R1911,收入,摘要或备注,包含,线图费,,,经营类,主营业务,销售收入,760,词库
R1912,收入,摘要或备注,包含,搬迁费,,,经营类,主营业务,销售收入,760,词库
R1913,收入,摘要或备注,包含,蚊香,,,经营类,主营业务,销售收入,760,词库
R1914,收入,摘要或备注,包含,预约费,,,经营类,主营业务,销售收入,760,词库
R1915,收入,摘要或备注,包含,电解铜款,,,经营类,主营业务,销售收入,760,词库
R1916,收入,摘要或备注,包含,线缆,,,经营类,主营业务,销售收入,760,词库
R1917,收入,摘要或备注,包含,交际费,,,经营类,主营业务,销售收入,760,词库
R1918,收入,摘要或备注,包含,校正费,,,经营类,主营业务,销售收入,760,词库
R1919,收入,摘要或备注,包含,识牌费,,,经营类,主营业务,销售收入,760,词库
R1920,收入,摘要或备注,包含,校服,,,经营类,主营业务,销售收入,760,词库
R1921,收入,摘要或备注,包含,协议费,,,经营类,主营业务,销售收入,760,词库
R1922,收入,摘要或备注,包含,监督费,,,经营类,主营业务,销售收入,760,词库
R1923,收入,摘要或备注,包含,雨衣,,,经营类,主营业务,销售收入,760,词库
R1924,收入,摘要或备注,包含,验收费,,,经营类,主营业务,销售收入,760,词库
R1925,收入,摘要或备注,包含,会籍费,,,经营类,主营业务,销售收入,760,词库
R1926,收入,摘要或备注,包含,事务费,,,经营类,主营业务,销售收入,760,词库
R1927,收入,摘要或备注,包含,门禁款,,,经营类,主营业务,销售收入,760,词库
R1928,收入,摘要或备注,包含,房首付成款,,,经营类,主营业务,销售收入,760,词库
R1929,收入,摘要或备注,包含,支架,,,经营类,主营业务,销售收入,760,词库
R1930,收入,摘要或备注,包含,羽毛球,,,经营类,主营业务,销售收入,760,词库
R1931,收入,摘要或备注,包含,填土款,,,经营类,主营业务,销售收入,760,词库
R1932,收入,摘要或备注,包含,检修款,,,经营类,主营业务,销售收入,760,词库
R1933,收入,摘要或备注,包含,铝合金,,,经营类,主营业务,销售收入,760,词库
R1934,收入,摘要或备注,包含,刻章费,,,经营类,主营业务,销售收入,760,词库
R1935,收入,摘要或备注,包含,的士,,,经营类,主营业务,销售收入,760,词库
R1936,收入,摘要或备注,包含,投影款,,,经营类,主营业务,销售收入,760,词库
R1937,收入,摘要或备注,包含,砂款,,,经营类,主营业务,销售收入,760,词库
R1938,收入,摘要或备注,包含,光线,,,经营类,主营业务,销售收入,760,词库
R1939,收入,摘要或备注,包含,刻章,,,经营类,主营业务,销售收入,760,词库
R1940,收入,摘要或备注,包含,初测费,,,经营类,主营业务,销售收入,760,词库
R1941,收入,摘要或备注,包含,制出费,,,经营类,主营业务,销售收入,760,词库
R1942,收入,摘要或备注,包含,试验费,,,经营类,主营业务,销售收入,760,词库
R1943,收入,摘要或备注,包含,喷锡,,,经营类,主营业务,销售收入,760,词库
R1944,收入,摘要或备注,包含,京豆费,,,经营类,主营业务,销售收入,760,词库
R1945,收入,摘要或备注,包含,电视,,,经营类,主营业务,销售收入,760,词库
R1946,收入,摘要或备注,包含,复检费,,,经营类,主营业务,销售收入,760,词库
R1947,收入,摘要或备注,包含,印票款,,,经营类,主营业务,销售收入,760,词库
R1948,收入,摘要或备注,包含,高速费,,,经营类,主营业务,销售收入,760,词库
R1949,收入,摘要或备注,包含,拆卸费,,,经营类,主营业务,销售收入,760,词库
R1950,收入,摘要或备注,包含,备料款,,,经营类,主营业务,销售收入,760,词库
R1951,收入,摘要或备注,包含,试验款,,,经营类,主营业务,销售收入,760,词库
R1952,收入,摘要或备注,包含,模型,,,经营类,主营业务,销售收入,760,词库
R1953,收入,摘要或备注,包含,格布,,,经营类,主营业务,销售收入,760,词库
R1954,收入,摘要或备注,包含,滚渡费,,,经营类,主营业务,销售收入,760,词库
R1955,收入,摘要或备注,包含,展示台款,,,经营类,主营业务,销售收入,760,词库
R1956,收入,摘要或备注,包含,铁马款,,,经营类,主营业务,销售收入,760,词库
R1957,收入,摘要或备注,包含,被单,,,经营类,主营业务,销售收入,760,词库
R1958,收入,摘要或备注,包含,转介费,,,经营类,主营业务,销售收入,760,词库
R1959,收入,摘要或备注,包含,购买费,,,经营类,主营业务,销售收入,760,词库
R1960,收入,摘要或备注,包含,材料费,,,经营类,主营业务,销售收入,760,词库
R1961,收入,摘要或备注,包含,砼款,,,经营类,主营业务,销售收入,760,词库
R1962,收入,摘要或备注,包含,花草,,,经营类,主营业务,销售收入,760,词库
R1963,收入,摘要或备注,包含,商品,,,经营类,主营业务,销售收入,760,词库
R1964,收入,摘要或备注,包含,购桶款,,,经营类,主营业务,销售收入,760,词库
R1965,收入,摘要或备注,包含,兵乓球,,,经营类,主营业务,销售收入,760,词库
R1966,收入,摘要或备注,包含,协编费,,,经营类,主营业务,销售收入,760,词库
R1967,收入,摘要或备注,包含,洗衣,,,经营类,主营业务,销售收入,760,词库
R1968,收入,摘要或备注,包含,考试费,,,经营类,主营业务,销售收入,760,词库
R1969,收入,摘要或备注,包含,租用,,,经营类,主营业务,销售收入,760,词库
R1970,收入,摘要或备注,包含,汽修费,,,经营类,主营业务,销售收入,760,词库
R1971,收入,摘要或备注,包含,节目费,,,经营类,主营业务,销售收入,760,词库
R1972,收入,摘要或备注,包含,木方款,,,经营类,主营业务,销售收入,760,词库
R1973,收入,摘要或备注,包含,查新费,,,经营类,主营业务,销售收入,760,词库
R1974,收入,摘要或备注,包含,钢架,,,经营类,主营业务,销售收入,760,词库
R1975,收入,摘要或备注,包含,展览费,,,经营类,主营业务,销售收入,760,词库
R1976,收入,摘要或备注,包含,雨披款,,,经营类,主营业务,销售收入,760,词库
R1977,收入,摘要或备注,包含,征地款,,,经营类,主营业务,销售收入,760,词库
R1978,收入,摘要或备注,包含,扫苗仪,,,经营类,主营业务,销售收入,760,词库
R1979,收入,摘要或备注,包含,换证费,,,经营类,主营业务,销售收入,760,词库
R1980,收入,摘要或备注,包含,厅杂费,,,经营类,主营业务,销售收入,760,词库
R1981,收入,摘要或备注,包含,视频拍摄,,,经营类,主营业务,销售收入,760,词库
R1982,收入,摘要或备注,包含,充气款,,,经营类,主营业务,销售收入,760,词库
R1983,收入,摘要或备注,包含,电源,,,经营类,主营业务,销售收入,760,词库
R1984,收入,摘要或备注,包含,代维费,,,经营类,主营业务,销售收入,760,词库
R1985,收入,摘要或备注,包含,军训服,,,经营类,主营业务,销售收入,760,词库
R1986,收入,摘要或备注,包含,混泥土,,,经营类,主营业务,销售收入,760,词库
R1987,收入,摘要或备注,包含,乙炔费,,,经营类,主营业务,销售收入,760,词库
R1988,收入,摘要或备注,包含,光纤,,,经营类,主营业务,销售收入,760,词库
R1989,收入,摘要或备注,包含,改造费,,,经营类,主营业务,销售收入,760,词库
R1990,收入,摘要或备注,包含,监控费,,,经营类,主营业务,销售收入,760,词库
R1991,收入,摘要或备注,包含,标识费,,,经营类,主营业务,销售收入,760,词库
R1992,收入,摘要或备注,包含,升级费,,,经营类,主营业务,销售收入,760,词库
R1993,收入,摘要或备注,包含,草药,,,经营类,主营业务,销售收入,760,词库
R1994,收入,摘要或备注,包含,速印,,,经营类,主营业务,销售收入,760,词库
R1995,收入,摘要或备注,包含,订报,,,经营类,主营业务,销售收入,760,词库
R1996,收入,摘要或备注,包含,餐具,,,经营类,主营业务,销售收入,760,词库
R1997,收入,摘要或备注,包含,样品款,,,经营类,主营业务,销售收入,760,词库
R1998,收入,摘要或备注,包含,台班,,,经营类,主营业务,销售收入,760,词库
R1999,收入,摘要或备注,包含,水龙头,,,经营类,主营业务,销售收入,760,词库
R2000,收入,摘要或备注,包含,统筹款,,,经营类,主营业务,销售收入,760,词库
R2001,收入,摘要或备注,包含,盖款,,,经营类,主营业务,销售收入,760,词库
R2002,收入,摘要或备注,包含,宽带,,,经营类,主营业务,销售收入,760,词库
R2003,收入,摘要或备注,包含,媒体费,,,经营类,主营业务,销售收入,760,词库
R2004,收入,摘要或备注,包含,过渡费,,,经营类,主营业务,销售收入,760,词库
R2005,收入,摘要或备注,包含,水道费,,,经营类,主营业务,销售收入,760,词库
R2006,收入,摘要或备注,包含,消耗品,,,经营类,主营业务,销售收入,760,词库
R2007,收入,摘要或备注,包含,糖果,,,经营类,主营业务,销售收入,760,词库
R2008,收入,摘要或备注,包含,智能锁,,,经营类,主营业务,销售收入,760,词库
R2009,收入,摘要或备注,包含,复审费,,,经营类,主营业务,销售收入,760,词库
R2010,收入,摘要或备注,包含,邮递,,,经营类,主营业务,销售收入,760,词库
R2011,收入,摘要或备注,包含,铜款,,,经营类,主营业务,销售收入,760,词库
R2012,收入,摘要或备注,包含,订票费,,,经营类,主营业务,销售收入,760,词库
R2013,收入,摘要或备注,包含,公证费,,,经营类,主营业务,销售收入,760,词库
R2014,收入,摘要或备注,包含,价款,,,经营类,主营业务,销售收入,760,词库
R2015,收入,摘要或备注,包含,监管费,,,经营类,主营业务,销售收入,760,词库
R2016,收入,摘要或备注,包含,膳费,,,经营类,主营业务,销售收入,760,词库
R2017,收入,摘要或备注,包含,佣金,,,经营类,主营业务,销售收入,760,词库
R2018,收入,摘要或备注,包含,彩瓦款,,,经营类,主营业务,销售收入,760,词库
R2019,收入,摘要或备注,包含,信号费,,,经营类,主营业务,销售收入,760,词库
R2020,收入,摘要或备注,包含,介料款,,,经营类,主营业务,销售收入,760,词库
R2021,收入,摘要或备注,包含,夹具款,,,经营类,主营业务,销售收入,760,词库
R2022,收入,摘要或备注,包含,速递费,,,经营类,主营业务,销售收入,760,词库
R2023,收入,摘要或备注,包含,白糖,,,经营类,主营业务,销售收入,760,词库
R2024,收入,摘要或备注,包含,除四害,,,经营类,主营业务,销售收入,760,词库
R2025,收入,摘要或备注,包含,用品款,,,经营类,主营业务,销售收入,760,词库
R2026,收入,摘要或备注,包含,工具,,,经营类,主营业务,销售收入,760,词库
R2027,收入,摘要或备注,包含,压模费,,,经营类,主营业务,销售收入,760,词库
R2028,收入,摘要或备注,包含,管桩,,,经营类,主营业务,销售收入,760,词库
R2029,收入,摘要或备注,包含,丧葬费,,,经营类,主营业务,销售收入,760,词库
R2030,收入,摘要或备注,包含,评价费,,,经营类,主营业务,销售收入,760,词库
R2031,收入,摘要或备注,包含,土壤识别款,,,经营类,主营业务,销售收入,760,词库
R2032,收入,摘要或备注,包含,铅笔,,,经营类,主营业务,销售收入,760,词库
R2033,收入,摘要或备注,包含,中砂款,,,经营类,主营业务,销售收入,760,词库
R2034,收入,摘要或备注,包含,体验费,,,经营类,主营业务,销售收入,760,词库
R2035,收入,摘要或备注,包含,印制费,,,经营类,主营业务,销售收入,760,词库
R2036,收入,摘要或备注,包含,改装费,,,经营类,主营业务,销售收入,760,词库
R2037,收入,摘要或备注,包含,赔训费,,,经营类,主营业务,销售收入,760,词库
R2038,收入,摘要或备注,包含,拆除费,,,经营类,主营业务,销售收入,760,词库
R2039,收入,摘要或备注,包含,工班,,,经营类,主营业务,销售收入,760,词库
R2040,收入,摘要或备注,包含,录音笔,,,经营类,主营业务,销售收入,760,词库
R2041,收入,摘要或备注,包含,料粒款,,,经营类,主营业务,销售收入,760,词库
R2042,收入,摘要或备注,包含,钠盐,,,经营类,主营业务,销售收入,760,词库
R2043,收入,摘要或备注,包含,协助费,,,经营类,主营业务,销售收入,760,词库
R2044,收入,摘要或备注,包含,滤芯,,,经营类,主营业务,销售收入,760,词库
R2045,收入,摘要或备注,包含,螺杆,,,经营类,主营业务,销售收入,760,词库
R2046,收入,摘要或备注,包含,漏电开关,,,经营类,主营业务,销售收入,760,词库
R2047,收入,摘要或备注,包含,平台款,,,经营类,主营业务,销售收入,760,词库
R2048,收入,摘要或备注,包含,装备架,,,经营类,主营业务,销售收入,760,词库
R2049,收入,摘要或备注,包含,补卡费,,,经营类,主营业务,销售收入,760,词库
R2050,收入,摘要或备注,包含,异议费,,,经营类,主营业务,销售收入,760,词库
R2051,收入,摘要或备注,包含,用笔费,,,经营类,主营业务,销售收入,760,词库
R2052,收入,摘要或备注,包含,观察费,,,经营类,主营业务,销售收入,760,词库
R2053,收入,摘要或备注,包含,木苗,,,经营类,主营业务,销售收入,760,词库
R2054,收入,摘要或备注,包含,玉米款,,,经营类,主营业务,销售收入,760,词库
R2055,收入,摘要或备注,包含,物品费,,,经营类,主营业务,销售收入,760,词库
R2056,收入,摘要或备注,包含,医保,,,经营类,主营业务,销售收入,760,词库
R2057,收入,摘要或备注,包含,运动服,,,经营类,主营业务,销售收入,760,词库
R2058,收入,摘要或备注,包含,专线费,,,经营类,主营业务,销售收入,760,词库
R2059,收入,摘要或备注,包含,消防水带,,,经营类,主营业务,销售收入,760,词库
R2060,收入,摘要或备注,包含,铜镍,,,经营类,主营业务,销售收入,760,词库
R2061,收入,摘要或备注,包含,改版费,,,经营类,主营业务,销售收入,760,词库
R2062,收入,摘要或备注,包含,牌证费,,,经营类,主营业务,销售收入,760,词库
R2063,收入,摘要或备注,包含,评诂费,,,经营类,主营业务,销售收入,760,词库
R2064,收入,摘要或备注,包含,大礼包,,,经营类,主营业务,销售收入,760,词库
R2065,收入,摘要或备注,包含,中介费,,,经营类,主营业务,销售收入,760,词库
R2066,收入,摘要或备注,包含,混凝土,,,经营类,主营业务,销售收入,760,词库
R2067,收入,摘要或备注,包含,充电宝,,,经营类,主营业务,销售收入,760,词库
R2068,收入,摘要或备注,包含,公务费,,,经营类,主营业务,销售收入,760,词库
R2069,收入,摘要或备注,包含,验测费,,,经营类,主营业务,销售收入,760,词库
R2070,收入,摘要或备注,包含,许可费,,,经营类,主营业务,销售收入,760,词库
R2071,收入,摘要或备注,包含,补苗费,,,经营类,主营业务,销售收入,760,词库
R2072,收入,摘要或备注,包含,活动费,,,经营类,主营业务,销售收入,760,词库
R2073,收入,摘要或备注,包含,洗碗,,,经营类,主营业务,销售收入,760,词库
R2074,收入,摘要或备注,包含,分摊费,,,经营类,主营业务,销售收入,760,词库
R2075,收入,摘要或备注,包含,安全款,,,经营类,主营业务,销售收入,760,词库
R2076,收入,摘要或备注,包含,闸门款,,,经营类,主营业务,销售收入,760,词库
R2077,收入,摘要或备注,包含,品鉴费,,,经营类,主营业务,销售收入,760,词库
R2078,收入,摘要或备注,包含,接送费,,,经营类,主营业务,销售收入,760,词库
R2079,收入,摘要或备注,包含,保教费,,,经营类,主营业务,销售收入,760,词库
R2080,收入,摘要或备注,包含,地砖,,,经营类,主营业务,销售收入,760,词库
R2081,收入,摘要或备注,包含,扫描仪,,,经营类,主营业务,销售收入,760,词库
R2082,收入,摘要或备注,包含,上缴款,,,经营类,主营业务,销售收入,760,词库
R2083,收入,摘要或备注,包含,评估费,,,经营类,主营业务,销售收入,760,词库
R2084,收入,摘要或备注,包含,滞柜费,,,经营类,主营业务,销售收入,760,词库
R2085,收入,摘要或备注,包含,摆放费,,,经营类,主营业务,销售收入,760,词库
R2086,收入,摘要或备注,包含,系统款,,,经营类,主营业务,销售收入,760,词库
R2087,收入,摘要或备注,包含,信封费,,,经营类,主营业务,销售收入,760,词库
R2088,收入,摘要或备注,包含,清扫,,,经营类,主营业务,销售收入,760,词库
R2089,收入,摘要或备注,包含,考场费,,,经营类,主营业务,销售收入,760,词库
R2090,收入,摘要或备注,包含,黄沙,,,经营类,主营业务,销售收入,760,词库
R2091,收入,摘要或备注,包含,晒鼓费,,,经营类,主营业务,销售收入,760,词库
R2092,收入,摘要或备注,包含,肥料,,,经营类,主营业务,销售收入,760,词库
R2093,收入,摘要或备注,包含,图款,,,经营类,主营业务,销售收入,760,词库
R2094,收入,摘要或备注,包含,用电,,,经营类,主营业务,销售收入,760,词库
R2095,收入,摘要或备注,包含,学习费,,,经营类,主营业务,销售收入,760,词库
R2096,收入,摘要或备注,包含,验收款,,,经营类,主营业务,销售收入,760,词库
R2097,收入,摘要或备注,包含,验证款,,,经营类,主营业务,销售收入,760,词库
R2098,收入,摘要或备注,包含,生产工具,,,经营类,主营业务,销售收入,760,词库
R2099,收入,摘要或备注,包含,拉闸,,,经营类,主营业务,销售收入,760,词库
R2100,收入,摘要或备注,包含,横幅,,,经营类,主营业务,销售收入,760,词库
R2101,收入,摘要或备注,包含,回收包材,,,经营类,主营业务,销售收入,760,词库
R2102,收入,摘要或备注,包含,收据款,,,经营类,主营业务,销售收入,760,词库
R2103,收入,摘要或备注,包含,课本,,,经营类,主营业务,销售收入,760,词库
R2104,收入,摘要或备注,包含,业务费,,,经营类,主营业务,销售收入,760,词库
R2105,收入,摘要或备注,包含,公众号,,,经营类,主营业务,销售收入,760,词库
R2106,收入,摘要或备注,包含,日记本,,,经营类,主营业务,销售收入,760,词库
R2107,收入,摘要或备注,包含,刊登费,,,经营类,主营业务,销售收入,760,词库
R2108,收入,摘要或备注,包含,学杂费,,,经营类,主营业务,销售收入,760,词库
R2109,收入,摘要或备注,包含,灭鼠费,,,经营类,主营业务,销售收入,760,词库
R2110,收入,摘要或备注,包含,分配款,,,经营类,主营业务,销售收入,760,词库
R2111,收入,摘要或备注,包含,幕布,,,经营类,主营业务,销售收入,760,词库
R2112,收入,摘要或备注,包含,声焊接头,,,经营类,主营业务,销售收入,760,词库
R2113,收入,摘要或备注,包含,礼品款,,,经营类,主营业务,销售收入,760,词库
R2114,收入,摘要或备注,包含,消防,,,经营类,主营业务,销售收入,760,词库
R2115,收入,摘要或备注,包含,会员费,,,经营类,主营业务,销售收入,760,词库
R2116,收入,摘要或备注,包含,路面费,,,经营类,主营业务,销售收入,760,词库
R2117,收入,摘要或备注,包含,砌块费,,,经营类,主营业务,销售收入,760,词库
R2118,收入,摘要或备注,包含,制图费,,,经营类,主营业务,销售收入,760,词库
R2119,收入,摘要或备注,包含,电感款,,,经营类,主营业务,销售收入,760,词库
R2120,收入,摘要或备注,包含,衣服,,,经营类,主营业务,销售收入,760,词库
R2121,收入,摘要或备注,包含,镀锌费,,,经营类,主营业务,销售收入,760,词库
R2122,收入,摘要或备注,包含,环评,,,经营类,主营业务,销售收入,760,词库
R2123,收入,摘要或备注,包含,南方日报,,,经营类,主营业务,销售收入,760,词库
R2124,收入,摘要或备注,包含,规划费,,,经营类,主营业务,销售收入,760,词库
R2125,收入,摘要或备注,包含,奖杯,,,经营类,主营业务,销售收入,760,词库
R2126,收入,摘要或备注,包含,物品用款,,,经营类,主营业务,销售收入,760,词库
R2127,收入,摘要或备注,包含,社备款,,,经营类,主营业务,销售收入,760,词库
R2128,收入,摘要或备注,包含,空心砖,,,经营类,主营业务,销售收入,760,词库
R2129,收入,摘要或备注,包含,项链,,,经营类,主营业务,销售收入,760,词库
R2130,收入,摘要或备注,包含,陶粒款,,,经营类,主营业务,销售收入,760,词库
R2131,收入,摘要或备注,包含,仪表,,,经营类,主营业务,销售收入,760,词库
R2132,收入,摘要或备注,包含,登报费,,,经营类,主营业务,销售收入,760,词库
R2133,收入,摘要或备注,包含,体捡费,,,经营类,主营业务,销售收入,760,词库
R2134,收入,摘要或备注,包含,扑卡费,,,经营类,主营业务,销售收入,760,词库
R2135,收入,摘要或备注,包含,土石方款,,,经营类,主营业务,销售收入,760,词库
R2136,收入,摘要或备注,包含,债务款,,,经营类,主营业务,销售收入,760,词库
R2137,收入,摘要或备注,包含,空凋,,,经营类,主营业务,销售收入,760,词库
R2138,收入,摘要或备注,包含,健檢费,,,经营类,主营业务,销售收入,760,词库
R2139,收入,摘要或备注,包含,直播费,,,经营类,主营业务,销售收入,760,词库
R2140,收入,摘要或备注,包含,浆款,,,经营类,主营业务,销售收入,760,词库
R2141,收入,摘要或备注,包含,植物,,,经营类,主营业务,销售收入,760,词库
R2142,收入,摘要或备注,包含,探漏费,,,经营类,主营业务,销售收入,760,词库
R2143,收入,摘要或备注,包含,扑克,,,经营类,主营业务,销售收入,760,词库
R2144,收入,摘要或备注,包含,专审费,,,经营类,主营业务,销售收入,760,词库
R2145,收入,摘要或备注,包含,公路费,,,经营类,主营业务,销售收入,760,词库
R2146,收入,摘要或备注,包含,鉴证费,,,经营类,主营业务,销售收入,760,词库
R2147,收入,摘要或备注,包含,打球费,,,经营类,主营业务,销售收入,760,词库
R2148,收入,摘要或备注,包含,墨合,,,经营类,主营业务,销售收入,760,词库
R2149,收入,摘要或备注,包含,打理费,,,经营类,主营业务,销售收入,760,词库
R2150,收入,摘要或备注,包含,硒款,,,经营类,主营业务,销售收入,760,词库
R2151,收入,摘要或备注,包含,律师费,,,经营类,主营业务,销售收入,760,词库
R2152,收入,摘要或备注,包含,律协费,,,经营类,主营业务,销售收入,760,词库
R2153,收入,摘要或备注,包含,场地,,,经营类,主营业务,销售收入,760,词库
R2154,收入,摘要或备注,包含,地形图,,,经营类,主营业务,销售收入,760,词库
R2155,收入,摘要或备注,包含,绩效,,,经营类,主营业务,销售收入,760,词库
R2156,收入,摘要或备注,包含,企业年金,,,经营类,主营业务,销售收入,760,词库
R2157,收入,摘要或备注,包含,公办费,,,经营类,主营业务,销售收入,760,词库
R2158,收入,摘要或备注,包含,泵送费,,,经营类,主营业务,销售收入,760,词库
R2159,收入,摘要或备注,包含,照明款,,,经营类,主营业务,销售收入,760,词库
R2160,收入,摘要或备注,包含,抢修,,,经营类,主营业务,销售收入,760,词库
R2161,收入,摘要或备注,包含,牌匾费,,,经营类,主营业务,销售收入,760,词库
R2162,收入,摘要或备注,包含,碳粉款,,,经营类,主营业务,销售收入,760,词库
R2163,收入,摘要或备注,包含,检索费,,,经营类,主营业务,销售收入,760,词库
R2164,收入,摘要或备注,包含,电热管,,,经营类,主营业务,销售收入,760,词库
R2165,收入,摘要或备注,包含,杂食,,,经营类,主营业务,销售收入,760,词库
R2166,收入,摘要或备注,包含,开通费,,,经营类,主营业务,销售收入,760,词库
R2167,收入,摘要或备注,包含,出版费,,,经营类,主营业务,销售收入,760,词库
R2168,收入,摘要或备注,包含,环卫费,,,经营类,主营业务,销售收入,760,词库
R2169,收入,摘要或备注,包含,检修费,,,经营类,主营业务,销售收入,760,词库
R2170,收入,摘要或备注,包含,清运款,,,经营类,主营业务,销售收入,760,词库
R2171,收入,摘要或备注,包含,年报费,,,经营类,主营业务,销售收入,760,词库
R2172,收入,摘要或备注,包含,布标费,,,经营类,主营业务,销售收入,760,词库
R2173,收入,摘要或备注,包含,体索费,,,经营类,主营业务,销售收入,760,词库
R2174,收入,摘要或备注,包含,炭粉,,,经营类,主营业务,销售收入,760,词库
R2175,收入,摘要或备注,包含,铜线,,,经营类,主营业务,销售收入,760,词库
R2176,收入,摘要或备注,包含,皮料,,,经营类,主营业务,销售收入,760,词库
R2177,收入,摘要或备注,包含,竞赛费,,,经营类,主营业务,销售收入,760,词库
R2178,收入,摘要或备注,包含,比赛费,,,经营类,主营业务,销售收入,760,词库
R2179,收入,摘要或备注,包含,木柜,,,经营类,主营业务,销售收入,760,词库
R2180,收入,摘要或备注,包含,补助费,,,经营类,主营业务,销售收入,760,词库
R2181,收入,摘要或备注,包含,研发费,,,经营类,主营业务,销售收入,760,词库
R2182,收入,摘要或备注,包含,土地款,,,经营类,主营业务,销售收入,760,词库
R2183,收入,摘要或备注,包含,饮用水,,,经营类,主营业务,销售收入,760,词库
R2184,收入,摘要或备注,包含,门锁,,,经营类,主营业务,销售收入,760,词库
R2185,收入,摘要或备注,包含,铝卷,,,经营类,主营业务,销售收入,760,词库
R2186,收入,摘要或备注,包含,预防费,,,经营类,主营业务,销售收入,760,词库
R2187,收入,摘要或备注,包含,灭治款,,,经营类,主营业务,销售收入,760,词库
R2188,收入,摘要或备注,包含,移动电源,,,经营类,主营业务,销售收入,760,词库
R2189,收入,摘要或备注,包含,监事费,,,经营类,主营业务,销售收入,760,词库
R2190,收入,摘要或备注,包含,书册款,,,经营类,主营业务,销售收入,760,词库
R2191,收入,摘要或备注,包含,商标款,,,经营类,主营业务,销售收入,760,词库
R2192,收入,摘要或备注,包含,台布费,,,经营类,主营业务,销售收入,760,词库
R2193,收入,摘要或备注,包含,烟款,,,经营类,主营业务,销售收入,760,词库
R2194,收入,摘要或备注,包含,灭害费,,,经营类,主营业务,销售收入,760,词库
R2195,收入,摘要或备注,包含,升级款,,,经营类,主营业务,销售收入,760,词库
R2196,收入,摘要或备注,包含,报装费,,,经营类,主营业务,销售收入,760,词库
R2197,收入,摘要或备注,包含,植树,,,经营类,主营业务,销售收入,760,词库
R2198,收入,摘要或备注,包含,指导费,,,经营类,主营业务,销售收入,760,词库
R2199,收入,摘要或备注,包含,晒鼓,,,经营类,主营业务,销售收入,760,词库
R2200,收入,摘要或备注,包含,信息披露,,,经营类,主营业务,销售收入,760,词库
R2201,收入,摘要或备注,包含,导航费,,,经营类,主营业务,销售收入,760,词库
R2202,收入,摘要或备注,包含,集训费,,,经营类,主营业务,销售收入,760,词库
R2203,收入,摘要或备注,包含,拍仪费,,,经营类,主营业务,销售收入,760,词库
R2204,收入,摘要或备注,包含,查询费,,,经营类,主营业务,销售收入,760,词库
R2205,收入,摘要或备注,包含,英语费,,,经营类,主营业务,销售收入,760,词库
R2206,收入,摘要或备注,包含,焊架款,,,经营类,主营业务,销售收入,760,词库
R2207,收入,摘要或备注,包含,电商,,,经营类,主营业务,销售收入,760,词库
R2208,收入,摘要或备注,包含,西瓦款,,,经营类,主营业务,销售收入,760,词库
R2209,收入,摘要或备注,包含,报送费,,,经营类,主营业务,销售收入,760,词库
R2210,收入,摘要或备注,包含,办案费,,,经营类,主营业务,销售收入,760,词库
R2211,收入,摘要或备注,包含,装备费,,,经营类,主营业务,销售收入,760,词库
R2212,收入,摘要或备注,包含,购书,,,经营类,主营业务,销售收入,760,词库
R2213,收入,摘要或备注,包含,港建费,,,经营类,主营业务,销售收入,760,词库
R2214,收入,摘要或备注,包含,津威款,,,经营类,主营业务,销售收入,760,词库
R2215,收入,摘要或备注,包含,应收款,,,经营类,主营业务,销售收入,760,词库
R2216,收入,摘要或备注,包含,监测费,,,经营类,主营业务,销售收入,760,词库
R2217,收入,摘要或备注,包含,日用品,,,经营类,主营业务,销售收入,760,词库
R2218,收入,摘要或备注,包含,铆管,,,经营类,主营业务,销售收入,760,词库
R2219,收入,摘要或备注,包含,沙石,,,经营类,主营业务,销售收入,760,词库
R2220,收入,摘要或备注,包含,报告款,,,经营类,主营业务,销售收入,760,词库
R2221,收入,摘要或备注,包含,建债款,,,经营类,主营业务,销售收入,760,词库
R2222,收入,摘要或备注,包含,豆粉,,,经营类,主营业务,销售收入,760,词库
R2223,收入,摘要或备注,包含,货费,,,经营类,主营业务,销售收入,760,词库
R2224,收入,摘要或备注,包含,验证费,,,经营类,主营业务,销售收入,760,词库
R2225,收入,摘要或备注,包含,钣金,,,经营类,主营业务,销售收入,760,词库
R2226,收入,摘要或备注,包含,行程费,,,经营类,主营业务,销售收入,760,词库
R2227,收入,摘要或备注,包含,荔枝,,,经营类,主营业务,销售收入,760,词库
R2228,收入,摘要或备注,包含,影仪费,,,经营类,主营业务,销售收入,760,词库
R2229,收入,摘要或备注,包含,化粪池,,,经营类,主营业务,销售收入,760,词库
R2230,收入,摘要或备注,包含,展位费,,,经营类,主营业务,销售收入,760,词库
R2231,收入,摘要或备注,包含,君房费,,,经营类,主营业务,销售收入,760,词库
R2232,收入,摘要或备注,包含,铁皮门,,,经营类,主营业务,销售收入,760,词库
R2233,收入,摘要或备注,包含,辅材款,,,经营类,主营业务,销售收入,760,词库
R2234,收入,摘要或备注,包含,化工款,,,经营类,主营业务,销售收入,760,词库
R2235,收入,摘要或备注,包含,付碳粉等款,,,经营类,主营业务,销售收入,760,词库
R2236,收入,摘要或备注,包含,杂志,,,经营类,主营业务,销售收入,760,词库
R2237,收入,摘要或备注,包含,指示牌,,,经营类,主营业务,销售收入,760,词库
R2238,收入,摘要或备注,包含,水管,,,经营类,主营业务,销售收入,760,词库
R2239,收入,摘要或备注,包含,手柄费,,,经营类,主营业务,销售收入,760,词库
R2240,收入,摘要或备注,包含,手提篮,,,经营类,主营业务,销售收入,760,词库
R2241,收入,摘要或备注,包含,花艺款,,,经营类,主营业务,销售收入,760,词库
R2242,收入,摘要或备注,包含,彩购款,,,经营类,主营业务,销售收入,760,词库
R2243,收入,摘要或备注,包含,房屋费,,,经营类,主营业务,销售收入,760,词库
R2244,收入,摘要或备注,包含,蓝牙,,,经营类,主营业务,销售收入,760,词库
R2245,收入,摘要或备注,包含,防水卷材,,,经营类,主营业务,销售收入,760,词库
R2246,收入,摘要或备注,包含,气体款,,,经营类,主营业务,销售收入,760,词库
R2247,收入,摘要或备注,包含,石粉,,,经营类,主营业务,销售收入,760,词库
R2248,收入,摘要或备注,包含,团购费,,,经营类,主营业务,销售收入,760,词库
R2249,收入,摘要或备注,包含,补料费,,,经营类,主营业务,销售收入,760,词库
R2250,收入,摘要或备注,包含,变更费,,,经营类,主营业务,销售收入,760,词库
R2251,收入,摘要或备注,包含,卷帘门,,,经营类,主营业务,销售收入,760,词库
R2252,收入,摘要或备注,包含,盐酸,,,经营类,主营业务,销售收入,760,词库
R2253,收入,摘要或备注,包含,路桥,,,经营类,主营业务,销售收入,760,词库
R2254,收入,摘要或备注,包含,发票,,,经营类,主营业务,销售收入,760,词库
R2255,收入,摘要或备注,包含,棉款,,,经营类,主营业务,销售收入,760,词库
R2256,收入,摘要或备注,包含,濑粉款,,,经营类,主营业务,销售收入,760,词库
R2257,收入,摘要或备注,包含,米款,,,经营类,主营业务,销售收入,760,词库
R2258,收入,摘要或备注,包含,柳管,,,经营类,主营业务,销售收入,760,词库
R2259,收入,摘要或备注,包含,植物布景,,,经营类,主营业务,销售收入,760,词库
R2260,收入,摘要或备注,包含,建材款,,,经营类,主营业务,销售收入,760,词库
R2261,收入,摘要或备注,包含,证资费,,,经营类,主营业务,销售收入,760,词库
R2262,收入,摘要或备注,包含,装船费,,,经营类,主营业务,销售收入,760,词库
R2263,收入,摘要或备注,包含,点心费,,,经营类,主营业务,销售收入,760,词库
R2264,收入,摘要或备注,包含,安措费,,,经营类,主营业务,销售收入,760,词库
R2265,收入,摘要或备注,包含,监审费,,,经营类,主营业务,销售收入,760,词库
R2266,收入,摘要或备注,包含,外诊费,,,经营类,主营业务,销售收入,760,词库
R2267,收入,摘要或备注,包含,仓管,,,经营类,主营业务,销售收入,760,词库
R2268,收入,摘要或备注,包含,公告费,,,经营类,主营业务,销售收入,760,词库
R2269,收入,摘要或备注,包含,装卸费,,,经营类,主营业务,销售收入,760,词库
R2270,收入,摘要或备注,包含,锡线,,,经营类,主营业务,销售收入,760,词库
R2271,收入,摘要或备注,包含,电话,,,经营类,主营业务,销售收入,760,词库
R2272,收入,摘要或备注,包含,治具款,,,经营类,主营业务,销售收入,760,词库
R2273,收入,摘要或备注,包含,监理款,,,经营类,主营业务,销售收入,760,词库
R2274,收入,摘要或备注,包含,管材,,,经营类,主营业务,销售收入,760,词库
R2275,收入,摘要或备注,包含,考察费,,,经营类,主营业务,销售收入,760,词库
R2276,收入,摘要或备注,包含,烧碱款,,,经营类,主营业务,销售收入,760,词库
R2277,收入,摘要或备注,包含,皮带,,,经营类,主营业务,销售收入,760,词库
R2278,收入,摘要或备注,包含,瓦砖,,,经营类,主营业务,销售收入,760,词库
R2279,收入,摘要或备注,包含,横幅印制,,,经营类,主营业务,销售收入,760,词库
R2280,收入,摘要或备注,包含,磁铁,,,经营类,主营业务,销售收入,760,词库
R2281,收入,摘要或备注,包含,玉米,,,经营类,主营业务,销售收入,760,词库
R2282,收入,摘要或备注,包含,采集费,,,经营类,主营业务,销售收入,760,词库
R2283,收入,摘要或备注,包含,外卖,,,经营类,主营业务,销售收入,760,词库
R2284,收入,摘要或备注,包含,大豆,,,经营类,主营业务,销售收入,760,词库
R2285,收入,摘要或备注,包含,铝锭,,,经营类,主营业务,销售收入,760,词库
R2286,收入,摘要或备注,包含,天猫,,,经营类,主营业务,销售收入,760,词库
R2287,收入,摘要或备注,包含,西药,,,经营类,主营业务,销售收入,760,词库
R2288,收入,摘要或备注,包含,中药,,,经营类,主营业务,销售收入,760,词库
R2289,收入,摘要或备注,包含,礼金,,,经营类,主营业务,销售收入,760,词库
R2290,收入,摘要或备注,包含,铜包铝,,,经营类,主营业务,销售收入,760,词库
R2291,收入,摘要或备注,包含,配置费,,,经营类,主营业务,销售收入,760,词库
R2292,收入,摘要或备注,包含,速尔,,,经营类,主营业务,销售收入,760,词库
R2293,收入,摘要或备注,包含,办公用品,,,经营类,主营业务,销售收入,760,词库
R2294,收入,摘要或备注,包含,工程款,,,经营类,主营业务,销售收入,760,词库
R2295,收入,摘要或备注,包含,年金,,,经营类,主营业务,销售收入,760,词库
R2296,收入,摘要或备注,包含,供应商结算,,,经营类,主营业务,销售收入,760,词库
R2297,收入,摘要或备注,包含,集迈么,,,经营类,主营业务,销售收入,760,词库
R2298,收入,摘要或备注,包含,收单清算,,,经营类,主营业务,销售收入,760,词库
R2299,收入,摘要或备注,包含,铁盘,,,经营类,主营业务,销售收入,760,词库
R2300,收入,摘要或备注,包含,付货,,,经营类,主营业务,销售收入,760,词库
R2301,收入,摘要或备注,包含,买酒,,,经营类,主营业务,销售收入,760,词库
R2302,收入,摘要或备注,包含,购屏,,,经营类,主营业务,销售收入,760,词库
R2303,收入,摘要或备注,包含,买产品,,,经营类,主营业务,销售收入,760,词库
R2304,收入,摘要或备注,包含,付薪,,,经营类,主营业务,销售收入,760,词库
R2305,收入,摘要或备注,包含,线轴,,,经营类,主营业务,销售收入,760,词库
R2306,收入,摘要或备注,包含,磁环,,,经营类,主营业务,销售收入,760,词库
R2307,收入,摘要或备注,包含,购水,,,经营类,主营业务,销售收入,760,词库
R2308,收入,摘要或备注,包含,螺棉,,,经营类,主营业务,销售收入,760,词库
R2309,收入,摘要或备注,包含,铆钉,,,经营类,主营业务,销售收入,760,词库
R2310,收入,摘要或备注,包含,木皮,,,经营类,主营业务,销售收入,760,词库
R2311,收入,摘要或备注,包含,密封圈,,,经营类,主营业务,销售收入,760,词库
R2312,收入,摘要或备注,包含,底座款,,,经营类,主营业务,销售收入,760,词库
R2313,收入,摘要或备注,包含,彩卡,,,经营类,主营业务,销售收入,760,词库
R2314,收入,摘要或备注,包含,进场款,,,经营类,主营业务,销售收入,760,词库
R2315,收入,摘要或备注,包含,杀虫,,,经营类,主营业务,销售收入,760,词库
R2316,收入,摘要或备注,包含,污泥,,,经营类,主营业务,销售收入,760,词库
R2317,收入,摘要或备注,包含,皮标,,,经营类,主营业务,销售收入,760,词库
R2318,收入,摘要或备注,包含,药械,,,经营类,主营业务,销售收入,760,词库
R2319,收入,摘要或备注,包含,坐圈,,,经营类,主营业务,销售收入,760,词库
R2320,收入,摘要或备注,包含,橡筋,,,经营类,主营业务,销售收入,760,词库
R2321,收入,摘要或备注,包含,现款,,,经营类,主营业务,销售收入,760,词库
R2322,收入,摘要或备注,包含,改模,,,经营类,主营业务,销售收入,760,词库
R2323,收入,摘要或备注,包含,废品,,,经营类,主营业务,销售收入,760,词库
R2324,收入,摘要或备注,包含,评估款,,,经营类,主营业务,销售收入,760,词库
R2325,收入,摘要或备注,包含,滤袋,,,经营类,主营业务,销售收入,760,词库
R2326,收入,摘要或备注,包含,楦头,,,经营类,主营业务,销售收入,760,词库
R2327,收入,摘要或备注,包含,货品,,,经营类,主营业务,销售收入,760,词库
R2328,收入,摘要或备注,包含,成品,,,经营类,主营业务,销售收入,760,词库
R2329,收入,摘要或备注,包含,色样,,,经营类,主营业务,销售收入,760,词库
R2330,收入,摘要或备注,包含,木轴,,,经营类,主营业务,销售收入,760,词库
R2331,收入,摘要或备注,包含,工帽,,,经营类,主营业务,销售收入,760,词库
R2332,收入,摘要或备注,包含,阻剂,,,经营类,主营业务,销售收入,760,词库
R2333,收入,摘要或备注,包含,样件,,,经营类,主营业务,销售收入,760,词库
R2334,收入,摘要或备注,包含,晶业款,,,经营类,主营业务,销售收入,760,词库
R2335,收入,摘要或备注,包含,校准款,,,经营类,主营业务,销售收入,760,词库
R2336,收入,摘要或备注,包含,展会,,,经营类,主营业务,销售收入,760,词库
R2337,收入,摘要或备注,包含,电芯,,,经营类,主营业务,销售收入,760,词库
R2338,收入,摘要或备注,包含,手办,,,经营类,主营业务,销售收入,760,词库
R2339,收入,摘要或备注,包含,水杯,,,经营类,主营业务,销售收入,760,词库
R2340,收入,摘要或备注,包含,光缆,,,经营类,主营业务,销售收入,760,词库
R2341,收入,摘要或备注,包含,西瓜,,,经营类,主营业务,销售收入,760,词库
R2342,收入,摘要或备注,包含,麦片,,,经营类,主营业务,销售收入,760,词库
R2343,收入,摘要或备注,包含,开模,,,经营类,主营业务,销售收入,760,词库
R2344,收入,摘要或备注,包含,冷库,,,经营类,主营业务,销售收入,760,词库
R2345,收入,摘要或备注,包含,耳线,,,经营类,主营业务,销售收入,760,词库
R2346,收入,摘要或备注,包含,夏装,,,经营类,主营业务,销售收入,760,词库
R2347,收入,摘要或备注,包含,冬装,,,经营类,主营业务,销售收入,760,词库
R2348,收入,摘要或备注,包含,春装,,,经营类,主营业务,销售收入,760,词库
R2349,收入,摘要或备注,包含,秋装,,,经营类,主营业务,销售收入,760,词库
R2350,收入,摘要或备注,包含,餐款,,,经营类,主营业务,销售收入,760,词库
R2351,收入,摘要或备注,包含,管路款,,,经营类,主营业务,销售收入,760,词库
R2352,收入,摘要或备注,包含,织带,,,经营类,主营业务,销售收入,760,词库
R2353,收入,摘要或备注,包含,台泥款,,,经营类,主营业务,销售收入,760,词库
R2354,收入,摘要或备注,包含,美工费,,,经营类,主营业务,销售收入,760,词库
R2355,收入,摘要或备注,包含,封条,,,经营类,主营业务,销售收入,760,词库
R2356,收入,摘要或备注,包含,娱乐费,,,经营类,主营业务,销售收入,760,词库
R2357,收入,摘要或备注,包含,调研费,,,经营类,主营业务,销售收入,760,词库
R2358,收入,摘要或备注,包含,软体费,,,经营类,主营业务,销售收入,760,词库
R2359,收入,摘要或备注,包含,外委费,,,经营类,主营业务,销售收入,760,词库
R2360,收入,摘要或备注,包含,重验费,,,经营类,主营业务,销售收入,760,词库
R2361,收入,摘要或备注,包含,修船费,,,经营类,主营业务,销售收入,760,词库
R2362,收入,摘要或备注,包含,助工费,,,经营类,主营业务,销售收入,760,词库
R2363,收入,摘要或备注,包含,票务费,,,经营类,主营业务,销售收入,760,词库
R2364,收入,摘要或备注,包含,到港费,,,经营类,主营业务,销售收入,760,词库
R2365,收入,摘要或备注,包含,柜台费,,,经营类,主营业务,销售收入,760,词库
R2366,收入,摘要或备注,包含,挑选费,,,经营类,主营业务,销售收入,760,词库
R2367,收入,摘要或备注,包含,零食,,,经营类,主营业务,销售收入,760,词库
R2368,收入,摘要或备注,包含,桶,,,经营类,主营业务,销售收入,760,词库
R2369,收入,摘要或备注,包含,提布,,,经营类,主营业务,销售收入,760,词库
R2370,收入,摘要或备注,包含,检检费,,,经营类,主营业务,销售收入,760,词库
R2371,收入,摘要或备注,包含,开捆费,,,经营类,主营业务,销售收入,760,词库
R2372,收入,摘要或备注,包含,题单费,,,经营类,主营业务,销售收入,760,词库
R2373,收入,摘要或备注,包含,联欢费,,,经营类,主营业务,销售收入,760,词库
R2374,收入,摘要或备注,包含,商险,,,经营类,主营业务,销售收入,760,词库
R2375,收入,摘要或备注,包含,外校费,,,经营类,主营业务,销售收入,760,词库
R2376,收入,摘要或备注,包含,仓存,,,经营类,主营业务,销售收入,760,词库
R2377,收入,摘要或备注,包含,存储费,,,经营类,主营业务,销售收入,760,词库
R2378,收入,摘要或备注,包含,重工费,,,经营类,主营业务,销售收入,760,词库
R2379,收入,摘要或备注,包含,仓库,,,经营类,主营业务,销售收入,760,词库
R2380,收入,摘要或备注,包含,组装,,,经营类,主营业务,销售收入,760,词库
R2381,收入,摘要或备注,包含,修订,,,经营类,主营业务,销售收入,760,词库
R2382,收入,摘要或备注,包含,贴片,,,经营类,主营业务,销售收入,760,词库
R2383,收入,摘要或备注,包含,线盘,,,经营类,主营业务,销售收入,760,词库
R2384,收入,摘要或备注,包含,签章,,,经营类,主营业务,销售收入,760,词库
R2385,收入,摘要或备注,包含,摸具,,,经营类,主营业务,销售收入,760,词库
R2386,收入,摘要或备注,包含,尾牙,,,经营类,主营业务,销售收入,760,词库
R2387,收入,摘要或备注,包含,试制,,,经营类,主营业务,销售收入,760,词库
R2388,收入,摘要或备注,包含,保环费,,,经营类,主营业务,销售收入,760,词库
R2389,收入,摘要或备注,包含,洒费,,,经营类,主营业务,销售收入,760,词库
R2390,收入,摘要或备注,包含,危废,,,经营类,主营业务,销售收入,760,词库
R2391,收入,摘要或备注,包含,薄膜,,,经营类,主营业务,销售收入,760,词库
R2392,收入,摘要或备注,包含,餐宿,,,经营类,主营业务,销售收入,760,词库
R2393,收入,摘要或备注,包含,文艺,,,经营类,主营业务,销售收入,760,词库
R2394,收入,摘要或备注,包含,气缸,,,经营类,主营业务,销售收入,760,词库
R2395,收入,摘要或备注,包含,移装费,,,经营类,主营业务,销售收入,760,词库
R2396,收入,摘要或备注,包含,制用费,,,经营类,主营业务,销售收入,760,词库
R2397,收入,摘要或备注,包含,除虫,,,经营类,主营业务,销售收入,760,词库
R2398,收入,摘要或备注,包含,信宿,,,经营类,主营业务,销售收入,760,词库
R2399,收入,摘要或备注,包含,编程,,,经营类,主营业务,销售收入,760,词库
R2400,收入,摘要或备注,包含,演讲费,,,经营类,主营业务,销售收入,760,词库
R2401,收入,摘要或备注,包含,续签费,,,经营类,主营业务,销售收入,760,词库
R2402,收入,摘要或备注,包含,脱氧剂,,,经营类,主营业务,销售收入,760,词库
R2403,收入,摘要或备注,包含,以纯,,,经营类,主营业务,销售收入,760,词库
R2404,收入,摘要或备注,包含,玩具,,,经营类,主营业务,销售收入,760,词库
R2405,收入,摘要或备注,包含,网关,,,经营类,主营业务,销售收入,760,词库
R2406,收入,摘要或备注,包含,保鲜剂,,,经营类,主营业务,销售收入,760,词库
R2407,收入,摘要或备注,包含,会籍卡,,,经营类,主营业务,销售收入,760,词库
R2408,收入,摘要或备注,包含,燕麦片,,,经营类,主营业务,销售收入,760,词库
R2409,收入,摘要或备注,包含,购工费,,,经营类,主营业务,销售收入,760,词库
R2410,收入,摘要或备注,包含,订单全款,,,经营类,主营业务,销售收入,760,词库
R2411,收入,摘要或备注,包含,铜芯,,,经营类,主营业务,销售收入,760,词库
R2412,收入,摘要或备注,包含,木门,,,经营类,主营业务,销售收入,760,词库
R2413,收入,摘要或备注,包含,乳化剂,,,经营类,主营业务,销售收入,760,词库
R2414,收入,摘要或备注,包含,拉铝,,,经营类,主营业务,销售收入,760,词库
R2415,收入,摘要或备注,包含,圆线,,,经营类,主营业务,销售收入,760,词库
R2416,收入,摘要或备注,包含,乘务包,,,经营类,主营业务,销售收入,760,词库
R2417,收入,摘要或备注,包含,控温,,,经营类,主营业务,销售收入,760,词库
R2418,收入,摘要或备注,包含,热泵,,,经营类,主营业务,销售收入,760,词库
R2419,收入,摘要或备注,包含,烘焙,,,经营类,主营业务,销售收入,760,词库
R2420,收入,摘要或备注,包含,单芯,,,经营类,主营业务,销售收入,760,词库
R2421,收入,摘要或备注,包含,毛皮,,,经营类,主营业务,销售收入,760,词库
R2422,收入,摘要或备注,包含,钢垫,,,经营类,主营业务,销售收入,760,词库
R2423,收入,摘要或备注,包含,零部件,,,经营类,主营业务,销售收入,760,词库
R2424,收入,摘要或备注,包含,扣子,,,经营类,主营业务,销售收入,760,词库
R2425,收入,摘要或备注,包含,超声模,,,经营类,主营业务,销售收入,760,词库
R2426,收入,摘要或备注,包含,过滤袋,,,经营类,主营业务,销售收入,760,词库
R2427,收入,摘要或备注,包含,天线,,,经营类,主营业务,销售收入,760,词库
R2428,收入,摘要或备注,包含,外壳,,,经营类,主营业务,销售收入,760,词库
R2429,收入,摘要或备注,包含,锁款,,,经营类,主营业务,销售收入,760,词库
R2430,收入,摘要或备注,包含,连接线,,,经营类,主营业务,销售收入,760,词库
R2431,收入,摘要或备注,包含,絮凝装置,,,经营类,主营业务,销售收入,760,词库
R2432,收入,摘要或备注,包含,货物款,,,经营类,主营业务,销售收入,760,词库
R2433,收入,摘要或备注,包含,体温枪,,,经营类,主营业务,销售收入,760,词库
R2434,收入,摘要或备注,包含,粮食,,,经营类,主营业务,销售收入,760,词库
R2435,收入,摘要或备注,包含,晚宴,,,经营类,主营业务,销售收入,760,词库
R2436,收入,摘要或备注,包含,金蝶云,,,经营类,主营业务,销售收入,760,词库
R2437,收入,摘要或备注,包含,醋酸,,,经营类,主营业务,销售收入,760,词库
R2438,收入,摘要或备注,包含,门框,,,经营类,主营业务,销售收入,760,词库
R2439,收入,摘要或备注,包含,超声波,,,经营类,主营业务,销售收入,760,词库
R2440,收入,摘要或备注,包含,建造款,,,经营类,主营业务,销售收入,760,词库
R2441,收入,摘要或备注,包含,刀库,,,经营类,主营业务,销售收入,760,词库
R2442,收入,摘要或备注,包含,糖酒,,,经营类,主营业务,销售收入,760,词库
R2443,收入,摘要或备注,包含,保护膜,,,经营类,主营业务,销售收入,760,词库
R2444,收入,摘要或备注,包含,防治白蚁,,,经营类,主营业务,销售收入,760,词库
R2445,收入,摘要或备注,包含,白蚁,,,经营类,主营业务,销售收入,760,词库
R2446,收入,摘要或备注,包含,粉磷,,,经营类,主营业务,销售收入,760,词库
R2447,收入,摘要或备注,包含,酸酯,,,经营类,主营业务,销售收入,760,词库
R2448,收入,摘要或备注,包含,袋款,,,经营类,主营业务,销售收入,760,词库
R2449,收入,摘要或备注,包含,灼热丝,,,经营类,主营业务,销售收入,760,词库
R2450,收入,摘要或备注,包含,膨松剂,,,经营类,主营业务,销售收入,760,词库
R2451,收入,摘要或备注,包含,环境治理,,,经营类,主营业务,销售收入,760,词库
R2452,收入,摘要或备注,包含,空间卫士,,,经营类,主营业务,销售收入,760,词库
R2453,收入,摘要或备注,包含,流水线,,,经营类,主营业务,销售收入,760,词库
R2454,收入,摘要或备注,包含,货物全款,,,经营类,主营业务,销售收入,760,词库
R2455,收入,摘要或备注,包含,白蜡木,,,经营类,主营业务,销售收入,760,词库
R2456,收入,摘要或备注,包含,纽扣,,,经营类,主营业务,销售收入,760,词库
R2457,收入,摘要或备注,包含,钢垫片,,,经营类,主营业务,销售收入,760,词库
R2458,收入,摘要或备注,包含,螺旋叶片,,,经营类,主营业务,销售收入,760,词库
R2459,收入,摘要或备注,包含,防伪标,,,经营类,主营业务,销售收入,760,词库
R2460,收入,摘要或备注,包含,输送线,,,经营类,主营业务,销售收入,760,词库
R2461,收入,摘要或备注,包含,荷重仪,,,经营类,主营业务,销售收入,760,词库
R2462,收入,摘要或备注,包含,动锡膏,,,经营类,主营业务,销售收入,760,词库
R2463,收入,摘要或备注,包含,耳带,,,经营类,主营业务,销售收入,760,词库
R2464,收入,摘要或备注,包含,还原剂,,,经营类,主营业务,销售收入,760,词库
R2465,收入,摘要或备注,包含,电子秤,,,经营类,主营业务,销售收入,760,词库
R2466,收入,摘要或备注,包含,冬款,,,经营类,主营业务,销售收入,760,词库
R2467,收入,摘要或备注,包含,春款,,,经营类,主营业务,销售收入,760,词库
R2468,收入,摘要或备注,包含,夏款,,,经营类,主营业务,销售收入,760,词库
R2469,收入,摘要或备注,包含,秋款,,,经营类,主营业务,销售收入,760,词库
R2470,收入,摘要或备注,包含,向阀座,,,经营类,主营业务,销售收入,760,词库
R2471,收入,摘要或备注,包含,硅酸铭,,,经营类,主营业务,销售收入,760,词库
R2472,收入,摘要或备注,包含,测定仪,,,经营类,主营业务,销售收入,760,词库
R2473,收入,摘要或备注,包含,背带,,,经营类,主营业务,销售收入,760,词库
R2474,收入,摘要或备注,包含,丈巾,,,经营类,主营业务,销售收入,760,词库
R2475,收入,摘要或备注,包含,病毒,,,经营类,主营业务,销售收入,760,词库
R2476,收入,摘要或备注,包含,救灾,,,经营类,主营业务,销售收入,760,词库
R2477,收入,摘要或备注,包含,制造款,,,经营类,主营业务,销售收入,760,词库
R2478,收入,摘要或备注,包含,活性炭,,,经营类,主营业务,销售收入,760,词库
R2479,收入,摘要或备注,包含,口鼻罩,,,经营类,主营业务,销售收入,760,词库
R2480,收入,摘要或备注,包含,环保袋,,,经营类,主营业务,销售收入,760,词库
R2481,收入,摘要或备注,包含,推杆,,,经营类,主营业务,销售收入,760,词库
R2482,收入,摘要或备注,包含,拉丝模,,,经营类,主营业务,销售收入,760,词库
R2483,收入,摘要或备注,包含,水池,,,经营类,主营业务,销售收入,760,词库
R2484,收入,摘要或备注,包含,保安服,,,经营类,主营业务,销售收入,760,词库
R2485,收入,摘要或备注,包含,店铺入驻,,,经营类,主营业务,销售收入,760,词库
R2486,收入,摘要或备注,包含,传送带,,,经营类,主营业务,销售收入,760,词库
R2487,收入,摘要或备注,包含,检桩,,,经营类,主营业务,销售收入,760,词库
R2488,收入,摘要或备注,包含,功放,,,经营类,主营业务,销售收入,760,词库
R2489,收入,摘要或备注,包含,修磨,,,经营类,主营业务,销售收入,760,词库
R2490,收入,摘要或备注,包含,展示费,,,经营类,主营业务,销售收入,760,词库
R2491,收入,摘要或备注,包含,入住费,,,经营类,主营业务,销售收入,760,词库
R2492,收入,摘要或备注,包含,租船,,,经营类,主营业务,销售收入,760,词库
R2493,收入,摘要或备注,包含,小组聚费,,,经营类,主营业务,销售收入,760,词库
R2494,收入,摘要或备注,包含,认检费,,,经营类,主营业务,销售收入,760,词库
R2495,收入,摘要或备注,包含,工检费,,,经营类,主营业务,销售收入,760,词库
R2496,收入,摘要或备注,包含,研发经费,,,经营类,主营业务,销售收入,760,词库
R2497,收入,摘要或备注,包含,电子签章,,,经营类,主营业务,销售收入,760,词库
R2498,收入,摘要或备注,包含,公仔,,,经营类,主营业务,销售收入,760,词库
R2499,收入,摘要或备注,包含,除老鼠,,,经营类,主营业务,销售收入,760,词库
R2500,收入,摘要或备注,包含,热熔标线,,,经营类,主营业务,销售收入,760,词库
R2501,收入,摘要或备注,包含,拖船,,,经营类,主营业务,销售收入,760,词库
R2502,收入,摘要或备注,包含,素材费,,,经营类,主营业务,销售收入,760,词库
R2503,收入,摘要或备注,包含,品牌费,,,经营类,主营业务,销售收入,760,词库
R2504,收入,摘要或备注,包含,部门经费,,,经营类,主营业务,销售收入,760,词库
R2505,收入,摘要或备注,包含,授权官费,,,经营类,主营业务,销售收入,760,词库
R2506,收入,摘要或备注,包含,组装费,,,经营类,主营业务,销售收入,760,词库
R2507,收入,摘要或备注,包含,实验室费,,,经营类,主营业务,销售收入,760,词库
R2508,收入,摘要或备注,包含,租仓,,,经营类,主营业务,销售收入,760,词库
R2509,收入,摘要或备注,包含,饭费,,,经营类,主营业务,销售收入,760,词库
R2510,收入,摘要或备注,包含,雨棚,,,经营类,主营业务,销售收入,760,词库
R2511,收入,摘要或备注,包含,固废费,,,经营类,主营业务,销售收入,760,词库
R2512,收入,摘要或备注,包含,活动组织,,,经营类,主营业务,销售收入,760,词库
R2513,收入,摘要或备注,包含,酒品,,,经营类,主营业务,销售收入,760,词库
R2514,收入,摘要或备注,包含,照相,,,经营类,主营业务,销售收入,760,词库
R2515,收入,摘要或备注,包含,装配劳服,,,经营类,主营业务,销售收入,760,词库
R2516,收入,摘要或备注,包含,出口费,,,经营类,主营业务,销售收入,760,词库
R2517,收入,摘要或备注,包含,钻勘费,,,经营类,主营业务,销售收入,760,词库
R2518,收入,摘要或备注,包含,量产费,,,经营类,主营业务,销售收入,760,词库
R2519,收入,摘要或备注,包含,培圳费,,,经营类,主营业务,销售收入,760,词库
R2520,收入,摘要或备注,包含,转轴,,,经营类,主营业务,销售收入,760,词库
R2521,收入,摘要或备注,包含,购住房,,,经营类,主营业务,销售收入,760,词库
R2522,收入,摘要或备注,包含,购酒,,,经营类,主营业务,销售收入,760,词库
R2523,收入,摘要或备注,包含,购房,,,经营类,主营业务,销售收入,760,词库
R2524,收入,摘要或备注,包含,购标书,,,经营类,主营业务,销售收入,760,词库
R2525,收入,摘要或备注,包含,沙款,,,经营类,主营业务,销售收入,760,词库
R2526,收入,摘要或备注,包含,药剂,,,经营类,主营业务,销售收入,760,词库
R2527,收入,摘要或备注,包含,钢圈,,,经营类,主营业务,销售收入,760,词库
R2528,收入,摘要或备注,包含,购买,,,经营类,主营业务,销售收入,760,词库
R2529,收入,摘要或备注,包含,购桩款,,,经营类,主营业务,销售收入,760,词库
R2530,收入,摘要或备注,包含,购米,,,经营类,主营业务,销售收入,760,词库
R2531,收入,摘要或备注,包含,铝棒,,,经营类,主营业务,销售收入,760,词库
R2532,收入,摘要或备注,包含,奶粉,,,经营类,主营业务,销售收入,760,词库
R2533,收入,摘要或备注,包含,焰火,,,经营类,主营业务,销售收入,760,词库
R2534,收入,摘要或备注,包含,波纹管,,,经营类,主营业务,销售收入,760,词库
R2535,收入,摘要或备注,包含,面条,,,经营类,主营业务,销售收入,760,词库
R2536,收入,摘要或备注,包含,食堂,,,经营类,主营业务,销售收入,760,词库
R2537,收入,摘要或备注,包含,买密钥,,,经营类,主营业务,销售收入,760,词库
R2538,收入,摘要或备注,包含,搭架款,,,经营类,主营业务,销售收入,760,词库
R2539,收入,摘要或备注,包含,整治,,,经营类,主营业务,销售收入,760,词库
R2540,收入,摘要或备注,包含,水渣款,,,经营类,主营业务,销售收入,760,词库
R2541,收入,摘要或备注,包含,买货,,,经营类,主营业务,销售收入,760,词库
R2542,收入,摘要或备注,包含,旅游,,,经营类,主营业务,销售收入,760,词库
R2543,收入,摘要或备注,包含,淋室款,,,经营类,主营业务,销售收入,760,词库
R2544,收入,摘要或备注,包含,文化衫,,,经营类,主营业务,销售收入,760,词库
R2545,收入,摘要或备注,包含,礼花弹,,,经营类,主营业务,销售收入,760,词库
R2546,收入,摘要或备注,包含,粉末款,,,经营类,主营业务,销售收入,760,词库
R2547,收入,摘要或备注,包含,铅款,,,经营类,主营业务,销售收入,760,词库
R2548,收入,摘要或备注,包含,钢带款,,,经营类,主营业务,销售收入,760,词库
R2549,收入,摘要或备注,包含,光源台款,,,经营类,主营业务,销售收入,760,词库
R2550,收入,摘要或备注,包含,多孔砖,,,经营类,主营业务,销售收入,760,词库
R2551,收入,摘要或备注,包含,防风罩,,,经营类,主营业务,销售收入,760,词库
R2552,收入,摘要或备注,包含,维理款,,,经营类,主营业务,销售收入,760,词库
R2553,收入,摘要或备注,包含,香肠,,,经营类,主营业务,销售收入,760,词库
R2554,收入,摘要或备注,包含,购买凭证,,,经营类,主营业务,销售收入,760,词库
R2555,收入,摘要或备注,包含,地质探头,,,经营类,主营业务,销售收入,760,词库
R2556,收入,摘要或备注,包含,膜体,,,经营类,主营业务,销售收入,760,词库
R2557,收入,摘要或备注,包含,变电站,,,经营类,主营业务,销售收入,760,词库
R2558,收入,摘要或备注,包含,木才,,,经营类,主营业务,销售收入,760,词库
R2559,收入,摘要或备注,包含,冻费,,,经营类,主营业务,销售收入,760,词库
R2560,收入,摘要或备注,包含,内陆费,,,经营类,主营业务,销售收入,760,词库
R2561,收入,摘要或备注,包含,招生费,,,经营类,主营业务,销售收入,760,词库
R2562,收入,摘要或备注,包含,测评费,,,经营类,主营业务,销售收入,760,词库
R2563,收入,摘要或备注,包含,切割费,,,经营类,主营业务,销售收入,760,词库
R2564,收入,摘要或备注,包含,门票,,,经营类,主营业务,销售收入,760,词库
R2565,收入,摘要或备注,包含,救援费,,,经营类,主营业务,销售收入,760,词库
R2566,收入,摘要或备注,包含,预算费,,,经营类,主营业务,销售收入,760,词库
R2567,收入,摘要或备注,包含,印务费,,,经营类,主营业务,销售收入,760,词库
R2568,收入,摘要或备注,包含,家装,,,经营类,主营业务,销售收入,760,词库
R2569,收入,摘要或备注,包含,起驳费,,,经营类,主营业务,销售收入,760,词库
R2570,收入,摘要或备注,包含,钻探费,,,经营类,主营业务,销售收入,760,词库
R2571,收入,摘要或备注,包含,调试费,,,经营类,主营业务,销售收入,760,词库
R2572,收入,摘要或备注,包含,月血费,,,经营类,主营业务,销售收入,760,词库
R2573,收入,摘要或备注,包含,收视费,,,经营类,主营业务,销售收入,760,词库
R2574,收入,摘要或备注,包含,喷塑费,,,经营类,主营业务,销售收入,760,词库
R2575,收入,摘要或备注,包含,寄递费,,,经营类,主营业务,销售收入,760,词库
R2576,收入,摘要或备注,包含,贴标费,,,经营类,主营业务,销售收入,760,词库
R2577,收入,摘要或备注,包含,分包费,,,经营类,主营业务,销售收入,760,词库
R2578,收入,摘要或备注,包含,子女费,,,经营类,主营业务,销售收入,760,词库
R2579,收入,摘要或备注,包含,辅费,,,经营类,主营业务,销售收入,760,词库
R2580,收入,摘要或备注,包含,手工费,,,经营类,主营业务,销售收入,760,词库
R2581,收入,摘要或备注,包含,送洗,,,经营类,主营业务,销售收入,760,词库
R2582,收入,摘要或备注,包含,担费,,,经营类,主营业务,销售收入,760,词库
R2583,收入,摘要或备注,包含,起航费,,,经营类,主营业务,销售收入,760,词库
R2584,收入,摘要或备注,包含,铺贴费,,,经营类,主营业务,销售收入,760,词库
R2585,收入,摘要或备注,包含,会场,,,经营类,主营业务,销售收入,760,词库
R2586,收入,摘要或备注,包含,委托费,,,经营类,主营业务,销售收入,760,词库
R2587,收入,摘要或备注,包含,工会,,,经营类,主营业务,销售收入,760,词库
R2588,收入,摘要或备注,包含,书杂,,,经营类,主营业务,销售收入,760,词库
R2589,收入,摘要或备注,包含,化妆,,,经营类,主营业务,销售收入,760,词库
R2590,收入,摘要或备注,包含,保障费,,,经营类,主营业务,销售收入,760,词库
R2591,收入,摘要或备注,包含,质保款,,,经营类,主营业务,销售收入,760,词库
R2592,收入,摘要或备注,包含,护栏,,,经营类,主营业务,销售收入,760,词库
R2593,收入,摘要或备注,包含,筛网,,,经营类,主营业务,销售收入,760,词库
R2594,收入,摘要或备注,包含,湘绣款,,,经营类,主营业务,销售收入,760,词库
R2595,收入,摘要或备注,包含,代销款,,,经营类,主营业务,销售收入,760,词库
R2596,收入,摘要或备注,包含,钢梁,,,经营类,主营业务,销售收入,760,词库
R2597,收入,摘要或备注,包含,焊丝,,,经营类,主营业务,销售收入,760,词库
R2598,收入,摘要或备注,包含,碱款,,,经营类,主营业务,销售收入,760,词库
R2599,收入,摘要或备注,包含,天泵款,,,经营类,主营业务,销售收入,760,词库
R2600,收入,摘要或备注,包含,苗款,,,经营类,主营业务,销售收入,760,词库
R2601,收入,摘要或备注,包含,工伤款,,,经营类,主营业务,销售收入,760,词库
R2602,收入,摘要或备注,包含,甲苯,,,经营类,主营业务,销售收入,760,词库
R2603,收入,摘要或备注,包含,草皮,,,经营类,主营业务,销售收入,760,词库
R2604,收入,摘要或备注,包含,相框,,,经营类,主营业务,销售收入,760,词库
R2605,收入,摘要或备注,包含,钾肥,,,经营类,主营业务,销售收入,760,词库
R2606,收入,摘要或备注,包含,球款,,,经营类,主营业务,销售收入,760,词库
R2607,收入,摘要或备注,包含,磁芯,,,经营类,主营业务,销售收入,760,词库
R2608,收入,摘要或备注,包含,秋冬款,,,经营类,主营业务,销售收入,760,词库
R2609,收入,摘要或备注,包含,工装款,,,经营类,主营业务,销售收入,760,词库
R2610,收入,摘要或备注,包含,线条款,,,经营类,主营业务,销售收入,760,词库
R2611,收入,摘要或备注,包含,标样款,,,经营类,主营业务,销售收入,760,词库
R2612,收入,摘要或备注,包含,煤炭,,,经营类,主营业务,销售收入,760,词库
R2613,收入,摘要或备注,包含,锣刀,,,经营类,主营业务,销售收入,760,词库
R2614,收入,摘要或备注,包含,段修款,,,经营类,主营业务,销售收入,760,词库
R2615,收入,摘要或备注,包含,焦炭,,,经营类,主营业务,销售收入,760,词库
R2616,收入,摘要或备注,包含,锯条,,,经营类,主营业务,销售收入,760,词库
R2617,收入,摘要或备注,包含,池壳,,,经营类,主营业务,销售收入,760,词库
R2618,收入,摘要或备注,包含,钢带,,,经营类,主营业务,销售收入,760,词库
R2619,收入,摘要或备注,包含,封头,,,经营类,主营业务,销售收入,760,词库
R2620,收入,摘要或备注,包含,效验款,,,经营类,主营业务,销售收入,760,词库
R2621,收入,摘要或备注,包含,拍摄,,,经营类,主营业务,销售收入,760,词库
R2622,收入,摘要或备注,包含,战马款,,,经营类,主营业务,销售收入,760,词库
R2623,收入,摘要或备注,包含,评审款,,,经营类,主营业务,销售收入,760,词库
R2624,收入,摘要或备注,包含,厂服款,,,经营类,主营业务,销售收入,760,词库
R2625,收入,摘要或备注,包含,标识款,,,经营类,主营业务,销售收入,760,词库
R2626,收入,摘要或备注,包含,釉沙款,,,经营类,主营业务,销售收入,760,词库
R2627,收入,摘要或备注,包含,像款,,,经营类,主营业务,销售收入,760,词库
R2628,收入,摘要或备注,包含,焊管,,,经营类,主营业务,销售收入,760,词库
R2629,收入,摘要或备注,包含,古牌款,,,经营类,主营业务,销售收入,760,词库
R2630,收入,摘要或备注,包含,泡沫款,,,经营类,主营业务,销售收入,760,词库
R2631,收入,摘要或备注,包含,招牌字,,,经营类,主营业务,销售收入,760,词库
R2632,收入,摘要或备注,包含,探头,,,经营类,主营业务,销售收入,760,词库
R2633,收入,摘要或备注,包含,体训费,,,经营类,主营业务,销售收入,760,词库
R2634,收入,摘要或备注,包含,活动经费,,,经营类,主营业务,销售收入,760,词库
R2635,收入,摘要或备注,包含,木托费,,,经营类,主营业务,销售收入,760,词库
R2636,收入,摘要或备注,包含,工作经费,,,经营类,主营业务,销售收入,760,词库
R2637,收入,摘要或备注,包含,个工费,,,经营类,主营业务,销售收入,760,词库
R2638,收入,摘要或备注,包含,表演,,,经营类,主营业务,销售收入,760,词库
R2639,收入,摘要或备注,包含,卸土,,,经营类,主营业务,销售收入,760,词库
R2640,收入,摘要或备注,包含,流转费,,,经营类,主营业务,销售收入,760,词库
R2641,收入,摘要或备注,包含,快件费,,,经营类,主营业务,销售收入,760,词库
R2642,收入,摘要或备注,包含,表计费,,,经营类,主营业务,销售收入,760,词库
R2643,收入,摘要或备注,包含,基地经费,,,经营类,主营业务,销售收入,760,词库
R2644,收入,摘要或备注,包含,整改费,,,经营类,主营业务,销售收入,760,词库
R2645,收入,摘要或备注,包含,修复费,,,经营类,主营业务,销售收入,760,词库
R2646,收入,摘要或备注,包含,研究经费,,,经营类,主营业务,销售收入,760,词库
R2647,收入,摘要或备注,包含,工装费,,,经营类,主营业务,销售收入,760,词库
R2648,收入,摘要或备注,包含,接站费,,,经营类,主营业务,销售收入,760,词库
R2649,收入,摘要或备注,包含,端午节,,,经营类,主营业务,销售收入,760,词库
R2650,收入,摘要或备注,包含,书集费,,,经营类,主营业务,销售收入,760,词库
R2651,收入,摘要或备注,包含,放线费,,,经营类,主营业务,销售收入,760,词库
R2652,收入,摘要或备注,包含,植被,,,经营类,主营业务,销售收入,760,词库
R2653,收入,摘要或备注,包含,建造师,,,经营类,主营业务,销售收入,760,词库
R2654,收入,摘要或备注,包含,商检,,,经营类,主营业务,销售收入,760,词库
R2655,收入,摘要或备注,包含,彩铃费,,,经营类,主营业务,销售收入,760,词库
R2656,收入,摘要或备注,包含,域名,,,经营类,主营业务,销售收入,760,词库
R2657,收入,摘要或备注,包含,上户费,,,经营类,主营业务,销售收入,760,词库
R2658,收入,摘要或备注,包含,软装费,,,经营类,主营业务,销售收入,760,词库
R2659,收入,摘要或备注,包含,喷画,,,经营类,主营业务,销售收入,760,词库
R2660,收入,摘要或备注,包含,评标,,,经营类,主营业务,销售收入,760,词库
R2661,收入,摘要或备注,包含,文学,,,经营类,主营业务,销售收入,760,词库
R2662,收入,摘要或备注,包含,试听费,,,经营类,主营业务,销售收入,760,词库
R2663,收入,摘要或备注,包含,地暖款,,,经营类,主营业务,销售收入,760,词库
R2664,收入,摘要或备注,包含,铝窗,,,经营类,主营业务,销售收入,760,词库
R2665,收入,摘要或备注,包含,瓷片,,,经营类,主营业务,销售收入,760,词库
R2666,收入,摘要或备注,包含,政府款项,,,经营类,主营业务,销售收入,760,词库
R2667,收入,摘要或备注,包含,烧结炉,,,经营类,主营业务,销售收入,760,词库
R2668,收入,摘要或备注,包含,预算款,,,经营类,主营业务,销售收入,760,词库
R2669,收入,摘要或备注,包含,管子,,,经营类,主营业务,销售收入,760,词库
R2670,收入,摘要或备注,包含,加热款,,,经营类,主营业务,销售收入,760,词库
R2671,收入,摘要或备注,包含,方管,,,经营类,主营业务,销售收入,760,词库
R2672,收入,摘要或备注,包含,钢带管,,,经营类,主营业务,销售收入,760,词库
R2673,收入,摘要或备注,包含,电子屏,,,经营类,主营业务,销售收入,760,词库
R2674,收入,摘要或备注,包含,甲酰胺,,,经营类,主营业务,销售收入,760,词库
R2675,收入,摘要或备注,包含,纯碱,,,经营类,主营业务,销售收入,760,词库
R2676,收入,摘要或备注,包含,速凝剂,,,经营类,主营业务,销售收入,760,词库
R2677,收入,摘要或备注,包含,釆购款,,,经营类,主营业务,销售收入,760,词库
R2678,收入,摘要或备注,包含,编织线,,,经营类,主营业务,销售收入,760,词库
R2679,收入,摘要或备注,包含,供热,,,经营类,主营业务,销售收入,760,词库
R2680,收入,摘要或备注,包含,绿豆沙,,,经营类,主营业务,销售收入,760,词库
R2681,收入,摘要或备注,包含,竹款,,,经营类,主营业务,销售收入,760,词库
R2682,收入,摘要或备注,包含,屏幕,,,经营类,主营业务,销售收入,760,词库
R2683,收入,摘要或备注,包含,生鲜,,,经营类,主营业务,销售收入,760,词库
R2684,收入,摘要或备注,包含,字画,,,经营类,主营业务,销售收入,760,词库
R2685,收入,摘要或备注,包含,氧化铝,,,经营类,主营业务,销售收入,760,词库
R2686,收入,摘要或备注,包含,双氰胺,,,经营类,主营业务,销售收入,760,词库
R2687,收入,摘要或备注,包含,竞拍款,,,经营类,主营业务,销售收入,760,词库
R2688,收入,摘要或备注,包含,服套,,,经营类,主营业务,销售收入,760,词库
R2689,收入,摘要或备注,包含,管款,,,经营类,主营业务,销售收入,760,词库
R2690,收入,摘要或备注,包含,字幕,,,经营类,主营业务,销售收入,760,词库
R2691,收入,摘要或备注,包含,厂服,,,经营类,主营业务,销售收入,760,词库
R2692,收入,摘要或备注,包含,铜箔,,,经营类,主营业务,销售收入,760,词库
R2693,收入,摘要或备注,包含,打画款,,,经营类,主营业务,销售收入,760,词库
R2694,收入,摘要或备注,包含,技校,,,经营类,主营业务,销售收入,760,词库
R2695,收入,摘要或备注,包含,草籽,,,经营类,主营业务,销售收入,760,词库
R2696,收入,摘要或备注,包含,筒钻,,,经营类,主营业务,销售收入,760,词库
R2697,收入,摘要或备注,包含,摄制款,,,经营类,主营业务,销售收入,760,词库
R2698,收入,摘要或备注,包含,电炒锅,,,经营类,主营业务,销售收入,760,词库
R2699,收入,摘要或备注,包含,铁矿,,,经营类,主营业务,销售收入,760,词库
R2700,收入,摘要或备注,包含,木工,,,经营类,主营业务,销售收入,760,词库
R2701,收入,摘要或备注,包含,栏杆,,,经营类,主营业务,销售收入,760,词库
R2702,收入,摘要或备注,包含,圆片款,,,经营类,主营业务,销售收入,760,词库
R2703,收入,摘要或备注,包含,水塔,,,经营类,主营业务,销售收入,760,词库
R2704,收入,摘要或备注,包含,轨道,,,经营类,主营业务,销售收入,760,词库
R2705,收入,摘要或备注,包含,大方款,,,经营类,主营业务,销售收入,760,词库
R2706,收入,摘要或备注,包含,定架款,,,经营类,主营业务,销售收入,760,词库
R2707,收入,摘要或备注,包含,青苗,,,经营类,主营业务,销售收入,760,词库
R2708,收入,摘要或备注,包含,海带,,,经营类,主营业务,销售收入,760,词库
R2709,收入,摘要或备注,包含,扁钢,,,经营类,主营业务,销售收入,760,词库
R2710,收入,摘要或备注,包含,王老吉,,,经营类,主营业务,销售收入,760,词库
R2711,收入,摘要或备注,包含,辅材,,,经营类,主营业务,销售收入,760,词库
R2712,收入,摘要或备注,包含,接待,,,经营类,主营业务,销售收入,760,词库
R2713,收入,摘要或备注,包含,万科金色梦想,,,经营类,主营业务,销售收入,760,词库
R2714,收入,摘要或备注,包含,君合新城玺樾,,,经营类,主营业务,销售收入,760,词库
R2715,收入,摘要或备注,包含,新城悦隽,,,经营类,主营业务,销售收入,760,词库
R2716,收入,摘要或备注,包含,涟钢,,,经营类,主营业务,销售收入,760,词库
R2717,收入,摘要或备注,包含,金色梦想,,,经营类,主营业务,销售收入,760,词库
R2718,收入,摘要或备注,包含,轻循环,,,经营类,主营业务,销售收入,760,词库
R2719,收入,摘要或备注,包含,盛康托养,,,经营类,主营业务,销售收入,760,词库
R2720,收入,摘要或备注,包含,莱那珂,,,经营类,主营业务,销售收入,760,词库
R2721,收入,摘要或备注,包含,微信收单,,,经营类,主营业务,销售收入,760,词库
R2722,收入,摘要或备注,包含,条码收单实时,,,经营类,主营业务,销售收入,760,词库
R2723,收入,摘要或备注,包含,商户资金入账,,,经营类,主营业务,销售收入,760,词库
R2724,收入,摘要或备注,包含,呼啦收单,,,经营类,主营业务,销售收入,760,词库
R2725,收入,摘要或备注,包含,银联扫码收单,,,经营类,主营业务,销售收入,760,词库
R2726,收入,摘要或备注,包含,银联入账,,,经营类,主营业务,销售收入,760,词库
R2727,收入,摘要或备注,包含,通行费,,,经营类,主营业务,销售收入,760,词库
R2728,收入,摘要或备注,包含,费元,,,经营类,主营业务,销售收入,760,词库
R2729,收入,摘要或备注,包含,膜料,,,经营类,主营业务,销售收入,760,词库
R2730,收入,摘要或备注,包含,靶材,,,经营类,主营业务,销售收入,760,词库
R2731,收入,摘要或备注,包含,队费,,,经营类,主营业务,销售收入,760,词库
R2732,收入,摘要或备注,包含,购套网,,,经营类,主营业务,销售收入,760,词库
R2733,收入,摘要或备注,包含,花生米,,,经营类,主营业务,销售收入,760,词库
R2734,收入,摘要或备注,包含,办理费,,,经营类,主营业务,销售收入,760,词库
R2735,收入,摘要或备注,包含,加密卡,,,经营类,主营业务,销售收入,760,词库
R2736,收入,摘要或备注,包含,氧化三钛,,,经营类,主营业务,销售收入,760,词库
R2737,收入,摘要或备注,包含,饮品,,,经营类,主营业务,销售收入,760,词库
R2738,收入,摘要或备注,包含,信息费,,,经营类,主营业务,销售收入,760,词库
R2739,收入,摘要或备注,包含,加密码,,,经营类,主营业务,销售收入,760,词库
R2740,收入,摘要或备注,包含,场装,,,经营类,主营业务,销售收入,760,词库
R2741,收入,摘要或备注,包含,糕点,,,经营类,主营业务,销售收入,760,词库
R2742,收入,摘要或备注,包含,取暖,,,经营类,主营业务,销售收入,760,词库
R2743,收入,摘要或备注,包含,票据,,,经营类,主营业务,销售收入,760,词库
R2744,收入,摘要或备注,包含,密码卡,,,经营类,主营业务,销售收入,760,词库
R2745,收入,摘要或备注,包含,港杂费,,,经营类,主营业务,销售收入,760,词库
R2746,收入,摘要或备注,包含,购系统,,,经营类,主营业务,销售收入,760,词库
R2747,收入,摘要或备注,包含,蚬子,,,经营类,主营业务,销售收入,760,词库
R2748,收入,摘要或备注,包含,密钥,,,经营类,主营业务,销售收入,760,词库
R2749,收入,摘要或备注,包含,栉孔贝,,,经营类,主营业务,销售收入,760,词库
R2750,收入,摘要或备注,包含,金线款,,,经营类,主营业务,销售收入,760,词库
R2751,收入,摘要或备注,包含,贝苗,,,经营类,主营业务,销售收入,760,词库
R2752,收入,摘要或备注,包含,口令卡,,,经营类,主营业务,销售收入,760,词库
R2753,收入,摘要或备注,包含,端口,,,经营类,主营业务,销售收入,760,词库
R2754,收入,摘要或备注,包含,装备,,,经营类,主营业务,销售收入,760,词库
R2755,收入,摘要或备注,包含,购物,,,经营类,主营业务,销售收入,760,词库
R2756,收入,摘要或备注,包含,购件款,,,经营类,主营业务,销售收入,760,词库
R2757,收入,摘要或备注,包含,葡萄,,,经营类,主营业务,销售收入,760,词库
R2758,收入,摘要或备注,包含,浆粉,,,经营类,主营业务,销售收入,760,词库
R2759,收入,摘要或备注,包含,皮革,,,经营类,主营业务,销售收入,760,词库
R2760,收入,摘要或备注,包含,轮件,,,经营类,主营业务,销售收入,760,词库
R2761,收入,摘要或备注,包含,坩埚,,,经营类,主营业务,销售收入,760,词库
R2762,收入,摘要或备注,包含,生蚝,,,经营类,主营业务,销售收入,760,词库
R2763,收入,摘要或备注,包含,样品,,,经营类,主营业务,销售收入,760,词库
R2764,收入,摘要或备注,包含,盾款,,,经营类,主营业务,销售收入,760,词库
R2765,收入,摘要或备注,包含,保密卡,,,经营类,主营业务,销售收入,760,词库
R2766,收入,摘要或备注,包含,热缩膜,,,经营类,主营业务,销售收入,760,词库
R2767,收入,摘要或备注,包含,黄金,,,经营类,主营业务,销售收入,760,词库
R2768,收入,摘要或备注,包含,色蛤,,,经营类,主营业务,销售收入,760,词库
R2769,收入,摘要或备注,包含,购煤,,,经营类,主营业务,销售收入,760,词库
R2770,收入,摘要或备注,包含,购网笼,,,经营类,主营业务,销售收入,760,词库
R2771,收入,摘要或备注,包含,尼龙,,,经营类,主营业务,销售收入,760,词库
R2772,收入,摘要或备注,包含,过滤罐,,,经营类,主营业务,销售收入,760,词库
R2773,收入,摘要或备注,包含,劳保,,,经营类,主营业务,销售收入,760,词库
R2774,收入,摘要或备注,包含,加密狗,,,经营类,主营业务,销售收入,760,词库
R2775,收入,摘要或备注,包含,虾,,,经营类,主营业务,销售收入,760,词库
R2776,收入,摘要或备注,包含,初装费,,,经营类,主营业务,销售收入,760,词库
R2777,收入,摘要或备注,包含,淡水产品,,,经营类,主营业务,销售收入,760,词库
R2778,收入,摘要或备注,包含,盾费,,,经营类,主营业务,销售收入,760,词库
R2779,收入,摘要或备注,包含,散泥,,,经营类,主营业务,销售收入,760,词库
R2780,收入,摘要或备注,包含,镀膜,,,经营类,主营业务,销售收入,760,词库
R2781,收入,摘要或备注,包含,色片款,,,经营类,主营业务,销售收入,760,词库
R2782,收入,摘要或备注,包含,面包,,,经营类,主营业务,销售收入,760,词库
R2783,收入,摘要或备注,包含,社区,,,经营类,主营业务,销售收入,760,词库
R2784,收入,摘要或备注,包含,工艺品,,,经营类,主营业务,销售收入,760,词库
R2785,收入,摘要或备注,包含,船舶,,,经营类,主营业务,销售收入,760,词库
R2786,收入,摘要或备注,包含,党徽,,,经营类,主营业务,销售收入,760,词库
R2787,收入,摘要或备注,包含,海鲜,,,经营类,主营业务,销售收入,760,词库
R2788,收入,摘要或备注,包含,建材,,,经营类,主营业务,销售收入,760,词库
R2789,收入,摘要或备注,包含,废钢,,,经营类,主营业务,销售收入,760,词库
R2790,收入,摘要或备注,包含,更新费,,,经营类,主营业务,销售收入,760,词库
R2791,收入,摘要或备注,包含,海参,,,经营类,主营业务,销售收入,760,词库
R2792,收入,摘要或备注,包含,散泥款,,,经营类,主营业务,销售收入,760,词库
R2793,收入,摘要或备注,包含,电子化系统,,,经营类,主营业务,销售收入,760,词库
R2794,收入,摘要或备注,包含,原件款,,,经营类,主营业务,销售收入,760,词库
R2795,收入,摘要或备注,包含,样费,,,经营类,主营业务,销售收入,760,词库
R2796,收入,摘要或备注,包含,淘宝,,,经营类,主营业务,销售收入,760,词库
R2797,收入,摘要或备注,包含,邮盾款,,,经营类,主营业务,销售收入,760,词库
R2798,收入,摘要或备注,包含,径材,,,经营类,主营业务,销售收入,760,词库
R2799,收入,摘要或备注,包含,苹果,,,经营类,主营业务,销售收入,760,词库
R2800,收入,摘要或备注,包含,锻坯款,,,经营类,主营业务,销售收入,760,词库
R2801,收入,摘要或备注,包含,餐炉,,,经营类,主营业务,销售收入,760,词库
R2802,收入,摘要或备注,包含,购卡,,,经营类,主营业务,销售收入,760,词库
R2803,收入,摘要或备注,包含,袋装水,,,经营类,主营业务,销售收入,760,词库
R2804,收入,摘要或备注,包含,电子收据费,,,经营类,主营业务,销售收入,760,词库
R2805,收入,摘要或备注,包含,日报,,,经营类,主营业务,销售收入,760,词库
R2806,收入,摘要或备注,包含,硅靶,,,经营类,主营业务,销售收入,760,词库
R2807,收入,摘要或备注,包含,保水剂,,,经营类,主营业务,销售收入,760,词库
R2808,收入,摘要或备注,包含,精煤,,,经营类,主营业务,销售收入,760,词库
R2809,收入,摘要或备注,包含,马桶,,,经营类,主营业务,销售收入,760,词库
R2810,收入,摘要或备注,包含,编织袋,,,经营类,主营业务,销售收入,760,词库
R2811,收入,摘要或备注,包含,杏鲍菇,,,经营类,主营业务,销售收入,760,词库
R2812,收入,摘要或备注,包含,购盘,,,经营类,主营业务,销售收入,760,词库
R2813,收入,摘要或备注,包含,绳款,,,经营类,主营业务,销售收入,760,词库
R2814,收入,摘要或备注,包含,教学用品,,,经营类,主营业务,销售收入,760,词库
R2815,收入,摘要或备注,包含,收据用盾,,,经营类,主营业务,销售收入,760,词库
R2816,收入,摘要或备注,包含,植绒革,,,经营类,主营业务,销售收入,760,词库
R2817,收入,摘要或备注,包含,大米,,,经营类,主营业务,销售收入,760,词库
R2818,收入,摘要或备注,包含,系统套款,,,经营类,主营业务,销售收入,760,词库
R2819,收入,摘要或备注,包含,专用收据,,,经营类,主营业务,销售收入,760,词库
R2820,收入,摘要或备注,包含,备品,,,经营类,主营业务,销售收入,760,词库
R2821,收入,摘要或备注,包含,树脂,,,经营类,主营业务,销售收入,760,词库
R2822,收入,摘要或备注,包含,面粉,,,经营类,主营业务,销售收入,760,词库
R2823,收入,摘要或备注,包含,电子系统,,,经营类,主营业务,销售收入,760,词库
R2824,收入,摘要或备注,包含,优盘,,,经营类,主营业务,销售收入,760,词库
R2825,收入,摘要或备注,包含,回款,,,经营类,主营业务,销售收入,760,词库
R2826,收入,摘要或备注,包含,厂商,,,经营类,主营业务,销售收入,760,词库
R2827,收入,摘要或备注,包含,提标款,,,经营类,主营业务,销售收入,760,词库
R2828,收入,摘要或备注,包含,实验费,,,经营类,主营业务,销售收入,760,词库
R2829,收入,摘要或备注,包含,注塑费,,,经营类,主营业务,销售收入,760,词库
R2830,收入,摘要或备注,包含,陈列费,,,经营类,主营业务,销售收入,760,词库
R2831,收入,摘要或备注,包含,保障经费,,,经营类,主营业务,销售收入,760,词库
R2832,收入,摘要或备注,包含,铬铁,,,经营类,主营业务,销售收入,760,词库
R2833,收入,摘要或备注,包含,次钠款,,,经营类,主营业务,销售收入,760,词库
R2834,收入,摘要或备注,包含,炸药,,,经营类,主营业务,销售收入,760,词库
R2835,收入,摘要或备注,包含,殡仪,,,经营类,主营业务,销售收入,760,词库
R2836,收入,摘要或备注,包含,排款,,,经营类,主营业务,销售收入,760,词库
R2837,收入,摘要或备注,包含,桩款,,,经营类,主营业务,销售收入,760,词库
R2838,收入,摘要或备注,包含,拆表费,,,经营类,主营业务,销售收入,760,词库
R2839,收入,摘要或备注,包含,捐赠费,,,经营类,主营业务,销售收入,760,词库
R2840,收入,摘要或备注,包含,盆景费,,,经营类,主营业务,销售收入,760,词库
R2841,收入,摘要或备注,包含,电影,,,经营类,主营业务,销售收入,760,词库
R2842,收入,摘要或备注,包含,花边,,,经营类,主营业务,销售收入,760,词库
R2843,收入,摘要或备注,包含,通知费,,,经营类,主营业务,销售收入,760,词库
R2844,收入,摘要或备注,包含,低耗款,,,经营类,主营业务,销售收入,760,词库
R2845,收入,摘要或备注,包含,软管,,,经营类,主营业务,销售收入,760,词库
R2846,收入,摘要或备注,包含,维务费,,,经营类,主营业务,销售收入,760,词库
R2847,收入,摘要或备注,包含,阻燃剂,,,经营类,主营业务,销售收入,760,词库
R2848,收入,摘要或备注,包含,版费,,,经营类,主营业务,销售收入,760,词库
R2849,收入,摘要或备注,包含,监护仪,,,经营类,主营业务,销售收入,760,词库
R2850,收入,摘要或备注,包含,疾控款,,,经营类,主营业务,销售收入,760,词库
R2851,收入,摘要或备注,包含,喷枪,,,经营类,主营业务,销售收入,760,词库
R2852,收入,摘要或备注,包含,购锌锭,,,经营类,主营业务,销售收入,760,词库
R2853,收入,摘要或备注,包含,焊条,,,经营类,主营业务,销售收入,760,词库
R2854,收入,摘要或备注,包含,异常费,,,经营类,主营业务,销售收入,760,词库
R2855,收入,摘要或备注,包含,派件,,,经营类,主营业务,销售收入,760,词库
R2856,收入,摘要或备注,包含,铣样款,,,经营类,主营业务,销售收入,760,词库
R2857,收入,摘要或备注,包含,配套款,,,经营类,主营业务,销售收入,760,词库
R2858,收入,摘要或备注,包含,阻燃款,,,经营类,主营业务,销售收入,760,词库
R2859,收入,摘要或备注,包含,补牌费,,,经营类,主营业务,销售收入,760,词库
R2860,收入,摘要或备注,包含,密匙,,,经营类,主营业务,销售收入,760,词库
R2861,收入,摘要或备注,包含,带钢,,,经营类,主营业务,销售收入,760,词库
R2862,收入,摘要或备注,包含,财务费,,,经营类,主营业务,销售收入,760,词库
R2863,收入,摘要或备注,包含,续约费,,,经营类,主营业务,销售收入,760,词库
R2864,收入,摘要或备注,包含,评信费,,,经营类,主营业务,销售收入,760,词库
R2865,收入,摘要或备注,包含,购优盾,,,经营类,主营业务,销售收入,760,词库
R2866,收入,摘要或备注,包含,苏挂,,,经营类,主营业务,销售收入,760,词库
R2867,收入,摘要或备注,包含,宣传经费,,,经营类,主营业务,销售收入,760,词库
R2868,收入,摘要或备注,包含,四角袋,,,经营类,主营业务,销售收入,760,词库
R2869,收入,摘要或备注,包含,网站费,,,经营类,主营业务,销售收入,760,词库
R2870,收入,摘要或备注,包含,会刊,,,经营类,主营业务,销售收入,760,词库
R2871,收入,摘要或备注,包含,钢绞线,,,经营类,主营业务,销售收入,760,词库
R2872,收入,摘要或备注,包含,绳子,,,经营类,主营业务,销售收入,760,词库
R2873,收入,摘要或备注,包含,喷涂,,,经营类,主营业务,销售收入,760,词库
R2874,收入,摘要或备注,包含,火媒款,,,经营类,主营业务,销售收入,760,词库
R2875,收入,摘要或备注,包含,课时费,,,经营类,主营业务,销售收入,760,词库
R2876,收入,摘要或备注,包含,邮务费,,,经营类,主营业务,销售收入,760,词库
R2877,收入,摘要或备注,包含,水平仪,,,经营类,主营业务,销售收入,760,词库
R2878,收入,摘要或备注,包含,控芯款,,,经营类,主营业务,销售收入,760,词库
R2879,收入,摘要或备注,包含,调查经费,,,经营类,主营业务,销售收入,760,词库
R2880,收入,摘要或备注,包含,钢钉,,,经营类,主营业务,销售收入,760,词库
R2881,收入,摘要或备注,包含,染费,,,经营类,主营业务,销售收入,760,词库
R2882,收入,摘要或备注,包含,料子,,,经营类,主营业务,销售收入,760,词库
R2883,收入,摘要或备注,包含,购棉,,,经营类,主营业务,销售收入,760,词库
R2884,收入,摘要或备注,包含,调质费,,,经营类,主营业务,销售收入,760,词库
R2885,收入,摘要或备注,包含,喷漆费,,,经营类,主营业务,销售收入,760,词库
R2886,收入,摘要或备注,包含,氨纶款,,,经营类,主营业务,销售收入,760,词库
R2887,收入,摘要或备注,包含,年货,,,经营类,主营业务,销售收入,760,词库
R2888,收入,摘要或备注,包含,防护,,,经营类,主营业务,销售收入,760,词库
R2889,收入,摘要或备注,包含,装潢,,,经营类,主营业务,销售收入,760,词库
R2890,收入,摘要或备注,包含,热汽款,,,经营类,主营业务,销售收入,760,词库
R2891,收入,摘要或备注,包含,硅袋,,,经营类,主营业务,销售收入,760,词库
R2892,收入,摘要或备注,包含,氧化二梯,,,经营类,主营业务,销售收入,760,词库
R2893,收入,摘要或备注,包含,铝带,,,经营类,主营业务,销售收入,760,词库
R2894,收入,摘要或备注,包含,除垢剂,,,经营类,主营业务,销售收入,760,词库
R2895,收入,摘要或备注,包含,疼痛贴,,,经营类,主营业务,销售收入,760,词库
R2896,收入,摘要或备注,包含,改签费,,,经营类,主营业务,销售收入,760,词库
R2897,收入,摘要或备注,包含,标费,,,经营类,主营业务,销售收入,760,词库
R2898,收入,摘要或备注,包含,首款,,,经营类,主营业务,销售收入,760,词库
R2899,收入,摘要或备注,包含,导电布,,,经营类,主营业务,销售收入,760,词库
R2900,收入,摘要或备注,包含,柜费,,,经营类,主营业务,销售收入,760,词库
R2901,收入,摘要或备注,包含,兰炭,,,经营类,主营业务,销售收入,760,词库
R2902,收入,摘要或备注,包含,盘子,,,经营类,主营业务,销售收入,760,词库
R2903,收入,摘要或备注,包含,包材,,,经营类,主营业务,销售收入,760,词库
R2904,收入,摘要或备注,包含,布展,,,经营类,主营业务,销售收入,760,词库
R2905,收入,摘要或备注,包含,安维费,,,经营类,主营业务,销售收入,760,词库
R2906,收入,摘要或备注,包含,网维费,,,经营类,主营业务,销售收入,760,词库
R2907,收入,摘要或备注,包含,监测款,,,经营类,主营业务,销售收入,760,词库
R2908,收入,摘要或备注,包含,购桶,,,经营类,主营业务,销售收入,760,词库
R2909,收入,摘要或备注,包含,更正费,,,经营类,主营业务,销售收入,760,词库
R2910,收入,摘要或备注,包含,教育经费,,,经营类,主营业务,销售收入,760,词库
R2911,收入,摘要或备注,包含,转档费,,,经营类,主营业务,销售收入,760,词库
R2912,收入,摘要或备注,包含,账套费,,,经营类,主营业务,销售收入,760,词库
R2913,收入,摘要或备注,包含,买卡,,,经营类,主营业务,销售收入,760,词库
R2914,收入,摘要或备注,包含,拼柜费,,,经营类,主营业务,销售收入,760,词库
R2915,收入,摘要或备注,包含,试模费,,,经营类,主营业务,销售收入,760,词库
R2916,收入,摘要或备注,包含,装吊,,,经营类,主营业务,销售收入,760,词库
R2917,收入,摘要或备注,包含,刀头,,,经营类,主营业务,销售收入,760,词库
R2918,收入,摘要或备注,包含,制度牌,,,经营类,主营业务,销售收入,760,词库
R2919,收入,摘要或备注,包含,聚酯,,,经营类,主营业务,销售收入,760,词库
R2920,收入,摘要或备注,包含,气泵,,,经营类,主营业务,销售收入,760,词库
R2921,收入,摘要或备注,包含,收据费,,,经营类,主营业务,销售收入,760,词库
R2922,收入,摘要或备注,包含,热电偶,,,经营类,主营业务,销售收入,760,词库
R2923,收入,摘要或备注,包含,片碱费,,,经营类,主营业务,销售收入,760,词库
R2924,收入,摘要或备注,包含,白茶,,,经营类,主营业务,销售收入,760,词库
R2925,收入,摘要或备注,包含,加气块,,,经营类,主营业务,销售收入,760,词库
R2926,收入,摘要或备注,包含,淮稻款,,,经营类,主营业务,销售收入,760,词库
R2927,收入,摘要或备注,包含,正本费,,,经营类,主营业务,销售收入,760,词库
R2928,收入,摘要或备注,包含,信号缆,,,经营类,主营业务,销售收入,760,词库
R2929,收入,摘要或备注,包含,党刊,,,经营类,主营业务,销售收入,760,词库
R2930,收入,摘要或备注,包含,虚仓,,,经营类,主营业务,销售收入,760,词库
R2931,收入,摘要或备注,包含,氧化镁,,,经营类,主营业务,销售收入,760,词库
R2932,收入,摘要或备注,包含,模修费,,,经营类,主营业务,销售收入,760,词库
R2933,收入,摘要或备注,包含,种款,,,经营类,主营业务,销售收入,760,词库
R2934,收入,摘要或备注,包含,观影,,,经营类,主营业务,销售收入,760,词库
R2935,收入,摘要或备注,包含,铜带,,,经营类,主营业务,销售收入,760,词库
R2936,收入,摘要或备注,包含,破包,,,经营类,主营业务,销售收入,760,词库
R2937,收入,摘要或备注,包含,实施费,,,经营类,主营业务,销售收入,760,词库
R2938,收入,摘要或备注,包含,锅粥,,,经营类,主营业务,销售收入,760,词库
R2939,收入,摘要或备注,包含,毛坯款,,,经营类,主营业务,销售收入,760,词库
R2940,收入,摘要或备注,包含,复合助剂,,,经营类,主营业务,销售收入,760,词库
R2941,收入,摘要或备注,包含,栏目费,,,经营类,主营业务,销售收入,760,词库
R2942,收入,摘要或备注,包含,企业网站,,,经营类,主营业务,销售收入,760,词库
R2943,收入,摘要或备注,包含,蒸汽,,,经营类,主营业务,销售收入,760,词库
R2944,收入,摘要或备注,包含,餐票,,,经营类,主营业务,销售收入,760,词库
R2945,收入,摘要或备注,包含,废丝,,,经营类,主营业务,销售收入,760,词库
R2946,收入,摘要或备注,包含,外协费,,,经营类,主营业务,销售收入,760,词库
R2947,收入,摘要或备注,包含,灭菌,,,经营类,主营业务,销售收入,760,词库
R2948,收入,摘要或备注,包含,氧化二锑,,,经营类,主营业务,销售收入,760,词库
R2949,收入,摘要或备注,包含,生育费,,,经营类,主营业务,销售收入,760,词库
R2950,收入,摘要或备注,包含,业务经费,,,经营类,主营业务,销售收入,760,词库
R2951,收入,摘要或备注,包含,磨刀费,,,经营类,主营业务,销售收入,760,词库
R2952,收入,摘要或备注,包含,猎头,,,经营类,主营业务,销售收入,760,词库
R2953,收入,摘要或备注,包含,铝杆,,,经营类,主营业务,销售收入,760,词库
R2954,收入,摘要或备注,包含,购船,,,经营类,主营业务,销售收入,760,词库
R2955,收入,摘要或备注,包含,开证费,,,经营类,主营业务,销售收入,760,词库
R2956,收入,摘要或备注,包含,考务费,,,经营类,主营业务,销售收入,760,词库
R2957,收入,摘要或备注,包含,乙炔,,,经营类,主营业务,销售收入,760,词库
R2958,收入,摘要或备注,包含,疗养费,,,经营类,主营业务,销售收入,760,词库
R2959,收入,摘要或备注,包含,明糯款,,,经营类,主营业务,销售收入,760,词库
R2960,收入,摘要或备注,包含,秘钥款,,,经营类,主营业务,销售收入,760,词库
R2961,收入,摘要或备注,包含,大麦,,,经营类,主营业务,销售收入,760,词库
R2962,收入,摘要或备注,包含,报务费,,,经营类,主营业务,销售收入,760,词库
R2963,收入,摘要或备注,包含,供暖,,,经营类,主营业务,销售收入,760,词库
R2964,收入,摘要或备注,包含,铜条,,,经营类,主营业务,销售收入,760,词库
R2965,收入,摘要或备注,包含,焊片,,,经营类,主营业务,销售收入,760,词库
R2966,收入,摘要或备注,包含,理事费,,,经营类,主营业务,销售收入,760,词库
R2967,收入,摘要或备注,包含,手提袋,,,经营类,主营业务,销售收入,760,词库
R2968,收入,摘要或备注,包含,冻库费,,,经营类,主营业务,销售收入,760,词库
R2969,收入,摘要或备注,包含,检尺费,,,经营类,主营业务,销售收入,760,词库
R2970,收入,摘要或备注,包含,硫磺,,,经营类,主营业务,销售收入,760,词库
R2971,收入,摘要或备注,包含,隔氧带,,,经营类,主营业务,销售收入,760,词库
R2972,收入,摘要或备注,包含,秘钥,,,经营类,主营业务,销售收入,760,词库
R2973,收入,摘要或备注,包含,化纤,,,经营类,主营业务,销售收入,760,词库
R2974,收入,摘要或备注,包含,设点费,,,经营类,主营业务,销售收入,760,词库
R2975,收入,摘要或备注,包含,派送费,,,经营类,主营业务,销售收入,760,词库
R2976,收入,摘要或备注,包含,电站,,,经营类,主营业务,销售收入,760,词库
R2977,收入,摘要或备注,包含,构建费,,,经营类,主营业务,销售收入,760,词库
R2978,收入,摘要或备注,包含,护套线,,,经营类,主营业务,销售收入,760,词库
R2979,收入,摘要或备注,包含,农稻,,,经营类,主营业务,销售收入,760,词库
R2980,收入,摘要或备注,包含,养老事业费,,,经营类,主营业务,销售收入,760,词库
R2981,收入,摘要或备注,包含,炸材,,,经营类,主营业务,销售收入,760,词库
R2982,收入,摘要或备注,包含,月票款,,,经营类,主营业务,销售收入,760,词库
R2983,收入,摘要或备注,包含,柜子,,,经营类,主营业务,销售收入,760,词库
R2984,收入,摘要或备注,包含,鲜奶,,,经营类,主营业务,销售收入,760,词库
R2985,收入,摘要或备注,包含,补胎,,,经营类,主营业务,销售收入,760,词库
R2986,收入,摘要或备注,包含,白酒,,,经营类,主营业务,销售收入,760,词库
R2987,收入,摘要或备注,包含,膜片,,,经营类,主营业务,销售收入,760,词库
R2988,收入,摘要或备注,包含,镀镍,,,经营类,主营业务,销售收入,760,词库
R2989,收入,摘要或备注,包含,丙酮,,,经营类,主营业务,销售收入,760,词库
R2990,收入,摘要或备注,包含,低耗品,,,经营类,主营业务,销售收入,760,词库
R2991,收入,摘要或备注,包含,购药,,,经营类,主营业务,销售收入,760,词库
R2992,收入,摘要或备注,包含,碳源,,,经营类,主营业务,销售收入,760,词库
R2993,收入,摘要或备注,包含,媒款,,,经营类,主营业务,销售收入,760,词库
R2994,收入,摘要或备注,包含,加固费,,,经营类,主营业务,销售收入,760,词库
R2995,收入,摘要或备注,包含,兰碳,,,经营类,主营业务,销售收入,760,词库
R2996,收入,摘要或备注,包含,海产品,,,经营类,主营业务,销售收入,760,词库
R2997,收入,摘要或备注,包含,秘钥费,,,经营类,主营业务,销售收入,760,词库
R2998,收入,摘要或备注,包含,织染,,,经营类,主营业务,销售收入,760,词库
R2999,收入,摘要或备注,包含,粳种款,,,经营类,主营业务,销售收入,760,词库
R3000,收入,摘要或备注,包含,珊瑚,,,经营类,主营业务,销售收入,760,词库
R3001,收入,摘要或备注,包含,查验费,,,经营类,主营业务,销售收入,760,词库
R3002,收入,摘要或备注,包含,化肥,,,经营类,主营业务,销售收入,760,词库
R3003,收入,摘要或备注,包含,复核费修订费,,,经营类,主营业务,销售收入,760,词库
R3004,收入,摘要或备注,包含,伞架,,,经营类,主营业务,销售收入,760,词库
R3005,收入,摘要或备注,包含,密锁,,,经营类,主营业务,销售收入,760,词库
R3006,收入,摘要或备注,包含,助剂费,,,经营类,主营业务,销售收入,760,词库
R3007,收入,摘要或备注,包含,粒子款,,,经营类,主营业务,销售收入,760,词库
R3008,收入,摘要或备注,包含,制证费,,,经营类,主营业务,销售收入,760,词库
R3009,收入,摘要或备注,包含,撕裂带,,,经营类,主营业务,销售收入,760,词库
R3010,收入,摘要或备注,包含,桔子,,,经营类,主营业务,销售收入,760,词库
R3011,收入,摘要或备注,包含,国库费,,,经营类,主营业务,销售收入,760,词库
R3012,收入,摘要或备注,包含,漂染,,,经营类,主营业务,销售收入,760,词库
R3013,收入,摘要或备注,包含,防腐木,,,经营类,主营业务,销售收入,760,词库
R3014,收入,摘要或备注,包含,复合剂密匙,,,经营类,主营业务,销售收入,760,词库
R3015,收入,摘要或备注,包含,验收合格,,,经营类,主营业务,销售收入,760,词库
R3016,收入,摘要或备注,包含,学时费,,,经营类,主营业务,销售收入,760,词库
R3017,收入,摘要或备注,包含,水壶,,,经营类,主营业务,销售收入,760,词库
R3018,收入,摘要或备注,包含,购纱,,,经营类,主营业务,销售收入,760,词库
R3019,收入,摘要或备注,包含,盆景,,,经营类,主营业务,销售收入,760,词库
R3020,收入,摘要或备注,包含,氩气,,,经营类,主营业务,销售收入,760,词库
R3021,收入,摘要或备注,包含,合金,,,经营类,主营业务,销售收入,760,词库
R3022,收入,摘要或备注,包含,复合带,,,经营类,主营业务,销售收入,760,词库
R3023,收入,摘要或备注,包含,售后款,,,经营类,主营业务,销售收入,760,词库
R3024,收入,摘要或备注,包含,生产费,,,经营类,主营业务,销售收入,760,词库
R3025,收入,摘要或备注,包含,点心,,,经营类,主营业务,销售收入,760,词库
R3026,收入,摘要或备注,包含,冷柜费,,,经营类,主营业务,销售收入,760,词库
R3027,收入,摘要或备注,包含,各项工费,,,经营类,主营业务,销售收入,760,词库
R3028,收入,摘要或备注,包含,热处理,,,经营类,主营业务,销售收入,760,词库
R3029,收入,摘要或备注,包含,电阻款,,,经营类,主营业务,销售收入,760,词库
R3030,收入,摘要或备注,包含,木浆,,,经营类,主营业务,销售收入,760,词库
R3031,收入,摘要或备注,包含,电票款,,,经营类,主营业务,销售收入,760,词库
R3032,收入,摘要或备注,包含,衣柜,,,经营类,主营业务,销售收入,760,词库
R3033,收入,摘要或备注,包含,公司款项,,,经营类,主营业务,销售收入,760,词库
R3034,收入,摘要或备注,包含,答辨费,,,经营类,主营业务,销售收入,760,词库
R3035,收入,摘要或备注,包含,奖励费,,,经营类,主营业务,销售收入,760,词库
R3036,收入,摘要或备注,包含,征购款,,,经营类,主营业务,销售收入,760,词库
R3037,收入,摘要或备注,包含,钾醛,,,经营类,主营业务,销售收入,760,词库
R3038,收入,摘要或备注,包含,保育费,,,经营类,主营业务,销售收入,760,词库
R3039,收入,摘要或备注,包含,打磨费,,,经营类,主营业务,销售收入,760,词库
R3040,收入,摘要或备注,包含,造价费,,,经营类,主营业务,销售收入,760,词库
R3041,收入,摘要或备注,包含,网布,,,经营类,主营业务,销售收入,760,词库
R3042,收入,摘要或备注,包含,钢钉款,,,经营类,主营业务,销售收入,760,词库
R3043,收入,摘要或备注,包含,盐,,,经营类,主营业务,销售收入,760,词库
R3044,收入,摘要或备注,包含,旗帜,,,经营类,主营业务,销售收入,760,词库
R3045,收入,摘要或备注,包含,节能款,,,经营类,主营业务,销售收入,760,词库
R3046,收入,摘要或备注,包含,香精,,,经营类,主营业务,销售收入,760,词库
R3047,收入,摘要或备注,包含,片碱,,,经营类,主营业务,销售收入,760,词库
R3048,收入,摘要或备注,包含,加盟费,,,经营类,主营业务,销售收入,760,词库
R3049,收入,摘要或备注,包含,桩检费,,,经营类,主营业务,销售收入,760,词库
R3050,收入,摘要或备注,包含,博思款,,,经营类,主营业务,销售收入,760,词库
R3051,收入,摘要或备注,包含,吨袋款,,,经营类,主营业务,销售收入,760,词库
R3052,收入,摘要或备注,包含,涤纶,,,经营类,主营业务,销售收入,760,词库
R3053,收入,摘要或备注,包含,筛选费,,,经营类,主营业务,销售收入,760,词库
R3054,收入,摘要或备注,包含,人参,,,经营类,主营业务,销售收入,760,词库
R3055,收入,摘要或备注,包含,公杂费,,,经营类,主营业务,销售收入,760,词库
R3056,收入,摘要或备注,包含,艺术品,,,经营类,主营业务,销售收入,760,词库
R3057,收入,摘要或备注,包含,速遣费,,,经营类,主营业务,销售收入,760,词库
R3058,收入,摘要或备注,包含,免表费,,,经营类,主营业务,销售收入,760,词库
R3059,收入,摘要或备注,包含,行门楣字,,,经营类,主营业务,销售收入,760,词库
R3060,收入,摘要或备注,包含,奶款,,,经营类,主营业务,销售收入,760,词库
R3061,收入,摘要或备注,包含,瓦楞款,,,经营类,主营业务,销售收入,760,词库
R3062,收入,摘要或备注,包含,预定款,,,经营类,主营业务,销售收入,760,词库
R3063,收入,摘要或备注,包含,石雕,,,经营类,主营业务,销售收入,760,词库
R3064,收入,摘要或备注,包含,寄件,,,经营类,主营业务,销售收入,760,词库
R3065,收入,摘要或备注,包含,通勤,,,经营类,主营业务,销售收入,760,词库
R3066,收入,摘要或备注,包含,购糖,,,经营类,主营业务,销售收入,760,词库
R3067,收入,摘要或备注,包含,印染,,,经营类,主营业务,销售收入,760,词库
R3068,收入,摘要或备注,包含,资信费,,,经营类,主营业务,销售收入,760,词库
R3069,收入,摘要或备注,包含,洗浴,,,经营类,主营业务,销售收入,760,词库
R3070,收入,摘要或备注,包含,生晒,,,经营类,主营业务,销售收入,760,词库
R3071,收入,摘要或备注,包含,月排款,,,经营类,主营业务,销售收入,760,词库
R3072,收入,摘要或备注,包含,冷库费,,,经营类,主营业务,销售收入,760,词库
R3073,收入,摘要或备注,包含,防疫,,,经营类,主营业务,销售收入,760,词库
R3074,收入,摘要或备注,包含,康倍松,,,经营类,主营业务,销售收入,760,词库
R3075,收入,摘要或备注,包含,鲜花,,,经营类,主营业务,销售收入,760,词库
R3076,收入,摘要或备注,包含,加装,,,经营类,主营业务,销售收入,760,词库
R3077,收入,摘要或备注,包含,翻译款,,,经营类,主营业务,销售收入,760,词库
R3078,收入,摘要或备注,包含,展厅,,,经营类,主营业务,销售收入,760,词库
R3079,收入,摘要或备注,包含,装璜,,,经营类,主营业务,销售收入,760,词库
R3080,收入,摘要或备注,包含,公费,,,经营类,主营业务,销售收入,760,词库
R3081,收入,摘要或备注,包含,炭黑,,,经营类,主营业务,销售收入,760,词库
R3082,收入,摘要或备注,包含,电力款,,,经营类,主营业务,销售收入,760,词库
R3083,收入,摘要或备注,包含,茶具,,,经营类,主营业务,销售收入,760,词库
R3084,收入,摘要或备注,包含,标签费,,,经营类,主营业务,销售收入,760,词库
R3085,收入,摘要或备注,包含,电热圈,,,经营类,主营业务,销售收入,760,词库
R3086,收入,摘要或备注,包含,补偿款,,,经营类,主营业务,销售收入,760,词库
R3087,收入,摘要或备注,包含,短纤,,,经营类,主营业务,销售收入,760,词库
R3088,收入,摘要或备注,包含,修复款,,,经营类,主营业务,销售收入,760,词库
R3089,收入,摘要或备注,包含,铜条款,,,经营类,主营业务,销售收入,760,词库
R3090,收入,摘要或备注,包含,浆料,,,经营类,主营业务,销售收入,760,词库
R3091,收入,摘要或备注,包含,保密费,,,经营类,主营业务,销售收入,760,词库
R3092,收入,摘要或备注,包含,检品费,,,经营类,主营业务,销售收入,760,词库
R3093,收入,摘要或备注,包含,铝硅,,,经营类,主营业务,销售收入,760,词库
R3094,收入,摘要或备注,包含,铜管,,,经营类,主营业务,销售收入,760,词库
R3095,收入,摘要或备注,包含,钥匙,,,经营类,主营业务,销售收入,760,词库
R3096,收入,摘要或备注,包含,包带,,,经营类,主营业务,销售收入,760,词库
R3097,收入,摘要或备注,包含,味精,,,经营类,主营业务,销售收入,760,词库
R3098,收入,摘要或备注,包含,镁锭,,,经营类,主营业务,销售收入,760,词库
R3099,收入,摘要或备注,包含,烟花,,,经营类,主营业务,销售收入,760,词库
R3100,收入,摘要或备注,包含,铜锭款,,,经营类,主营业务,销售收入,760,词库
R3101,收入,摘要或备注,包含,冷作件,,,经营类,主营业务,销售收入,760,词库
R3102,收入,摘要或备注,包含,消泡剂,,,经营类,主营业务,销售收入,760,词库
R3103,收入,摘要或备注,包含,防暑,,,经营类,主营业务,销售收入,760,词库
R3104,收入,摘要或备注,包含,财政局经费,,,经营类,主营业务,销售收入,760,词库
R3105,收入,摘要或备注,包含,转播费,,,经营类,主营业务,销售收入,760,词库
R3106,收入,摘要或备注,包含,扬麦,,,经营类,主营业务,销售收入,760,词库
R3107,收入,摘要或备注,包含,标签款,,,经营类,主营业务,销售收入,760,词库
R3108,收入,摘要或备注,包含,购花,,,经营类,主营业务,销售收入,760,词库
R3109,收入,摘要或备注,包含,贸易款,,,经营类,主营业务,销售收入,760,词库
R3110,收入,摘要或备注,包含,仓款,,,经营类,主营业务,销售收入,760,词库
R3111,收入,摘要或备注,包含,短帘,,,经营类,主营业务,销售收入,760,词库
R3112,收入,摘要或备注,包含,铸件,,,经营类,主营业务,销售收入,760,词库
R3113,收入,摘要或备注,包含,预肘款,,,经营类,主营业务,销售收入,760,词库
R3114,收入,摘要或备注,包含,加热棒,,,经营类,主营业务,销售收入,760,词库
R3115,收入,摘要或备注,包含,甲醇,,,经营类,主营业务,销售收入,760,词库
R3116,收入,摘要或备注,包含,代工费,,,经营类,主营业务,销售收入,760,词库
R3117,收入,摘要或备注,包含,学习卡,,,经营类,主营业务,销售收入,760,词库
R3118,收入,摘要或备注,包含,云母带,,,经营类,主营业务,销售收入,760,词库
R3119,收入,摘要或备注,包含,排炮费,,,经营类,主营业务,销售收入,760,词库
R3120,收入,摘要或备注,包含,采暖,,,经营类,主营业务,销售收入,760,词库
R3121,收入,摘要或备注,包含,密码,,,经营类,主营业务,销售收入,760,词库
R3122,收入,摘要或备注,包含,询证费,,,经营类,主营业务,销售收入,760,词库
R3123,收入,摘要或备注,包含,奖励款,,,经营类,主营业务,销售收入,760,词库
R3124,收入,摘要或备注,包含,线芯,,,经营类,主营业务,销售收入,760,词库
R3125,收入,摘要或备注,包含,添加剂,,,经营类,主营业务,销售收入,760,词库
R3126,收入,摘要或备注,包含,桶件,,,经营类,主营业务,销售收入,760,词库
R3127,收入,摘要或备注,包含,购泵,,,经营类,主营业务,销售收入,760,词库
R3128,收入,摘要或备注,包含,咀嚼片,,,经营类,主营业务,销售收入,760,词库
R3129,收入,摘要或备注,包含,甲醛,,,经营类,主营业务,销售收入,760,词库
R3130,收入,摘要或备注,包含,暖气,,,经营类,主营业务,销售收入,760,词库
R3131,收入,摘要或备注,包含,生物颗粒,,,经营类,主营业务,销售收入,760,词库
R3132,收入,摘要或备注,包含,建设经费,,,经营类,主营业务,销售收入,760,词库
R3133,收入,摘要或备注,包含,客票款,,,经营类,主营业务,销售收入,760,词库
R3134,收入,摘要或备注,包含,铜杆,,,经营类,主营业务,销售收入,760,词库
R3135,收入,摘要或备注,包含,馒头,,,经营类,主营业务,销售收入,760,词库
R3136,收入,摘要或备注,包含,作业本,,,经营类,主营业务,销售收入,760,词库
R3137,收入,摘要或备注,包含,竹片款,,,经营类,主营业务,销售收入,760,词库
R3138,收入,摘要或备注,包含,火工款,,,经营类,主营业务,销售收入,760,词库
R3139,收入,摘要或备注,包含,纱边款,,,经营类,主营业务,销售收入,760,词库
R3140,收入,摘要或备注,包含,三幼费,,,经营类,主营业务,销售收入,760,词库
R3141,收入,摘要或备注,包含,中速带,,,经营类,主营业务,销售收入,760,词库
R3142,收入,摘要或备注,包含,噪费,,,经营类,主营业务,销售收入,760,词库
R3143,收入,摘要或备注,包含,降温,,,经营类,主营业务,销售收入,760,词库
R3144,收入,摘要或备注,包含,丙烯,,,经营类,主营业务,销售收入,760,词库
R3145,收入,摘要或备注,包含,防寒,,,经营类,主营业务,销售收入,760,词库
R3146,收入,摘要或备注,包含,竹帘,,,经营类,主营业务,销售收入,760,词库
R3147,收入,摘要或备注,包含,虚舱款,,,经营类,主营业务,销售收入,760,词库
R3148,收入,摘要或备注,包含,集散仓,,,经营类,主营业务,销售收入,760,词库
R3149,收入,摘要或备注,包含,三包,,,经营类,主营业务,销售收入,760,词库
R3150,收入,摘要或备注,包含,电子称,,,经营类,主营业务,销售收入,760,词库
R3151,收入,摘要或备注,包含,担倚费,,,经营类,主营业务,销售收入,760,词库
R3152,收入,摘要或备注,包含,氯酸钠,,,经营类,主营业务,销售收入,760,词库
R3153,收入,摘要或备注,包含,扩容,,,经营类,主营业务,销售收入,760,词库
R3154,收入,摘要或备注,包含,网管费,,,经营类,主营业务,销售收入,760,词库
R3155,收入,摘要或备注,包含,管件,,,经营类,主营业务,销售收入,760,词库
R3156,收入,摘要或备注,包含,水票费,,,经营类,主营业务,销售收入,760,词库
R3157,收入,摘要或备注,包含,证费,,,经营类,主营业务,销售收入,760,词库
R3158,收入,摘要或备注,包含,电夹款,,,经营类,主营业务,销售收入,760,词库
R3159,收入,摘要或备注,包含,建筑费,,,经营类,主营业务,销售收入,760,词库
R3160,收入,摘要或备注,包含,杂费,,,经营类,主营业务,销售收入,760,词库
R3161,收入,摘要或备注,包含,介绍费,,,经营类,主营业务,销售收入,760,词库
R3162,收入,摘要或备注,包含,月染费,,,经营类,主营业务,销售收入,760,词库
R3163,收入,摘要或备注,包含,竹炭,,,经营类,主营业务,销售收入,760,词库
R3164,收入,摘要或备注,包含,稻种,,,经营类,主营业务,销售收入,760,词库
R3165,收入,摘要或备注,包含,石蜡,,,经营类,主营业务,销售收入,760,词库
R3166,收入,摘要或备注,包含,腊味,,,经营类,主营业务,销售收入,760,词库
R3167,收入,摘要或备注,包含,教科费,,,经营类,主营业务,销售收入,760,词库
R3168,收入,摘要或备注,包含,竹条,,,经营类,主营业务,销售收入,760,词库
R3169,收入,摘要或备注,包含,船款,,,经营类,主营业务,销售收入,760,词库
R3170,收入,摘要或备注,包含,接单费,,,经营类,主营业务,销售收入,760,词库
R3171,收入,摘要或备注,包含,袜子,,,经营类,主营业务,销售收入,760,词库
R3172,收入,摘要或备注,包含,评定费,,,经营类,主营业务,销售收入,760,词库
R3173,收入,摘要或备注,包含,艺品,,,经营类,主营业务,销售收入,760,词库
R3174,收入,摘要或备注,包含,授权费,,,经营类,主营业务,销售收入,760,词库
R3175,收入,摘要或备注,包含,石膏,,,经营类,主营业务,销售收入,760,词库
R3176,收入,摘要或备注,包含,网购,,,经营类,主营业务,销售收入,760,词库
R3177,收入,摘要或备注,包含,麦种,,,经营类,主营业务,销售收入,760,词库
R3178,收入,摘要或备注,包含,托工费,,,经营类,主营业务,销售收入,760,词库
R3179,收入,摘要或备注,包含,球场,,,经营类,主营业务,销售收入,760,词库
R3180,收入,摘要或备注,包含,雷管,,,经营类,主营业务,销售收入,760,词库
R3181,收入,摘要或备注,包含,早餐,,,经营类,主营业务,销售收入,760,词库
R3182,收入,摘要或备注,包含,电放费,,,经营类,主营业务,销售收入,760,词库
R3183,收入,摘要或备注,包含,分析仪,,,经营类,主营业务,销售收入,760,词库
R3184,收入,摘要或备注,包含,二氧化碳,,,经营类,主营业务,销售收入,760,词库
R3185,收入,摘要或备注,包含,心电图,,,经营类,主营业务,销售收入,760,词库
R3186,收入,摘要或备注,包含,光伏款,,,经营类,主营业务,销售收入,760,词库
R3187,收入,摘要或备注,包含,盆栽,,,经营类,主营业务,销售收入,760,词库
R3188,收入,摘要或备注,包含,衔牌,,,经营类,主营业务,销售收入,760,词库
R3189,收入,摘要或备注,包含,记帐款,,,经营类,主营业务,销售收入,760,词库
R3190,收入,摘要或备注,包含,烧腊,,,经营类,主营业务,销售收入,760,词库
R3191,收入,摘要或备注,包含,茶杯,,,经营类,主营业务,销售收入,760,词库
R3192,收入,摘要或备注,包含,托架,,,经营类,主营业务,销售收入,760,词库
R3193,收入,摘要或备注,包含,收单入账,,,经营类,主营业务,销售收入,760,词库
R3194,收入,摘要或备注,包含,入金,,,经营类,主营业务,销售收入,760,词库
R3195,收入,摘要或备注,包含,进账单,,,经营类,主营业务,销售收入,760,词库
R3196,收入,摘要或备注,包含,企医月结,,,经营类,主营业务,销售收入,760,词库
R3197,收入,摘要或备注,包含,城医月结,,,经营类,主营业务,销售收入,760,词库
R3198,收入,摘要或备注,包含,企普月结,,,经营类,主营业务,销售收入,760,词库
R3199,收入,摘要或备注,包含,公医月结,,,经营类,主营业务,销售收入,760,词库
R3200,收入,摘要或备注,包含,公普月结,,,经营类,主营业务,销售收入,760,词库
R3201,收入,摘要或备注,包含,单证业务,,,经营类,主营业务,销售收入,760,词库
R3202,收入,摘要或备注,包含,粉刷费,,,经营类,主营业务,销售收入,760,词库
R3203,收入,摘要或备注,包含,装表费,,,经营类,主营业务,销售收入,760,词库
R3204,收入,摘要或备注,包含,装袋费,,,经营类,主营业务,销售收入,760,词库
R3205,收入,摘要或备注,包含,装具费,,,经营类,主营业务,销售收入,760,词库
R3206,收入,摘要或备注,包含,改建费,,,经营类,主营业务,销售收入,760,词库
R3207,收入,摘要或备注,包含,投放费,,,经营类,主营业务,销售收入,760,词库
R3208,收入,摘要或备注,包含,接线费,,,经营类,主营业务,销售收入,760,词库
R3209,收入,摘要或备注,包含,措施费,,,经营类,主营业务,销售收入,760,词库
R3210,收入,摘要或备注,包含,翻新费,,,经营类,主营业务,销售收入,760,词库
R3211,收入,摘要或备注,包含,冷媒费,,,经营类,主营业务,销售收入,760,词库
R3212,收入,摘要或备注,包含,装置费,,,经营类,主营业务,销售收入,760,词库
R3213,收入,摘要或备注,包含,茶歇,,,经营类,主营业务,销售收入,760,词库
R3214,收入,摘要或备注,包含,条形码,,,经营类,主营业务,销售收入,760,词库
R3215,收入,摘要或备注,包含,耕地费,,,经营类,主营业务,销售收入,760,词库
R3216,收入,摘要或备注,包含,裁切费,,,经营类,主营业务,销售收入,760,词库
R3217,收入,摘要或备注,包含,冰块,,,经营类,主营业务,销售收入,760,词库
R3218,收入,摘要或备注,包含,化喷费,,,经营类,主营业务,销售收入,760,词库
R3219,收入,摘要或备注,包含,修补费,,,经营类,主营业务,销售收入,760,词库
R3220,收入,摘要或备注,包含,出门费,,,经营类,主营业务,销售收入,760,词库
R3221,收入,摘要或备注,包含,拆迁,,,经营类,主营业务,销售收入,760,词库
R3222,收入,摘要或备注,包含,钻头,,,经营类,主营业务,销售收入,760,词库
R3223,收入,摘要或备注,包含,弹簧,,,经营类,主营业务,销售收入,760,词库
R3224,收入,摘要或备注,包含,外修,,,经营类,主营业务,销售收入,760,词库
R3225,收入,摘要或备注,包含,吊费,,,经营类,主营业务,销售收入,760,词库
R3226,收入,摘要或备注,包含,尽调费,,,经营类,主营业务,销售收入,760,词库
R3227,收入,摘要或备注,包含,购烟,,,经营类,主营业务,销售收入,760,词库
R3228,收入,摘要或备注,包含,制品款,,,经营类,主营业务,销售收入,760,词库
R3229,收入,摘要或备注,包含,毛巾,,,经营类,主营业务,销售收入,760,词库
R3230,收入,摘要或备注,包含,冷饮,,,经营类,主营业务,销售收入,760,词库
R3231,收入,摘要或备注,包含,棒冰,,,经营类,主营业务,销售收入,760,词库
R3232,收入,摘要或备注,包含,冰棒,,,经营类,主营业务,销售收入,760,词库
R3233,收入,摘要或备注,包含,粉刷,,,经营类,主营业务,销售收入,760,词库
R3234,收入,摘要或备注,包含,大厢款,,,经营类,主营业务,销售收入,760,词库
R3235,收入,摘要或备注,包含,衬衫,,,经营类,主营业务,销售收入,760,词库
R3236,收入,摘要或备注,包含,商务款,,,经营类,主营业务,销售收入,760,词库
R3237,收入,摘要或备注,包含,高温,,,经营类,主营业务,销售收入,760,词库
R3238,收入,摘要或备注,包含,房补,,,经营类,主营业务,销售收入,760,词库
R3239,收入,摘要或备注,包含,冰洗款,,,经营类,主营业务,销售收入,760,词库
R3240,收入,摘要或备注,包含,火工品,,,经营类,主营业务,销售收入,760,词库
R3241,收入,摘要或备注,包含,气泡袋,,,经营类,主营业务,销售收入,760,词库
R3242,收入,摘要或备注,包含,洗洁精,,,经营类,主营业务,销售收入,760,词库
R3243,收入,摘要或备注,包含,罐头,,,经营类,主营业务,销售收入,760,词库
R3244,收入,摘要或备注,包含,药业收款,,,经营类,主营业务,销售收入,760,词库
R3245,收入,摘要或备注,包含,光源款,,,经营类,主营业务,销售收入,760,词库
R3246,收入,摘要或备注,包含,产品款,,,经营类,主营业务,销售收入,760,词库
R3247,收入,摘要或备注,包含,团票款,,,经营类,主营业务,销售收入,760,词库
R3248,收入,摘要或备注,包含,讲解费,,,经营类,主营业务,销售收入,760,词库
R3249,收入,摘要或备注,包含,药材,,,经营类,主营业务,销售收入,760,词库
R3250,收入,摘要或备注,包含,套餐,,,经营类,主营业务,销售收入,760,词库
R3251,收入,摘要或备注,包含,背包,,,经营类,主营业务,销售收入,760,词库
R3252,收入,摘要或备注,包含,会员,,,经营类,主营业务,销售收入,760,词库
R3253,收入,摘要或备注,包含,灭虫,,,经营类,主营业务,销售收入,760,词库
R3254,收入,摘要或备注,包含,泵头款,,,经营类,主营业务,销售收入,760,词库
R3255,收入,摘要或备注,包含,税服费,,,经营类,主营业务,销售收入,760,词库
R3256,收入,摘要或备注,包含,门头,,,经营类,主营业务,销售收入,760,词库
R3257,收入,摘要或备注,包含,低硫费,,,经营类,主营业务,销售收入,760,词库
R3258,收入,摘要或备注,包含,废料,,,经营类,主营业务,销售收入,760,词库
R3259,收入,摘要或备注,包含,船检费,,,经营类,主营业务,销售收入,760,词库
R3260,收入,摘要或备注,包含,勘探费,,,经营类,主营业务,销售收入,760,词库
R3261,收入,摘要或备注,包含,木片,,,经营类,主营业务,销售收入,760,词库
R3262,收入,摘要或备注,包含,卡尺,,,经营类,主营业务,销售收入,760,词库
R3263,收入,摘要或备注,包含,分成费,,,经营类,主营业务,销售收入,760,词库
R3264,收入,摘要或备注,包含,面单款,,,经营类,主营业务,销售收入,760,词库
R3265,收入,摘要或备注,包含,型材款,,,经营类,主营业务,销售收入,760,词库
R3266,收入,摘要或备注,包含,宣传片,,,经营类,主营业务,销售收入,760,词库
R3267,收入,摘要或备注,包含,报件费,,,经营类,主营业务,销售收入,760,词库
R3268,收入,摘要或备注,包含,耗用品,,,经营类,主营业务,销售收入,760,词库
R3269,收入,摘要或备注,包含,铜件,,,经营类,主营业务,销售收入,760,词库
R3270,收入,摘要或备注,包含,展销,,,经营类,主营业务,销售收入,760,词库
R3271,收入,摘要或备注,包含,绳轮,,,经营类,主营业务,销售收入,760,词库
R3272,收入,摘要或备注,包含,店庆费,,,经营类,主营业务,销售收入,760,词库
R3273,收入,摘要或备注,包含,扫描费,,,经营类,主营业务,销售收入,760,词库
R3274,收入,摘要或备注,包含,工人费,,,经营类,主营业务,销售收入,760,词库
R3275,收入,摘要或备注,包含,人员费,,,经营类,主营业务,销售收入,760,词库
R3276,收入,摘要或备注,包含,中空费,,,经营类,主营业务,销售收入,760,词库
R3277,收入,摘要或备注,包含,演示费,,,经营类,主营业务,销售收入,760,词库
R3278,收入,摘要或备注,包含,公用费,,,经营类,主营业务,销售收入,760,词库
R3279,收入,摘要或备注,包含,清罐,,,经营类,主营业务,销售收入,760,词库
R3280,收入,摘要或备注,包含,冲针,,,经营类,主营业务,销售收入,760,词库
R3281,收入,摘要或备注,包含,法码费,,,经营类,主营业务,销售收入,760,词库
R3282,收入,摘要或备注,包含,返利款,,,经营类,主营业务,销售收入,760,词库
R3283,收入,摘要或备注,包含,封皮费,,,经营类,主营业务,销售收入,760,词库
R3284,收入,摘要或备注,包含,样块,,,经营类,主营业务,销售收入,760,词库
R3285,收入,摘要或备注,包含,单页费,,,经营类,主营业务,销售收入,760,词库
R3286,收入,摘要或备注,包含,中医馆,,,经营类,主营业务,销售收入,760,词库
R3287,收入,摘要或备注,包含,临检费,,,经营类,主营业务,销售收入,760,词库
R3288,收入,摘要或备注,包含,完工款,,,经营类,主营业务,销售收入,760,词库
R3289,收入,摘要或备注,包含,剩料,,,经营类,主营业务,销售收入,760,词库
R3290,收入,摘要或备注,包含,制冷,,,经营类,主营业务,销售收入,760,词库
R3291,收入,摘要或备注,包含,进仓费,,,经营类,主营业务,销售收入,760,词库
R3292,收入,摘要或备注,包含,抄表费,,,经营类,主营业务,销售收入,760,词库
R3293,收入,摘要或备注,包含,滴滴,,,经营类,主营业务,销售收入,760,词库
R3294,收入,摘要或备注,包含,地接费,,,经营类,主营业务,销售收入,760,词库
R3295,收入,摘要或备注,包含,部分款,,,经营类,主营业务,销售收入,760,词库
R3296,收入,摘要或备注,包含,基材款,,,经营类,主营业务,销售收入,760,词库
R3297,收入,摘要或备注,包含,硼酸,,,经营类,主营业务,销售收入,760,词库
R3298,收入,摘要或备注,包含,种苗,,,经营类,主营业务,销售收入,760,词库
R3299,收入,摘要或备注,包含,礼包,,,经营类,主营业务,销售收入,760,词库
R3300,收入,摘要或备注,包含,通渠费,,,经营类,主营业务,销售收入,760,词库
R3301,收入,摘要或备注,包含,宴请,,,经营类,主营业务,销售收入,760,词库
R3302,收入,摘要或备注,包含,调校费,,,经营类,主营业务,销售收入,760,词库
R3303,收入,摘要或备注,包含,超限费,,,经营类,主营业务,销售收入,760,词库
R3304,收入,摘要或备注,包含,尿素,,,经营类,主营业务,销售收入,760,词库
R3305,收入,摘要或备注,包含,奖品,,,经营类,主营业务,销售收入,760,词库
R3306,收入,摘要或备注,包含,中检费,,,经营类,主营业务,销售收入,760,词库
R3307,收入,摘要或备注,包含,资占费,,,经营类,主营业务,销售收入,760,词库
R3308,收入,摘要或备注,包含,勘测,,,经营类,主营业务,销售收入,760,词库
R3309,收入,摘要或备注,包含,延保款,,,经营类,主营业务,销售收入,760,词库
R3310,收入,摘要或备注,包含,鞭炮,,,经营类,主营业务,销售收入,760,词库
R3311,收入,摘要或备注,包含,修布费,,,经营类,主营业务,销售收入,760,词库
R3312,收入,摘要或备注,包含,团建,,,经营类,主营业务,销售收入,760,词库
R3313,收入,摘要或备注,包含,碘款,,,经营类,主营业务,销售收入,760,词库
R3314,收入,摘要或备注,包含,孔枪,,,经营类,主营业务,销售收入,760,词库
R3315,收入,摘要或备注,包含,光伏费,,,经营类,主营业务,销售收入,760,词库
R3316,收入,摘要或备注,包含,跟拍费,,,经营类,主营业务,销售收入,760,词库
R3317,收入,摘要或备注,包含,核查费,,,经营类,主营业务,销售收入,760,词库
R3318,收入,摘要或备注,包含,新品费,,,经营类,主营业务,销售收入,760,词库
R3319,收入,摘要或备注,包含,精碘款,,,经营类,主营业务,销售收入,760,词库
R3320,收入,摘要或备注,包含,数据整合,,,经营类,主营业务,销售收入,760,词库
R3321,收入,摘要或备注,包含,坐便款,,,经营类,主营业务,销售收入,760,词库
R3322,收入,摘要或备注,包含,桶款,,,经营类,主营业务,销售收入,760,词库
R3323,收入,摘要或备注,包含,划线费,,,经营类,主营业务,销售收入,760,词库
R3324,收入,摘要或备注,包含,红茶,,,经营类,主营业务,销售收入,760,词库
R3325,收入,摘要或备注,包含,刊费,,,经营类,主营业务,销售收入,760,词库
R3326,收入,摘要或备注,包含,春联,,,经营类,主营业务,销售收入,760,词库
R3327,收入,摘要或备注,包含,化工费,,,经营类,主营业务,销售收入,760,词库
R3328,收入,摘要或备注,包含,全站仪,,,经营类,主营业务,销售收入,760,词库
R3329,收入,摘要或备注,包含,地垫款,,,经营类,主营业务,销售收入,760,词库
R3330,收入,摘要或备注,包含,用品费,,,经营类,主营业务,销售收入,760,词库
R3331,收入,摘要或备注,包含,诊所,,,经营类,主营业务,销售收入,760,词库
R3332,收入,摘要或备注,包含,汤圆,,,经营类,主营业务,销售收入,760,词库
R3333,收入,摘要或备注,包含,检校费,,,经营类,主营业务,销售收入,760,词库
R3334,收入,摘要或备注,包含,施救,,,经营类,主营业务,销售收入,760,词库
R3335,收入,摘要或备注,包含,临时牌,,,经营类,主营业务,销售收入,760,词库
R3336,收入,摘要或备注,包含,滞港费,,,经营类,主营业务,销售收入,760,词库
R3337,收入,摘要或备注,包含,寸屏款,,,经营类,主营业务,销售收入,760,词库
R3338,收入,摘要或备注,包含,预售款,,,经营类,主营业务,销售收入,760,词库
R3339,收入,摘要或备注,包含,碘片,,,经营类,主营业务,销售收入,760,词库
R3340,收入,摘要或备注,包含,电榄,,,经营类,主营业务,销售收入,760,词库
R3341,收入,摘要或备注,包含,邀请函,,,经营类,主营业务,销售收入,760,词库
R3342,收入,摘要或备注,包含,广促费,,,经营类,主营业务,销售收入,760,词库
R3343,收入,摘要或备注,包含,代垫费,,,经营类,主营业务,销售收入,760,词库
R3344,收入,摘要或备注,包含,打包费,,,经营类,主营业务,销售收入,760,词库
R3345,收入,摘要或备注,包含,储存,,,经营类,主营业务,销售收入,760,词库
R3346,收入,摘要或备注,包含,阻容款,,,经营类,主营业务,销售收入,760,词库
R3347,收入,摘要或备注,包含,展览,,,经营类,主营业务,销售收入,760,词库
R3348,收入,摘要或备注,包含,整备费,,,经营类,主营业务,销售收入,760,词库
R3349,收入,摘要或备注,包含,种子,,,经营类,主营业务,销售收入,760,词库
R3350,收入,摘要或备注,包含,演员费,,,经营类,主营业务,销售收入,760,词库
R3351,收入,摘要或备注,包含,猫眼款,,,经营类,主营业务,销售收入,760,词库
R3352,收入,摘要或备注,包含,意外险,,,经营类,主营业务,销售收入,760,词库
R3353,收入,摘要或备注,包含,特产,,,经营类,主营业务,销售收入,760,词库
R3354,收入,摘要或备注,包含,水票,,,经营类,主营业务,销售收入,760,词库
R3355,收入,摘要或备注,包含,芝麻款,,,经营类,主营业务,销售收入,760,词库
R3356,收入,摘要或备注,包含,锚具,,,经营类,主营业务,销售收入,760,词库
R3357,收入,摘要或备注,包含,拉皮费,,,经营类,主营业务,销售收入,760,词库
R3358,收入,摘要或备注,包含,答辩费,,,经营类,主营业务,销售收入,760,词库
R3359,收入,摘要或备注,包含,陈酿,,,经营类,主营业务,销售收入,760,词库
R3360,收入,摘要或备注,包含,苏务费,,,经营类,主营业务,销售收入,760,词库
R3361,收入,摘要或备注,包含,预评费,,,经营类,主营业务,销售收入,760,词库
R3362,收入,摘要或备注,包含,解算费,,,经营类,主营业务,销售收入,760,词库
R3363,收入,摘要或备注,包含,搪瓷款,,,经营类,主营业务,销售收入,760,词库
R3364,收入,摘要或备注,包含,经营费,,,经营类,主营业务,销售收入,760,词库
R3365,收入,摘要或备注,包含,购销款,,,经营类,主营业务,销售收入,760,词库
R3366,收入,摘要或备注,包含,入驻费,,,经营类,主营业务,销售收入,760,词库
R3367,收入,摘要或备注,包含,门店收款,,,经营类,主营业务,销售收入,760,词库
R3368,收入,摘要或备注,包含,铁塔款,,,经营类,主营业务,销售收入,760,词库
R3369,收入,摘要或备注,包含,锅圈,,,经营类,主营业务,销售收入,760,词库
R3370,收入,摘要或备注,包含,娱乐,,,经营类,主营业务,销售收入,760,词库
R3371,收入,摘要或备注,包含,异色粒,,,经营类,主营业务,销售收入,760,词库
R3372,收入,摘要或备注,包含,底炉,,,经营类,主营业务,销售收入,760,词库
R3373,收入,摘要或备注,包含,帐篷,,,经营类,主营业务,销售收入,760,词库
R3374,收入,摘要或备注,包含,猪蹄子,,,经营类,主营业务,销售收入,760,词库
R3375,收入,摘要或备注,包含,桌,,,经营类,主营业务,销售收入,760,词库
R3376,收入,摘要或备注,包含,屏蔽罩,,,经营类,主营业务,销售收入,760,词库
R3377,收入,摘要或备注,包含,数据线,,,经营类,主营业务,销售收入,760,词库
R3378,收入,摘要或备注,包含,月餐,,,经营类,主营业务,销售收入,760,词库
R3379,收入,摘要或备注,包含,喷绘,,,经营类,主营业务,销售收入,760,词库
R3380,收入,摘要或备注,包含,灶具,,,经营类,主营业务,销售收入,760,词库
R3381,收入,摘要或备注,包含,电具,,,经营类,主营业务,销售收入,760,词库
R3382,收入,摘要或备注,包含,电阻,,,经营类,主营业务,销售收入,760,词库
R3383,收入,摘要或备注,包含,电容,,,经营类,主营业务,销售收入,760,词库
R3384,收入,摘要或备注,包含,标牌,,,经营类,主营业务,销售收入,760,词库
R3385,收入,摘要或备注,包含,电筒,,,经营类,主营业务,销售收入,760,词库
R3386,收入,摘要或备注,包含,扫描头,,,经营类,主营业务,销售收入,760,词库
R3387,收入,摘要或备注,包含,扫描,,,经营类,主营业务,销售收入,760,词库
R3388,收入,摘要或备注,包含,触摸屏,,,经营类,主营业务,销售收入,760,词库
R3389,收入,摘要或备注,包含,标准物质,,,经营类,主营业务,销售收入,760,词库
R3390,收入,摘要或备注,包含,购茶,,,经营类,主营业务,销售收入,760,词库
R3391,收入,摘要或备注,包含,调试,,,经营类,主营业务,销售收入,760,词库
R3392,收入,摘要或备注,包含,壳件,,,经营类,主营业务,销售收入,760,词库
R3393,收入,摘要或备注,包含,工作餐,,,经营类,主营业务,销售收入,760,词库
R3394,收入,摘要或备注,包含,顶针,,,经营类,主营业务,销售收入,760,词库
R3395,收入,摘要或备注,包含,茶款,,,经营类,主营业务,销售收入,760,词库
R3396,收入,摘要或备注,包含,茶费,,,经营类,主营业务,销售收入,760,词库
R3397,收入,摘要或备注,包含,水稻,,,经营类,主营业务,销售收入,760,词库
R3398,收入,摘要或备注,包含,寸片,,,经营类,主营业务,销售收入,760,词库
R3399,收入,摘要或备注,包含,电场变频,,,经营类,主营业务,销售收入,760,词库
R3400,收入,摘要或备注,包含,药用,,,经营类,主营业务,销售收入,760,词库
R3401,收入,摘要或备注,包含,营业,,,经营类,主营业务,销售收入,760,词库
R3402,收入,摘要或备注,包含,防火,,,经营类,主营业务,销售收入,760,词库
R3403,收入,摘要或备注,包含,防盗,,,经营类,主营业务,销售收入,760,词库
R3404,收入,摘要或备注,包含,保暖,,,经营类,主营业务,销售收入,760,词库
R3405,收入,摘要或备注,包含,行政,,,经营类,主营业务,销售收入,760,词库
R3406,收入,摘要或备注,包含,补漏,,,经营类,主营业务,销售收入,760,词库
R3407,收入,摘要或备注,包含,屠宰,,,经营类,主营业务,销售收入,760,词库
R3408,收入,摘要或备注,包含,画费,,,经营类,主营业务,销售收入,760,词库
R3409,收入,摘要或备注,包含,出库,,,经营类,主营业务,销售收入,760,词库
R3410,收入,摘要或备注,包含,数据费,,,经营类,主营业务,销售收入,760,词库
R3411,收入,摘要或备注,包含,电管,,,经营类,主营业务,销售收入,760,词库
R3412,收入,摘要或备注,包含,桶装,,,经营类,主营业务,销售收入,760,词库
R3413,收入,摘要或备注,包含,税单交换,,,经营类,主营业务,销售收入,760,词库
R3414,收入,摘要或备注,包含,商票交换,,,经营类,主营业务,销售收入,760,词库
R3415,收入,摘要或备注,包含,银票交换,,,经营类,主营业务,销售收入,760,词库
R3416,收入,摘要或备注,包含,贷记交换,,,经营类,主营业务,销售收入,760,词库
R3417,收入,摘要或备注,包含,银联商户贷记,,,经营类,主营业务,销售收入,760,词库
R3418,收入,摘要或备注,包含,银联贷记,,,经营类,主营业务,销售收入,760,词库
R3419,收入,摘要或备注,包含,苏宁易购,,,经营类,主营业务,销售收入,760,词库
R3420,收入,摘要或备注,包含,饿了么,,,经营类,主营业务,销售收入,760,词库
R3421,收入,摘要或备注,包含,饭票,,,经营类,主营业务,销售收入,760,词库
R3422,收入,摘要或备注,包含,工业萘,,,经营类,主营业务,销售收入,760,词库
R3423,收入,摘要或备注,包含,店日销,,,经营类,主营业务,销售收入,760,词库
R3424,收入,摘要或备注,包含,用品,,,经营类,主营业务,销售收入,760,词库
R3425,收入,摘要或备注,包含,美食,,,经营类,主营业务,销售收入,760,词库
R3426,收入,摘要或备注,包含,大货,,,经营类,主营业务,销售收入,760,词库
R3427,收入,摘要或备注,包含,二甘醇,,,经营类,主营业务,销售收入,760,词库
R3428,收入,摘要或备注,包含,餐补,,,经营类,主营业务,销售收入,760,词库
R3429,收入,摘要或备注,包含,水暖费,,,经营类,主营业务,销售收入,760,词库
R3430,收入,摘要或备注,包含,儿童,,,经营类,主营业务,销售收入,760,词库
R3431,收入,摘要或备注,包含,中国移动,,,经营类,主营业务,销售收入,760,词库
R3432,收入,摘要或备注,包含,焖锅,,,经营类,主营业务,销售收入,760,词库
R3433,收入,摘要或备注,包含,万达,,,经营类,主营业务,销售收入,760,词库
R3434,收入,摘要或备注,包含,高露洁,,,经营类,主营业务,销售收入,760,词库
R3435,收入,摘要或备注,包含,快餐,,,经营类,主营业务,销售收入,760,词库
R3436,收入,摘要或备注,包含,餐食费,,,经营类,主营业务,销售收入,760,词库
R3437,收入,摘要或备注,包含,大桶水,,,经营类,主营业务,销售收入,760,词库
R3438,收入,摘要或备注,包含,童装,,,经营类,主营业务,销售收入,760,词库
R3439,收入,摘要或备注,包含,营业额,,,经营类,主营业务,销售收入,760,词库
R3440,收入,摘要或备注,包含,牙刷,,,经营类,主营业务,销售收入,760,词库
R3441,收入,摘要或备注,包含,后勤,,,经营类,主营业务,销售收入,760,词库
R3442,收入,摘要或备注,包含,奖励金,,,经营类,主营业务,销售收入,760,词库
R3443,收入,摘要或备注,包含,打井费,,,经营类,主营业务,销售收入,760,词库
R3444,收入,摘要或备注,包含,产品,,,经营类,主营业务,销售收入,760,词库
R3445,收入,摘要或备注,包含,打结刀,,,经营类,主营业务,销售收入,760,词库
R3446,收入,摘要或备注,包含,固定片,,,经营类,主营业务,销售收入,760,词库
R3447,收入,摘要或备注,包含,外服费,,,经营类,主营业务,销售收入,760,词库
R3448,收入,摘要或备注,包含,红土款,,,经营类,主营业务,销售收入,760,词库
R3449,收入,摘要或备注,包含,基地保温,,,经营类,主营业务,销售收入,760,词库
R3450,收入,摘要或备注,包含,更名费,,,经营类,主营业务,销售收入,760,词库
R3451,收入,摘要或备注,包含,供应商结款,,,经营类,主营业务,销售收入,760,词库
R3452,收入,摘要或备注,包含,承销费,,,经营类,主营业务,销售收入,760,词库
R3453,收入,摘要或备注,包含,测色仪,,,经营类,主营业务,销售收入,760,词库
R3454,收入,摘要或备注,包含,购气,,,经营类,主营业务,销售收入,760,词库
R3455,收入,摘要或备注,包含,进店费,,,经营类,主营业务,销售收入,760,词库
R3456,收入,摘要或备注,包含,资材费,,,经营类,主营业务,销售收入,760,词库
R3457,收入,摘要或备注,包含,干洗,,,经营类,主营业务,销售收入,760,词库
R3458,收入,摘要或备注,包含,带宽费,,,经营类,主营业务,销售收入,760,词库
R3459,收入,摘要或备注,包含,年稿费,,,经营类,主营业务,销售收入,760,词库
R3460,收入,摘要或备注,包含,扎丝款,,,经营类,主营业务,销售收入,760,词库
R3461,收入,摘要或备注,包含,细纱管,,,经营类,主营业务,销售收入,760,词库
R3462,收入,摘要或备注,包含,展款,,,经营类,主营业务,销售收入,760,词库
R3463,收入,摘要或备注,包含,劈刀,,,经营类,主营业务,销售收入,760,词库
R3464,收入,摘要或备注,包含,吸嘴,,,经营类,主营业务,销售收入,760,词库
R3465,收入,摘要或备注,包含,球阀费,,,经营类,主营业务,销售收入,760,词库
R3466,收入,摘要或备注,包含,异丙醇胺,,,经营类,主营业务,销售收入,760,词库
R3467,收入,摘要或备注,包含,化工品,,,经营类,主营业务,销售收入,760,词库
R3468,收入,摘要或备注,包含,琴,,,经营类,主营业务,销售收入,760,词库
R3469,收入,摘要或备注,包含,挂图费,,,经营类,主营业务,销售收入,760,词库
R3470,收入,摘要或备注,包含,温度计,,,经营类,主营业务,销售收入,760,词库
R3471,收入,摘要或备注,包含,电磁阀,,,经营类,主营业务,销售收入,760,词库
R3472,收入,摘要或备注,包含,氨氮,,,经营类,主营业务,销售收入,760,词库
R3473,收入,摘要或备注,包含,买单,,,经营类,主营业务,销售收入,760,词库
R3474,收入,摘要或备注,包含,罩棚,,,经营类,主营业务,销售收入,760,词库
R3475,收入,摘要或备注,包含,点工费,,,经营类,主营业务,销售收入,760,词库
R3476,收入,摘要或备注,包含,工作台,,,经营类,主营业务,销售收入,760,词库
R3477,收入,摘要或备注,包含,开户费,,,经营类,主营业务,销售收入,760,词库
R3478,收入,摘要或备注,包含,兼职费,,,经营类,主营业务,销售收入,760,词库
R3479,收入,摘要或备注,包含,苏打水,,,经营类,主营业务,销售收入,760,词库
R3480,收入,摘要或备注,包含,网格圈,,,经营类,主营业务,销售收入,760,词库
R3481,收入,摘要或备注,包含,厨余费,,,经营类,主营业务,销售收入,760,词库
R3482,收入,摘要或备注,包含,噪音,,,经营类,主营业务,销售收入,760,词库
R3483,收入,摘要或备注,包含,焊带,,,经营类,主营业务,销售收入,760,词库
R3484,收入,摘要或备注,包含,插画,,,经营类,主营业务,销售收入,760,词库
R3485,收入,摘要或备注,包含,聚醚多元醇,,,经营类,主营业务,销售收入,760,词库
R3486,收入,摘要或备注,包含,贴片费,,,经营类,主营业务,销售收入,760,词库
R3487,收入,摘要或备注,包含,购膜,,,经营类,主营业务,销售收入,760,词库
R3488,收入,摘要或备注,包含,财务交款,,,经营类,主营业务,销售收入,760,词库
R3489,收入,摘要或备注,包含,劈款,,,经营类,主营业务,销售收入,760,词库
R3490,收入,摘要或备注,包含,扎带,,,经营类,主营业务,销售收入,760,词库
R3491,收入,摘要或备注,包含,诊疗费,,,经营类,主营业务,销售收入,760,词库
R3492,收入,摘要或备注,包含,席位费,,,经营类,主营业务,销售收入,760,词库
R3493,收入,摘要或备注,包含,砂带,,,经营类,主营业务,销售收入,760,词库
R3494,收入,摘要或备注,包含,办登费,,,经营类,主营业务,销售收入,760,词库
R3495,收入,摘要或备注,包含,外套,,,经营类,主营业务,销售收入,760,词库
R3496,收入,摘要或备注,包含,土建费,,,经营类,主营业务,销售收入,760,词库
R3497,收入,摘要或备注,包含,外部拉新,,,经营类,主营业务,销售收入,760,词库
R3498,收入,摘要或备注,包含,安全费,,,经营类,主营业务,销售收入,760,词库
R3499,收入,摘要或备注,包含,反光片,,,经营类,主营业务,销售收入,760,词库
R3500,收入,摘要或备注,包含,饲养费,,,经营类,主营业务,销售收入,760,词库
R3501,收入,摘要或备注,包含,围档,,,经营类,主营业务,销售收入,760,词库
R3502,收入,摘要或备注,包含,著作费,,,经营类,主营业务,销售收入,760,词库
R3503,收入,摘要或备注,包含,牙膏,,,经营类,主营业务,销售收入,760,词库
R3504,收入,摘要或备注,包含,冷柜,,,经营类,主营业务,销售收入,760,词库
R3505,收入,摘要或备注,包含,租摆费,,,经营类,主营业务,销售收入,760,词库
R3506,收入,摘要或备注,包含,冷链费,,,经营类,主营业务,销售收入,760,词库
R3507,收入,摘要或备注,包含,客服费,,,经营类,主营业务,销售收入,760,词库
R3508,收入,摘要或备注,包含,装裱费,,,经营类,主营业务,销售收入,760,词库
R3509,收入,摘要或备注,包含,开发款,,,经营类,主营业务,销售收入,760,词库
R3510,收入,摘要或备注,包含,砂轮,,,经营类,主营业务,销售收入,760,词库
R3511,收入,摘要或备注,包含,茶壶,,,经营类,主营业务,销售收入,760,词库
R3512,收入,摘要或备注,包含,耐腐蚀泵,,,经营类,主营业务,销售收入,760,词库
R3513,收入,摘要或备注,包含,购热力,,,经营类,主营业务,销售收入,760,词库
R3514,收入,摘要或备注,包含,熟食,,,经营类,主营业务,销售收入,760,词库
R3515,收入,摘要或备注,包含,树酯,,,经营类,主营业务,销售收入,760,词库
R3516,收入,摘要或备注,包含,买膜,,,经营类,主营业务,销售收入,760,词库
R3517,收入,摘要或备注,包含,螺母,,,经营类,主营业务,销售收入,760,词库
R3518,收入,摘要或备注,包含,犬粮,,,经营类,主营业务,销售收入,760,词库
R3519,收入,摘要或备注,包含,云梯,,,经营类,主营业务,销售收入,760,词库
R3520,收入,摘要或备注,包含,报备费,,,经营类,主营业务,销售收入,760,词库
R3521,收入,摘要或备注,包含,聚酰胺,,,经营类,主营业务,销售收入,760,词库
R3522,收入,摘要或备注,包含,审验费,,,经营类,主营业务,销售收入,760,词库
R3523,收入,摘要或备注,包含,证件,,,经营类,主营业务,销售收入,760,词库
R3524,收入,摘要或备注,包含,课堂费,,,经营类,主营业务,销售收入,760,词库
R3525,收入,摘要或备注,包含,螺柱扣件,,,经营类,主营业务,销售收入,760,词库
R3526,收入,摘要或备注,包含,针布,,,经营类,主营业务,销售收入,760,词库
R3527,收入,摘要或备注,包含,购券款,,,经营类,主营业务,销售收入,760,词库
R3528,收入,摘要或备注,包含,空间费,,,经营类,主营业务,销售收入,760,词库
R3529,收入,摘要或备注,包含,乳化款,,,经营类,主营业务,销售收入,760,词库
R3530,收入,摘要或备注,包含,光幕,,,经营类,主营业务,销售收入,760,词库
R3531,收入,摘要或备注,包含,保温炉,,,经营类,主营业务,销售收入,760,词库
R3532,收入,摘要或备注,包含,报废处置,,,经营类,主营业务,销售收入,760,词库
R3533,收入,摘要或备注,包含,叉子,,,经营类,主营业务,销售收入,760,词库
R3534,收入,摘要或备注,包含,售后费,,,经营类,主营业务,销售收入,760,词库
R3535,收入,摘要或备注,包含,护肤品,,,经营类,主营业务,销售收入,760,词库
R3536,收入,摘要或备注,包含,打字费,,,经营类,主营业务,销售收入,760,词库
R3537,收入,摘要或备注,包含,闪送,,,经营类,主营业务,销售收入,760,词库
R3538,收入,摘要或备注,包含,芝士款,,,经营类,主营业务,销售收入,760,词库
R3539,收入,摘要或备注,包含,实验款,,,经营类,主营业务,销售收入,760,词库
R3540,收入,摘要或备注,包含,课题费,,,经营类,主营业务,销售收入,760,词库
R3541,收入,摘要或备注,包含,勘探钻井,,,经营类,主营业务,销售收入,760,词库
R3542,收入,摘要或备注,包含,碳块,,,经营类,主营业务,销售收入,760,词库
R3543,收入,摘要或备注,包含,软著费,,,经营类,主营业务,销售收入,760,词库
R3544,收入,摘要或备注,包含,标贴费,,,经营类,主营业务,销售收入,760,词库
R3545,收入,摘要或备注,包含,螃蟹,,,经营类,主营业务,销售收入,760,词库
R3546,收入,摘要或备注,包含,保关费,,,经营类,主营业务,销售收入,760,词库
R3547,收入,摘要或备注,包含,保健品,,,经营类,主营业务,销售收入,760,词库
R3548,收入,摘要或备注,包含,到期帐款,,,经营类,主营业务,销售收入,760,词库
R3549,收入,摘要或备注,包含,钢坯,,,经营类,主营业务,销售收入,760,词库
R3550,收入,摘要或备注,包含,匠工场,,,经营类,主营业务,销售收入,760,词库
R3551,收入,摘要或备注,包含,图审费,,,经营类,主营业务,销售收入,760,词库
R3552,收入,摘要或备注,包含,二硫化碳,,,经营类,主营业务,销售收入,760,词库
R3553,收入,摘要或备注,包含,吊锭,,,经营类,主营业务,销售收入,760,词库
R3554,收入,摘要或备注,包含,苯酐,,,经营类,主营业务,销售收入,760,词库
R3555,收入,摘要或备注,包含,百叶帘,,,经营类,主营业务,销售收入,760,词库
R3556,收入,摘要或备注,包含,隔离网,,,经营类,主营业务,销售收入,760,词库
R3557,收入,摘要或备注,包含,滋补品,,,经营类,主营业务,销售收入,760,词库
R3558,收入,摘要或备注,包含,出库费,,,经营类,主营业务,销售收入,760,词库
R3559,收入,摘要或备注,包含,认购费,,,经营类,主营业务,销售收入,760,词库
R3560,收入,摘要或备注,包含,杨木,,,经营类,主营业务,销售收入,760,词库
R3561,收入,摘要或备注,包含,复评费,,,经营类,主营业务,销售收入,760,词库
R3562,收入,摘要或备注,包含,芝士,,,经营类,主营业务,销售收入,760,词库
R3563,收入,摘要或备注,包含,桩基款,,,经营类,主营业务,销售收入,760,词库
R3564,收入,摘要或备注,包含,用能费,,,经营类,主营业务,销售收入,760,词库
R3565,收入,摘要或备注,包含,除草剂,,,经营类,主营业务,销售收入,760,词库
R3566,收入,摘要或备注,包含,摄制费,,,经营类,主营业务,销售收入,760,词库
R3567,收入,摘要或备注,包含,厕所,,,经营类,主营业务,销售收入,760,词库
R3568,收入,摘要或备注,包含,抱箍,,,经营类,主营业务,销售收入,760,词库
R3569,收入,摘要或备注,包含,检具款,,,经营类,主营业务,销售收入,760,词库
R3570,收入,摘要或备注,包含,餐券,,,经营类,主营业务,销售收入,760,词库
R3571,收入,摘要或备注,包含,预订费,,,经营类,主营业务,销售收入,760,词库
R3572,收入,摘要或备注,包含,印名片,,,经营类,主营业务,销售收入,760,词库
R3573,收入,摘要或备注,包含,氟利昂,,,经营类,主营业务,销售收入,760,词库
R3574,收入,摘要或备注,包含,买漆,,,经营类,主营业务,销售收入,760,词库
R3575,收入,摘要或备注,包含,原煤,,,经营类,主营业务,销售收入,760,词库
R3576,收入,摘要或备注,包含,冲孔网,,,经营类,主营业务,销售收入,760,词库
R3577,收入,摘要或备注,包含,直播款,,,经营类,主营业务,销售收入,760,词库
R3578,收入,摘要或备注,包含,速记费,,,经营类,主营业务,销售收入,760,词库
R3579,收入,摘要或备注,包含,香烟,,,经营类,主营业务,销售收入,760,词库
R3580,收入,摘要或备注,包含,促销品,,,经营类,主营业务,销售收入,760,词库
R3581,收入,摘要或备注,包含,破碎分拣,,,经营类,主营业务,销售收入,760,词库
R3582,收入,摘要或备注,包含,氟化铝,,,经营类,主营业务,销售收入,760,词库
R3583,收入,摘要或备注,包含,小工,,,经营类,主营业务,销售收入,760,词库
R3584,收入,摘要或备注,包含,翻修,,,经营类,主营业务,销售收入,760,词库
R3585,收入,摘要或备注,包含,付供应商,,,经营类,主营业务,销售收入,760,词库
R3586,收入,摘要或备注,包含,汽费,,,经营类,主营业务,销售收入,760,词库
R3587,收入,摘要或备注,包含,查体费,,,经营类,主营业务,销售收入,760,词库
R3588,收入,摘要或备注,包含,接口调用,,,经营类,主营业务,销售收入,760,词库
R3589,收入,摘要或备注,包含,软门帘,,,经营类,主营业务,销售收入,760,词库
R3590,收入,摘要或备注,包含,插芯款,,,经营类,主营业务,销售收入,760,词库
R3591,收入,摘要或备注,包含,打的,,,经营类,主营业务,销售收入,760,词库
R3592,收入,摘要或备注,包含,石灰,,,经营类,主营业务,销售收入,760,词库
R3593,收入,摘要或备注,包含,司庆费,,,经营类,主营业务,销售收入,760,词库
R3594,收入,摘要或备注,包含,购塔香,,,经营类,主营业务,销售收入,760,词库
R3595,收入,摘要或备注,包含,警犬,,,经营类,主营业务,销售收入,760,词库
R3596,收入,摘要或备注,包含,喷费,,,经营类,主营业务,销售收入,760,词库
R3597,收入,摘要或备注,包含,遮阴网,,,经营类,主营业务,销售收入,760,词库
R3598,收入,摘要或备注,包含,硬脂酸,,,经营类,主营业务,销售收入,760,词库
R3599,收入,摘要或备注,包含,稿费杂工,,,经营类,主营业务,销售收入,760,词库
R3600,收入,摘要或备注,包含,购管,,,经营类,主营业务,销售收入,760,词库
R3601,收入,摘要或备注,包含,闸蟹,,,经营类,主营业务,销售收入,760,词库
R3602,收入,摘要或备注,包含,监测仪,,,经营类,主营业务,销售收入,760,词库
R3603,收入,摘要或备注,包含,下料,,,经营类,主营业务,销售收入,760,词库
R3604,收入,摘要或备注,包含,煤碳,,,经营类,主营业务,销售收入,760,词库
R3605,收入,摘要或备注,包含,聚醚,,,经营类,主营业务,销售收入,760,词库
R3606,收入,摘要或备注,包含,供应款,,,经营类,主营业务,销售收入,760,词库
R3607,收入,摘要或备注,包含,修漆费,,,经营类,主营业务,销售收入,760,词库
R3608,收入,摘要或备注,包含,外包客服,,,经营类,主营业务,销售收入,760,词库
R3609,收入,摘要或备注,包含,主食,,,经营类,主营业务,销售收入,760,词库
R3610,收入,摘要或备注,包含,样件费,,,经营类,主营业务,销售收入,760,词库
R3611,收入,摘要或备注,包含,诊查费,,,经营类,主营业务,销售收入,760,词库
R3612,收入,摘要或备注,包含,儿童款,,,经营类,主营业务,销售收入,760,词库
R3613,收入,摘要或备注,包含,燃汽费,,,经营类,主营业务,销售收入,760,词库
R3614,收入,摘要或备注,包含,敷贴,,,经营类,主营业务,销售收入,760,词库
R3615,收入,摘要或备注,包含,讲师费,,,经营类,主营业务,销售收入,760,词库
R3616,收入,摘要或备注,包含,御寒费,,,经营类,主营业务,销售收入,760,词库
R3617,收入,摘要或备注,包含,搅拌站,,,经营类,主营业务,销售收入,760,词库
R3618,收入,摘要或备注,包含,维养费,,,经营类,主营业务,销售收入,760,词库
R3619,收入,摘要或备注,包含,实拍费,,,经营类,主营业务,销售收入,760,词库
R3620,收入,摘要或备注,包含,加氨费,,,经营类,主营业务,销售收入,760,词库
R3621,收入,摘要或备注,包含,联通费,,,经营类,主营业务,销售收入,760,词库
R3622,收入,摘要或备注,包含,土工格栅,,,经营类,主营业务,销售收入,760,词库
R3623,收入,摘要或备注,包含,家用款,,,经营类,主营业务,销售收入,760,词库
R3624,收入,摘要或备注,包含,下单款,,,经营类,主营业务,销售收入,760,词库
R3625,收入,摘要或备注,包含,赠品款,,,经营类,主营业务,销售收入,760,词库
R3626,收入,摘要或备注,包含,包裹,,,经营类,主营业务,销售收入,760,词库
R3627,收入,摘要或备注,包含,邮政电讯,,,经营类,主营业务,销售收入,760,词库
R3628,收入,摘要或备注,包含,名片,,,经营类,主营业务,销售收入,760,词库
R3629,收入,摘要或备注,包含,航空费,,,经营类,主营业务,销售收入,760,词库
R3630,收入,摘要或备注,包含,代垫款,,,经营类,主营业务,销售收入,760,词库
R3631,收入,摘要或备注,包含,挖掘费,,,经营类,主营业务,销售收入,760,词库
R3632,收入,摘要或备注,包含,投票费,,,经营类,主营业务,销售收入,760,词库
R3633,收入,摘要或备注,包含,摇架,,,经营类,主营业务,销售收入,760,词库
R3634,收入,摘要或备注,包含,湿巾,,,经营类,主营业务,销售收入,760,词库
R3635,收入,摘要或备注,包含,封装费,,,经营类,主营业务,销售收入,760,词库
R3636,收入,摘要或备注,包含,稿费,,,经营类,主营业务,销售收入,760,词库
R3637,收入,摘要或备注,包含,标志牌,,,经营类,主营业务,销售收入,760,词库
R3638,收入,摘要或备注,包含,脐橙,,,经营类,主营业务,销售收入,760,词库
R3639,收入,摘要或备注,包含,日常开支,,,经营类,主营业务,销售收入,760,词库
R3640,收入,摘要或备注,包含,照明,,,经营类,主营业务,销售收入,760,词库
R3641,收入,摘要或备注,包含,硬质酸锌,,,经营类,主营业务,销售收入,760,词库
R3642,收入,摘要或备注,包含,磁通计,,,经营类,主营业务,销售收入,760,词库
R3643,收入,摘要或备注,包含,党员费,,,经营类,主营业务,销售收入,760,词库
R3644,收入,摘要或备注,包含,檩条,,,经营类,主营业务,销售收入,760,词库
R3645,收入,摘要或备注,包含,熔纤费,,,经营类,主营业务,销售收入,760,词库
R3646,收入,摘要或备注,包含,喷头,,,经营类,主营业务,销售收入,760,词库
R3647,收入,摘要或备注,包含,代驾费,,,经营类,主营业务,销售收入,760,词库
R3648,收入,摘要或备注,包含,湿喷款,,,经营类,主营业务,销售收入,760,词库
R3649,收入,摘要或备注,包含,环保用款,,,经营类,主营业务,销售收入,760,词库
R3650,收入,摘要或备注,包含,开发对接,,,经营类,主营业务,销售收入,760,词库
R3651,收入,摘要或备注,包含,弃土费,,,经营类,主营业务,销售收入,760,词库
R3652,收入,摘要或备注,包含,盖土网,,,经营类,主营业务,销售收入,760,词库
R3653,收入,摘要或备注,包含,短视频,,,经营类,主营业务,销售收入,760,词库
R3654,收入,摘要或备注,包含,窗款,,,经营类,主营业务,销售收入,760,词库
R3655,收入,摘要或备注,包含,海蜇,,,经营类,主营业务,销售收入,760,词库
R3656,收入,摘要或备注,包含,签约费,,,经营类,主营业务,销售收入,760,词库
R3657,收入,摘要或备注,包含,水产,,,经营类,主营业务,销售收入,760,词库
R3658,收入,摘要或备注,包含,采集终端,,,经营类,主营业务,销售收入,760,词库
R3659,收入,摘要或备注,包含,竹篮,,,经营类,主营业务,销售收入,760,词库
R3660,收入,摘要或备注,包含,进修款,,,经营类,主营业务,销售收入,760,词库
R3661,收入,摘要或备注,包含,工地用款,,,经营类,主营业务,销售收入,760,词库
R3662,收入,摘要或备注,包含,润滑脂,,,经营类,主营业务,销售收入,760,词库
R3663,收入,摘要或备注,包含,量具,,,经营类,主营业务,销售收入,760,词库
R3664,收入,摘要或备注,包含,剪辑,,,经营类,主营业务,销售收入,760,词库
R3665,收入,摘要或备注,包含,打桩费,,,经营类,主营业务,销售收入,760,词库
R3666,收入,摘要或备注,包含,包舱款,,,经营类,主营业务,销售收入,760,词库
R3667,收入,摘要或备注,包含,粉尘仪,,,经营类,主营业务,销售收入,760,词库
R3668,收入,摘要或备注,包含,购袋,,,经营类,主营业务,销售收入,760,词库
R3669,收入,摘要或备注,包含,招特费,,,经营类,主营业务,销售收入,760,词库
R3670,收入,摘要或备注,包含,出席费,,,经营类,主营业务,销售收入,760,词库
R3671,收入,摘要或备注,包含,铝塑袋,,,经营类,主营业务,销售收入,760,词库
R3672,收入,摘要或备注,包含,竹针,,,经营类,主营业务,销售收入,760,词库
R3673,收入,摘要或备注,包含,营地费,,,经营类,主营业务,销售收入,760,词库
R3674,收入,摘要或备注,包含,熔化炉,,,经营类,主营业务,销售收入,760,词库
R3675,收入,摘要或备注,包含,记录仪,,,经营类,主营业务,销售收入,760,词库
R3676,收入,摘要或备注,包含,下午茶,,,经营类,主营业务,销售收入,760,词库
R3677,收入,摘要或备注,包含,原木,,,经营类,主营业务,销售收入,760,词库
R3678,收入,摘要或备注,包含,抗阻燃,,,经营类,主营业务,销售收入,760,词库
R3679,收入,摘要或备注,包含,三乙醇胺,,,经营类,主营业务,销售收入,760,词库
R3680,收入,摘要或备注,包含,订票款,,,经营类,主营业务,销售收入,760,词库
R3681,收入,摘要或备注,包含,商铺,,,经营类,主营业务,销售收入,760,词库
R3682,收入,摘要或备注,包含,脱模剂,,,经营类,主营业务,销售收入,760,词库
R3683,收入,摘要或备注,包含,水准仪,,,经营类,主营业务,销售收入,760,词库
R3684,收入,摘要或备注,包含,遮阳网,,,经营类,主营业务,销售收入,760,词库
R3685,收入,摘要或备注,包含,报澥款,,,经营类,主营业务,销售收入,760,词库
R3686,收入,摘要或备注,包含,行服款,,,经营类,主营业务,销售收入,760,词库
R3687,收入,摘要或备注,包含,开锁,,,经营类,主营业务,销售收入,760,词库
R3688,收入,摘要或备注,包含,工位费,,,经营类,主营业务,销售收入,760,词库
R3689,收入,摘要或备注,包含,公共耗能,,,经营类,主营业务,销售收入,760,词库
R3690,收入,摘要或备注,包含,脱硝,,,经营类,主营业务,销售收入,760,词库
R3691,收入,摘要或备注,包含,刊款,,,经营类,主营业务,销售收入,760,词库
R3692,收入,摘要或备注,包含,校验棒款,,,经营类,主营业务,销售收入,760,词库
R3693,收入,摘要或备注,包含,桦木,,,经营类,主营业务,销售收入,760,词库
R3694,收入,摘要或备注,包含,车,,,经营类,主营业务,销售收入,760,词库
R3695,收入,摘要或备注,包含,课题经费,,,经营类,主营业务,销售收入,760,词库
R3696,收入,摘要或备注,包含,皮辊,,,经营类,主营业务,销售收入,760,词库
R3697,收入,摘要或备注,包含,白铁皮,,,经营类,主营业务,销售收入,760,词库
R3698,收入,摘要或备注,包含,钢包针,,,经营类,主营业务,销售收入,760,词库
R3699,收入,摘要或备注,包含,制装费,,,经营类,主营业务,销售收入,760,词库
R3700,收入,摘要或备注,包含,被服款,,,经营类,主营业务,销售收入,760,词库
R3701,收入,摘要或备注,包含,防火窗,,,经营类,主营业务,销售收入,760,词库
R3702,收入,摘要或备注,包含,钢结,,,经营类,主营业务,销售收入,760,词库
R3703,收入,摘要或备注,包含,资质,,,经营类,主营业务,销售收入,760,词库
R3704,收入,摘要或备注,包含,网站开发,,,经营类,主营业务,销售收入,760,词库
R3705,收入,摘要或备注,包含,静电地坪,,,经营类,主营业务,销售收入,760,词库
R3706,收入,摘要或备注,包含,硅碳,,,经营类,主营业务,销售收入,760,词库
R3707,收入,摘要或备注,包含,三险二金,,,经营类,主营业务,销售收入,760,词库
R3708,收入,摘要或备注,包含,客户费,,,经营类,主营业务,销售收入,760,词库
R3709,收入,摘要或备注,包含,舞蹈,,,经营类,主营业务,销售收入,760,词库
R3710,收入,摘要或备注,包含,虫害,,,经营类,主营业务,销售收入,760,词库
R3711,收入,摘要或备注,包含,展柜款,,,经营类,主营业务,销售收入,760,词库
R3712,收入,摘要或备注,包含,橱窗,,,经营类,主营业务,销售收入,760,词库
R3713,收入,摘要或备注,包含,业党建经费,,,经营类,主营业务,销售收入,760,词库
R3714,收入,摘要或备注,包含,门帘,,,经营类,主营业务,销售收入,760,词库
R3715,收入,摘要或备注,包含,磁片,,,经营类,主营业务,销售收入,760,词库
R3716,收入,摘要或备注,包含,背心,,,经营类,主营业务,销售收入,760,词库
R3717,收入,摘要或备注,包含,餐食,,,经营类,主营业务,销售收入,760,词库
R3718,收入,摘要或备注,包含,衬衣,,,经营类,主营业务,销售收入,760,词库
R3719,收入,摘要或备注,包含,头盔,,,经营类,主营业务,销售收入,760,词库
R3720,收入,摘要或备注,包含,固话长途,,,经营类,主营业务,销售收入,760,词库
R3721,收入,摘要或备注,包含,入户费,,,经营类,主营业务,销售收入,760,词库
R3722,收入,摘要或备注,包含,安踏,,,经营类,主营业务,销售收入,760,词库
R3723,收入,摘要或备注,包含,盘具,,,经营类,主营业务,销售收入,760,词库
R3724,收入,摘要或备注,包含,牙签,,,经营类,主营业务,销售收入,760,词库
R3725,收入,摘要或备注,包含,煤灰,,,经营类,主营业务,销售收入,760,词库
R3726,收入,摘要或备注,包含,游戏费,,,经营类,主营业务,销售收入,760,词库
R3727,收入,摘要或备注,包含,奶酪,,,经营类,主营业务,销售收入,760,词库
R3728,收入,摘要或备注,包含,蜡环,,,经营类,主营业务,销售收入,760,词库
R3729,收入,摘要或备注,包含,电子元件,,,经营类,主营业务,销售收入,760,词库
R3730,收入,摘要或备注,包含,生产线款,,,经营类,主营业务,销售收入,760,词库
R3731,收入,摘要或备注,包含,课题款,,,经营类,主营业务,销售收入,760,词库
R3732,收入,摘要或备注,包含,产品交费,,,经营类,主营业务,销售收入,760,词库
R3733,收入,摘要或备注,包含,修整费,,,经营类,主营业务,销售收入,760,词库
R3734,收入,摘要或备注,包含,磁盘,,,经营类,主营业务,销售收入,760,词库
R3735,收入,摘要或备注,包含,排采费,,,经营类,主营业务,销售收入,760,词库
R3736,收入,摘要或备注,包含,代拍费,,,经营类,主营业务,销售收入,760,词库
R3737,收入,摘要或备注,包含,培养经费,,,经营类,主营业务,销售收入,760,词库
R3738,收入,摘要或备注,包含,环境费,,,经营类,主营业务,销售收入,760,词库
R3739,收入,摘要或备注,包含,养老费,,,经营类,主营业务,销售收入,760,词库
R3740,收入,摘要或备注,包含,鼠标,,,经营类,主营业务,销售收入,760,词库
R3741,收入,摘要或备注,包含,授权款,,,经营类,主营业务,销售收入,760,词库
R3742,收入,摘要或备注,包含,声呐探摸,,,经营类,主营业务,销售收入,760,词库
R3743,收入,摘要或备注,包含,账本费,,,经营类,主营业务,销售收入,760,词库
R3744,收入,摘要或备注,包含,人力费,,,经营类,主营业务,销售收入,760,词库
R3745,收入,摘要或备注,包含,坐诊费,,,经营类,主营业务,销售收入,760,词库
R3746,收入,摘要或备注,包含,磁力锚,,,经营类,主营业务,销售收入,760,词库
R3747,收入,摘要或备注,包含,夜班,,,经营类,主营业务,销售收入,760,词库
R3748,收入,摘要或备注,包含,西服,,,经营类,主营业务,销售收入,760,词库
R3749,收入,摘要或备注,包含,蚕丝被,,,经营类,主营业务,销售收入,760,词库
R3750,收入,摘要或备注,包含,出场费,,,经营类,主营业务,销售收入,760,词库
R3751,收入,摘要或备注,包含,热疗费,,,经营类,主营业务,销售收入,760,词库
R3752,收入,摘要或备注,包含,套筒,,,经营类,主营业务,销售收入,760,词库
R3753,收入,摘要或备注,包含,放线款,,,经营类,主营业务,销售收入,760,词库
R3754,收入,摘要或备注,包含,回购款,,,经营类,主营业务,销售收入,760,词库
R3755,收入,摘要或备注,包含,线款,,,经营类,主营业务,销售收入,760,词库
R3756,收入,摘要或备注,包含,购热费,,,经营类,主营业务,销售收入,760,词库
R3757,收入,摘要或备注,包含,电表,,,经营类,主营业务,销售收入,760,词库
R3758,收入,摘要或备注,包含,剪辑费,,,经营类,主营业务,销售收入,760,词库
R3759,收入,摘要或备注,包含,杂品款,,,经营类,主营业务,销售收入,760,词库
R3760,收入,摘要或备注,包含,气象站,,,经营类,主营业务,销售收入,760,词库
R3761,收入,摘要或备注,包含,脱硫,,,经营类,主营业务,销售收入,760,词库
R3762,收入,摘要或备注,包含,厨房用具,,,经营类,主营业务,销售收入,760,词库
R3763,收入,摘要或备注,包含,紫薯,,,经营类,主营业务,销售收入,760,词库
R3764,收入,摘要或备注,包含,识别门禁,,,经营类,主营业务,销售收入,760,词库
R3765,收入,摘要或备注,包含,炭款,,,经营类,主营业务,销售收入,760,词库
R3766,收入,摘要或备注,包含,复核费,,,经营类,主营业务,销售收入,760,词库
R3767,收入,摘要或备注,包含,栗子,,,经营类,主营业务,销售收入,760,词库
R3768,收入,摘要或备注,包含,百洁布,,,经营类,主营业务,销售收入,760,词库
R3769,收入,摘要或备注,包含,测评款,,,经营类,主营业务,销售收入,760,词库
R3770,收入,摘要或备注,包含,铁皮,,,经营类,主营业务,销售收入,760,词库
R3771,收入,摘要或备注,包含,隔断费,,,经营类,主营业务,销售收入,760,词库
R3772,收入,摘要或备注,包含,水蜜桃,,,经营类,主营业务,销售收入,760,词库
R3773,收入,摘要或备注,包含,超声款,,,经营类,主营业务,销售收入,760,词库
R3774,收入,摘要或备注,包含,地库费,,,经营类,主营业务,销售收入,760,词库
R3775,收入,摘要或备注,包含,督察费,,,经营类,主营业务,销售收入,760,词库
R3776,收入,摘要或备注,包含,货运,,,经营类,主营业务,销售收入,760,词库
R3777,收入,摘要或备注,包含,行政费,,,经营类,主营业务,销售收入,760,词库
R3778,收入,摘要或备注,包含,预订款,,,经营类,主营业务,销售收入,760,词库
R3779,收入,摘要或备注,包含,隔音屏,,,经营类,主营业务,销售收入,760,词库
R3780,收入,摘要或备注,包含,考官费,,,经营类,主营业务,销售收入,760,词库
R3781,收入,摘要或备注,包含,照明装置,,,经营类,主营业务,销售收入,760,词库
R3782,收入,摘要或备注,包含,质检费,,,经营类,主营业务,销售收入,760,词库
R3783,收入,摘要或备注,包含,抛锚款,,,经营类,主营业务,销售收入,760,词库
R3784,收入,摘要或备注,包含,二甲胺款,,,经营类,主营业务,销售收入,760,词库
R3785,收入,摘要或备注,包含,审批费,,,经营类,主营业务,销售收入,760,词库
R3786,收入,摘要或备注,包含,粉墨款,,,经营类,主营业务,销售收入,760,词库
R3787,收入,摘要或备注,包含,返修款,,,经营类,主营业务,销售收入,760,词库
R3788,收入,摘要或备注,包含,泡沫品,,,经营类,主营业务,销售收入,760,词库
R3789,收入,摘要或备注,包含,电表费,,,经营类,主营业务,销售收入,760,词库
R3790,收入,摘要或备注,包含,厂检费,,,经营类,主营业务,销售收入,760,词库
R3791,收入,摘要或备注,包含,石斛,,,经营类,主营业务,销售收入,760,词库
R3792,收入,摘要或备注,包含,领带,,,经营类,主营业务,销售收入,760,词库
R3793,收入,摘要或备注,包含,维稳费,,,经营类,主营业务,销售收入,760,词库
R3794,收入,摘要或备注,包含,跑腿费,,,经营类,主营业务,销售收入,760,词库
R3795,收入,摘要或备注,包含,返修费,,,经营类,主营业务,销售收入,760,词库
R3796,收入,摘要或备注,包含,原木款,,,经营类,主营业务,销售收入,760,词库
R3797,收入,摘要或备注,包含,改造优化款,,,经营类,主营业务,销售收入,760,词库
R3798,收入,摘要或备注,包含,整修费,,,经营类,主营业务,销售收入,760,词库
R3799,收入,摘要或备注,包含,刷漆费,,,经营类,主营业务,销售收入,760,词库
R3800,收入,摘要或备注,包含,处置款,,,经营类,主营业务,销售收入,760,词库
R3801,收入,摘要或备注,包含,提名费,,,经营类,主营业务,销售收入,760,词库
R3802,收入,摘要或备注,包含,体系建设,,,经营类,主营业务,销售收入,760,词库
R3803,收入,摘要或备注,包含,高铁,,,经营类,主营业务,销售收入,760,词库
R3804,收入,摘要或备注,包含,联运款,,,经营类,主营业务,销售收入,760,词库
R3805,收入,摘要或备注,包含,电容款,,,经营类,主营业务,销售收入,760,词库
R3806,收入,摘要或备注,包含,水手柄,,,经营类,主营业务,销售收入,760,词库
R3807,收入,摘要或备注,包含,交割款,,,经营类,主营业务,销售收入,760,词库
R3808,收入,摘要或备注,包含,互动费,,,经营类,主营业务,销售收入,760,词库
R3809,收入,摘要或备注,包含,活动支撑,,,经营类,主营业务,销售收入,760,词库
R3810,收入,摘要或备注,包含,肥皂,,,经营类,主营业务,销售收入,760,词库
R3811,收入,摘要或备注,包含,器,,,经营类,主营业务,销售收入,760,词库
R3812,收入,摘要或备注,包含,早点,,,经营类,主营业务,销售收入,760,词库
R3813,收入,摘要或备注,包含,代收微信,,,经营类,主营业务,销售收入,760,词库
R3814,收入,摘要或备注,包含,日常经费,,,经营类,主营业务,销售收入,760,词库
R3815,收入,摘要或备注,包含,采配,,,经营类,主营业务,销售收入,760,词库
R3816,收入,摘要或备注,包含,零采,,,经营类,主营业务,销售收入,760,词库
R3817,收入,摘要或备注,包含,集采,,,经营类,主营业务,销售收入,760,词库
R3818,收入,摘要或备注,包含,直采,,,经营类,主营业务,销售收入,760,词库
R3819,收入,摘要或备注,包含,預付,,,经营类,主营业务,销售收入,760,词库
R3820,收入,摘要或备注,包含,板,,,经营类,主营业务,销售收入,760,词库
R3821,收入,摘要或备注,包含,销售款,,,经营类,主营业务,销售收入,760,词库
R3822,收入,摘要或备注,包含,锂电,,,经营类,主营业务,销售收入,760,词库
R3823,收入,摘要或备注,包含,打样,,,经营类,主营业务,销售收入,760,词库
R3824,收入,摘要或备注,包含,套,,,经营类,主营业务,销售收入,760,词库
R3825,收入,摘要或备注,包含,吊牌,,,经营类,主营业务,销售收入,760,词库
R3826,收入,摘要或备注,包含,布,,,经营类,主营业务,销售收入,760,词库
R3827,收入,摘要或备注,包含,料,,,经营类,主营业务,销售收入,760,词库
R3828,收入,摘要或备注,包含,书,,,经营类,主营业务,销售收入,760,词库
R3829,收入,摘要或备注,包含,钉钮,,,经营类,主营业务,销售收入,760,词库
R3830,收入,摘要或备注,包含,拉链,,,经营类,主营业务,销售收入,760,词库
R3831,收入,摘要或备注,包含,合同款,,,经营类,主营业务,销售收入,760,词库
R3832,收入,摘要或备注,包含,锁,,,经营类,主营业务,销售收入,760,词库
R3833,收入,摘要或备注,包含,筷子,,,经营类,主营业务,销售收入,760,词库
R3834,收入,摘要或备注,包含,货,,,经营类,主营业务,销售收入,760,词库
R3835,收入,摘要或备注,包含,纸,,,经营类,主营业务,销售收入,760,词库
R3836,收入,摘要或备注,包含,铜,,,经营类,主营业务,销售收入,760,词库
R3837,收入,摘要或备注,包含,代销,,,经营类,主营业务,销售收入,760,词库
R3838,收入,摘要或备注,包含,押金,,,经营类,主营业务,销售收入,760,词库
R3839,收入,摘要或备注,包含,运货费,,,经营类,主营业务,销售收入,760,词库
R3840,收入,摘要或备注,包含,包装费,,,经营类,主营业务,销售收入,760,词库
R3841,收入,摘要或备注,包含,包装款,,,经营类,主营业务,销售收入,760,词库
R3842,收入,摘要或备注,包含,保安,,,经营类,主营业务,销售收入,760,词库
R3843,收入,摘要或备注,包含,设计费,,,经营类,主营业务,销售收入,760,词库
R3844,收入,摘要或备注,包含,售后,,,经营类,主营业务,销售收入,760,词库
R3845,收入,摘要或备注,包含,印刷费,,,经营类,主营业务,销售收入,760,词库
R3846,收入,摘要或备注,包含,招聘费,,,经营类,主营业务,销售收入,760,词库
R3847,收入,摘要或备注,包含,会展位费,,,经营类,主营业务,销售收入,760,词库
R3848,收入,摘要或备注,包含,安保费,,,经营类,主营业务,销售收入,760,词库
R3849,收入,摘要或备注,包含,充电费,,,经营类,主营业务,销售收入,760,词库
R3850,收入,摘要或备注,包含,会展,,,经营类,主营业务,销售收入,760,词库
R3851,收入,摘要或备注,包含,招聘,,,经营类,主营业务,销售收入,760,词库
R3852,收入,摘要或备注,包含,FOB费,,,经营类,主营业务,销售收入,760,词库
R3853,收入,摘要或备注,包含,检修,,,经营类,主营业务,销售收入,760,词库
R3854,收入,摘要或备注,包含,修理费,,,经营类,主营业务,销售收入,760,词库
R3855,收入,摘要或备注,包含,餐饮费,,,经营类,主营业务,销售收入,760,词库
R3856,收入,摘要或备注,包含,速递款,,,经营类,主营业务,销售收入,760,词库
R3857,收入,摘要或备注,包含,广告费,,,经营类,主营业务,销售收入,760,词库
R3858,收入,摘要或备注,包含,推广费,,,经营类,主营业务,销售收入,760,词库
R3859,收入,摘要或备注,包含,管理费,,,经营类,主营业务,销售收入,760,词库
R3860,收入,摘要或备注,包含,减薄费,,,经营类,主营业务,销售收入,760,词库
R3861,收入,摘要或备注,包含,pvc管,,,经营类,主营业务,销售收入,760,词库
R3862,收入,摘要或备注,包含,PVC管,,,经营类,主营业务,销售收入,760,词库
R3863,收入,摘要或备注,包含,面膜费,,,经营类,主营业务,销售收入,760,词库
R3864,收入,摘要或备注,包含,写真费,,,经营类,主营业务,销售收入,760,词库
R3865,收入,摘要或备注,包含,经营性支出,,,经营类,主营业务,销售收入,760,词库
R3866,收入,摘要或备注,包含,拉手,,,经营类,主营业务,销售收入,760,词库
R3867,收入,摘要或备注,包含,铰链,,,经营类,主营业务,销售收入,760,词库
R3868,收入,摘要或备注,包含,脚轮,,,经营类,主营业务,销售收入,760,词库
R3869,收入,摘要或备注,包含,转接线,,,经营类,主营业务,销售收入,760,词库
R3870,收入,摘要或备注,包含,固定资产,,,经营类,主营业务,销售收入,760,词库
R3871,收入,摘要或备注,包含,电泳,,,经营类,主营业务,销售收入,760,词库
R3872,收入,摘要或备注,包含,订单,,,经营类,主营业务,销售收入,760,词库
R3873,收入,摘要或备注,包含,质保金,,,经营类,主营业务,销售收入,760,词库
R3874,收入,摘要或备注,包含,剂,,,经营类,主营业务,销售收入,760,词库
R3875,收入,摘要或备注,包含,轮,,,经营类,主营业务,销售收入,760,词库
R3876,收入,摘要或备注,包含,油,,,经营类,主营业务,销售收入,760,词库
R3877,收入,摘要或备注,包含,奥克斯,,,经营类,主营业务,销售收入,760,词库
R3878,收入,摘要或备注,包含,美的,,,经营类,主营业务,销售收入,760,词库
R3879,收入,摘要或备注,包含,粉,,,经营类,主营业务,销售收入,760,词库
R3880,收入,摘要或备注,包含,编目费,,,经营类,主营业务,销售收入,760,词库
R3881,收入,摘要或备注,包含,改造,,,经营类,主营业务,销售收入,760,词库
R3882,收入,摘要或备注,包含,机,,,经营类,主营业务,销售收入,760,词库
R3883,收入,摘要或备注,包含,证书,,,经营类,主营业务,销售收入,760,词库
R3884,收入,摘要或备注,包含,提单号,,,经营类,主营业务,销售收入,760,词库
R3885,收入,摘要或备注,包含,工作室,,,经营类,主营业务,销售收入,760,词库
R3886,收入,摘要或备注,包含,脚撑,,,经营类,主营业务,销售收入,760,词库
R3887,收入,摘要或备注,包含,知识产权,,,经营类,主营业务,销售收入,760,词库
R3888,收入,摘要或备注,包含,展示柜,,,经营类,主营业务,销售收入,760,词库
R3889,收入,摘要或备注,包含,银联代理商户入帐,,,经营类,主营业务,销售收入,760,词库
R3890,收入,摘要或备注,包含,代理费,,,经营类,主营业务,销售收入,760,词库
R3891,收入,摘要或备注,包含,代理出口,,,经营类,主营业务,销售收入,760,词库
R3892,收入,摘要或备注,包含,货运代理,,,经营类,主营业务,销售收入,760,词库
R3893,收入,摘要或备注,包含,代理金,,,经营类,主营业务,销售收入,760,词库
R3894,收入,对手名称,包含,水务,,,经营类,主营业务,销售收入,760,词库
R3895,收入,对手名称,包含,供电,,,经营类,主营业务,销售收入,760,词库
R3896,收入,对手名称,包含,自来水,,,经营类,主营业务,销售收入,760,词库
R3897,收入,摘要或备注,包含,ml,,,经营类,主营业务,销售收入,760,词库
R3898,收入,摘要或备注,包含,kg,,,经营类,主营业务,销售收入,760,词库
R3899,收入,摘要或备注,包含,载体,,,经营类,主营业务,销售收入,760,词库
R3900,收入,摘要或备注,包含,霉素,,,经营类,主营业务,销售收入,760,词库
R3901,收入,摘要或备注,包含,离子,,,经营类,主营业务,销售收入,760,词库
R3902,收入,摘要或备注,包含,沙星,,,经营类,主营业务,销售收入,760,词库
R3903,收入,摘要或备注,包含,金卫士,,,经营类,主营业务,销售收入,760,词库
R3904,收入,摘要或备注,包含,教装,,,经营类,主营业务,销售收入,760,词库
R3905,收入,摘要或备注,包含,专利费,,,经营类,主营业务,销售收入,760,词库
R3906,收入,摘要或备注,包含,软件企业评估,,,经营类,主营业务,销售收入,760,词库
R3907,收入,摘要或备注,包含,环境评,,,经营类,主营业务,销售收入,760,词库
R3908,收入,摘要或备注,包含,技术监督,,,经营类,主营业务,销售收入,760,词库
R3909,收入,摘要或备注,包含,检测费,,,经营类,主营业务,销售收入,760,词库
R3910,收入,摘要或备注,包含,检验费,,,经营类,主营业务,销售收入,760,词库
R3911,收入,摘要或备注,包含,检验款,,,经营类,主营业务,销售收入,760,词库
R3912,收入,摘要或备注,包含,检测款,,,经营类,主营业务,销售收入,760,词库
R3913,收入,摘要或备注,包含,检测报告费,,,经营类,主营业务,销售收入,760,词库
R3914,收入,摘要或备注,包含,法律服务,,,经营类,主营业务,销售收入,760,词库
R3915,收入,对手名称,包含,会计师事务所,,,经营类,主营业务,销售收入,760,词库
R3916,收入,对手名称,包含,税务师事务所,,,经营类,主营业务,销售收入,760,词库
R3917,收入,对手名称,包含,认证,,,经营类,主营业务,销售收入,760,词库
R3918,收入,对手名称,包含,知识产权,,,经营类,主营业务,销售收入,760,词库
R3919,收入,对手名称,包含,检测,,,经营类,主营业务,销售收入,760,词库
R3920,收入,对手名称,包含,检验,,,经营类,主营业务,销售收入,760,词库
R3921,收入,对手名称,包含,律师,,,经营类,主营业务,销售收入,760,词库
R3922,收入,摘要或备注,包含,结账,,,经营类,主营业务,销售收入,760,词库
R3923,收入,摘要或备注,包含,税控盘,,,经营类,主营业务,销售收入,760,词库
R3924,收入,摘要或备注,包含,B2B,,,经营类,主营业务,销售收入,760,词库
R3925,收入,摘要或备注,包含,商户结算,,,经营类,主营业务,销售收入,760,词库
R3926,收入,摘要或备注,包含,租凭费,,,经营类,主营业务,销售收入,760,词库
R3927,收入,摘要或备注,包含,石化卡,,,经营类,主营业务,销售收入,760,词库
R3928,收入,摘要或备注,包含,定做,,,经营类,主营业务,销售收入,760,词库
R3929,收入,摘要或备注,包含,商标变更,,,经营类,主营业务,销售收入,760,词库
R3930,收入,摘要或备注,包含,参评费,,,经营类,主营业务,销售收入,760,词库
R3931,收入,摘要或备注,包含,内存条,,,经营类,主营业务,销售收入,760,词库
R3932,收入,摘要或备注,包含,电商支付,,,经营类,主营业务,销售收入,760,词库
R3933,收入,摘要或备注,包含,商标注册,,,经营类,主营业务,销售收入,760,词库
R3934,收入,摘要或备注,包含,ＦＯＢ费,,,经营类,主营业务,销售收入,760,词库
R3935,收入,摘要或备注,包含,起运港费,,,经营类,主营业务,销售收入,760,词库
R3936,收入,摘要或备注,包含,商标申请,,,经营类,主营业务,销售收入,760,词库
R3937,收入,摘要或备注,包含,活动柜,,,经营类,主营业务,销售收入,760,词库
R3938,收入,摘要或备注,包含,饰品,,,经营类,主营业务,销售收入,760,词库
R3939,收入,摘要或备注,包含,支付款,,,经营类,主营业务,销售收入,760,词库
R3940,收入,摘要或备注,包含,港前费,,,经营类,主营业务,销售收入,760,词库
R3941,收入,摘要或备注,包含,款,销户款|开户款|定期款|赔款|退款|借款|还款|贷款|按揭款|退余款|回款|罚款|违约款|执行款|打款|划款|汇款|付款|借出款|拨款|转款|股东款|调解款|代付款|返款|扣款|股权款|利息款|捐款|往来款|往款|住来款|存款|取款|收款|投资款|公司款|部分款|租赁款|款项|放款|税款|保险款|提款|报销款|工资款|个人款|借支款|款已汇|款金多|汇缴款|融资款|保理款|薪酬款|汇入款|汇出款,,经营类,主营业务,销售收入,760,内联:销售收入款规则
R3942,支出,摘要或备注,包含,本息,,,筹资类,其他筹资类,其他筹资类支出,750,词库
R3943,支出,摘要或备注,包含,本金,,,筹资类,其他筹资类,其他筹资类支出,750,词库
R3944,支出,摘要或备注,包含,利息,,,筹资类,其他筹资类,其他筹资类支出,750,词库
R3945,支出,摘要或备注,包含,付息,,,筹资类,其他筹资类,其他筹资类支出,750,词库
R3946,支出,摘要或备注,包含,还本,,,筹资类,其他筹资类,其他筹资类支出,750,词库
R3947,支出,摘要或备注,包含,委贷,,,筹资类,其他筹资类,其他筹资类支出,750,词库
R3948,支出,摘要或备注,包含,贷款,,,筹资类,其他筹资类,其他筹资类支出,750,词库
R3949,支出,摘要或备注,包含,借款,,,筹资类,其他筹资类,其他筹资类支出,750,词库
R3950,支出,摘要或备注,包含,还息,,,筹资类,其他筹资类,其他筹资类支出,750,词库
R3951,支出,摘要或备注,包含,还贷,,,筹资类,其他筹资类,其他筹资类支出,750,词库
R3952,支出,摘要或备注,包含,欠息,,,筹资类,其他筹资类,其他筹资类支出,750,词库
R3953,支出,摘要或备注,包含,收本,,,筹资类,其他筹资类,其他筹资类支出,750,词库
R3954,支出,对手名称,包含,委托贷款过渡专户,,,筹资类,其他筹资类,其他筹资类支出,750,词库
R3955,支出,对手名称,包含,贷款利息,,,筹资类,其他筹资类,其他筹资类支出,750,词库
R3956,支出,摘要或备注,包含,还款,,,筹资类,其他筹资类,其他筹资类支出,750,词库
R3957,支出,对手名称,包含,融资担保,,,筹资类,其他筹资类,其他筹资类支出,750,词库
R3958,支出,摘要或备注,包含,担保费,,,筹资类,其他筹资类,其他筹资类支出,750,词库
R3959,收入,摘要或备注,包含,支票,,,经营类,往来款,往来款收入,750,词库
R3960,收入,摘要或备注,包含,往款,,,经营类,往来款,往来款收入,750,词库
R3961,收入,摘要或备注,包含,徍来,,,经营类,往来款,往来款收入,750,词库
R3962,收入,摘要或备注,包含,住来,,,经营类,往来款,往来款收入,750,词库
R3963,收入,摘要或备注,包含,往來,,,经营类,往来款,往来款收入,750,词库
R3964,收入,摘要或备注,包含,往来,,,经营类,往来款,往来款收入,750,词库
R3965,收入,摘要或备注,包含,wl,,,经营类,往来款,往来款收入,750,词库
R3966,收入,摘要或备注,包含,wanglai,,,经营类,往来款,往来款收入,750,词库
R3967,收入,摘要或备注,包含,wangali,,,经营类,往来款,往来款收入,750,词库
R3968,收入,摘要或备注,包含,电汇,,,经营类,往来款,往来款收入,750,词库
R3969,收入,摘要或备注,包含,票汇,,,经营类,往来款,往来款收入,750,词库
R3970,支出,摘要或备注,包含,协定转活期,,,投资类,投资理财,投资理财支出,740,词库
R3971,支出,摘要或备注,包含,定期支取,,,投资类,投资理财,投资理财支出,740,词库
R3972,支出,摘要或备注,包含,活期转协定,,,投资类,投资理财,投资理财支出,740,词库
R3973,支出,摘要或备注,包含,定转活,,,投资类,投资理财,投资理财支出,740,词库
R3974,支出,摘要或备注,包含,活转定,,,投资类,投资理财,投资理财支出,740,词库
R3975,支出,摘要或备注,包含,活期转定期,,,投资类,投资理财,投资理财支出,740,词库
R3976,支出,摘要或备注,包含,理财,,,投资类,投资理财,投资理财支出,740,词库
R3977,支出,摘要或备注,包含,钱生钱,,,投资类,投资理财,投资理财支出,740,词库
R3978,支出,摘要或备注,包含,股红,,,投资类,投资理财,投资理财支出,740,词库
R3979,支出,摘要或备注,包含,智多宝,,,投资类,投资理财,投资理财支出,740,词库
R3980,支出,摘要或备注,包含,薪加薪,,,投资类,投资理财,投资理财支出,740,词库
R3981,支出,摘要或备注,包含,盆满钵盈,,,投资类,投资理财,投资理财支出,740,词库
R3982,支出,摘要或备注,包含,薪满益足,,,投资类,投资理财,投资理财支出,740,词库
R3983,支出,摘要或备注,包含,基金赎回,,,投资类,投资理财,投资理财支出,740,词库
R3984,支出,摘要或备注,包含,基金申购,,,投资类,投资理财,投资理财支出,740,词库
R3985,支出,摘要或备注,包含,基金转入,,,投资类,投资理财,投资理财支出,740,词库
R3986,支出,摘要或备注,包含,基金转出,,,投资类,投资理财,投资理财支出,740,词库
R3987,支出,摘要或备注,包含,证券转银行,,,投资类,投资理财,投资理财支出,740,词库
R3988,支出,摘要或备注,包含,金条,,,投资类,投资理财,投资理财支出,740,词库
R3989,支出,摘要或备注,包含,出金,,,投资类,投资理财,投资理财支出,740,词库
R3990,支出,摘要或备注,包含,结构性,,,投资类,投资理财,投资理财支出,740,词库
R3991,支出,摘要或备注,包含,银证转入,,,投资类,投资理财,投资理财支出,740,词库
R3992,支出,摘要或备注,包含,银证转出,,,投资类,投资理财,投资理财支出,740,词库
R3993,支出,摘要或备注,包含,证转银,,,投资类,投资理财,投资理财支出,740,词库
R3994,支出,摘要或备注,包含,银转证,,,投资类,投资理财,投资理财支出,740,词库
R3995,支出,摘要或备注,包含,约定转存,,,投资类,投资理财,投资理财支出,740,词库
R3996,支出,摘要或备注,包含,转开定期,,,投资类,投资理财,投资理财支出,740,词库
R3997,支出,摘要或备注,包含,入股,,,投资类,投资理财,投资理财支出,740,词库
R3998,支出,摘要或备注,包含,股票,,,投资类,投资理财,投资理财支出,740,词库
R3999,支出,摘要或备注,包含,持股缴款,,,投资类,投资理财,投资理财支出,740,词库
R4000,支出,摘要或备注,包含,股计划,,,投资类,投资理财,投资理财支出,740,词库
R4001,支出,摘要或备注,包含,股权,,,投资类,投资理财,投资理财支出,740,词库
R4002,支出,摘要或备注,包含,股权回购,,,投资类,投资理财,投资理财支出,740,词库
R4003,支出,摘要或备注,包含,股权缴款,,,投资类,投资理财,投资理财支出,740,词库
R4004,支出,摘要或备注,包含,股权激励,,,投资类,投资理财,投资理财支出,740,词库
R4005,支出,摘要或备注,包含,股权收购,,,投资类,投资理财,投资理财支出,740,词库
R4006,支出,摘要或备注,包含,股权转让,,,投资类,投资理财,投资理财支出,740,词库
R4007,支出,摘要或备注,包含,投资收益,,,投资类,投资理财,投资理财支出,740,词库
R4008,支出,摘要或备注,包含,股东返利,,,投资类,投资理财,投资理财支出,740,词库
R4009,支出,摘要或备注,包含,分红,,,投资类,投资理财,投资理财支出,740,词库
R4010,支出,摘要或备注,包含,大额存单认购,,,投资类,投资理财,投资理财支出,740,词库
R4011,支出,摘要或备注,包含,大额存单兑付,,,投资类,投资理财,投资理财支出,740,词库
R4012,支出,摘要或备注,包含,产品购买,,,投资类,投资理财,投资理财支出,740,词库
R4013,支出,摘要或备注,包含,产品赎回,,,投资类,投资理财,投资理财支出,740,词库
R4014,支出,摘要或备注,包含,产品到期,,,投资类,投资理财,投资理财支出,740,词库
R4015,支出,摘要或备注,包含,产品收益,,,投资类,投资理财,投资理财支出,740,词库
R4016,支出,摘要或备注,包含,产品到期兑付,,,投资类,投资理财,投资理财支出,740,词库
R4017,支出,摘要或备注,包含,定投,,,投资类,投资理财,投资理财支出,740,词库
R4018,支出,摘要或备注,包含,红利,,,投资类,投资理财,投资理财支出,740,词库
R4019,支出,摘要或备注,包含,股息,,,投资类,投资理财,投资理财支出,740,词库
R4020,支出,摘要或备注,包含,投资拨款,,,投资类,投资理财,投资理财支出,740,词库
R4021,支出,摘要或备注,包含,股东增资,,,投资类,投资理财,投资理财支出,740,词库
R4022,支出,摘要或备注,包含,股东注资,,,投资类,投资理财,投资理财支出,740,词库
R4023,支出,摘要或备注,包含,股东投资,,,投资类,投资理财,投资理财支出,740,词库
R4024,支出,摘要或备注,包含,股东股资,,,投资类,投资理财,投资理财支出,740,词库
R4025,支出,摘要或备注,包含,增资扩股,,,投资类,投资理财,投资理财支出,740,词库
R4026,支出,摘要或备注,包含,投资款,,,投资类,投资理财,投资理财支出,740,词库
R4027,支出,摘要或备注,包含,出资款,,,投资类,投资理财,投资理财支出,740,词库
R4028,支出,摘要或备注,包含,注资,,,投资类,投资理财,投资理财支出,740,词库
R4029,支出,摘要或备注,包含,期权,,,投资类,投资理财,投资理财支出,740,词库
R4030,支出,摘要或备注,包含,股本,,,投资类,投资理财,投资理财支出,740,词库
R4031,收入,摘要或备注,包含,工资,,,经营类,其他经营类,其他经营类收入,740,词库
R4032,收入,摘要或备注,包含,薪金,,,经营类,其他经营类,其他经营类收入,740,词库
R4033,收入,摘要或备注,包含,薪酬,,,经营类,其他经营类,其他经营类收入,740,词库
R4034,收入,摘要或备注,包含,薪资,,,经营类,其他经营类,其他经营类收入,740,词库
R4035,收入,摘要或备注,包含,薪水,,,经营类,其他经营类,其他经营类收入,740,词库
R4036,收入,摘要或备注,包含,年终奖,,,经营类,其他经营类,其他经营类收入,740,词库
R4037,收入,摘要或备注,包含,年中奖,,,经营类,其他经营类,其他经营类收入,740,词库
R4038,收入,摘要或备注,包含,员工奖,,,经营类,其他经营类,其他经营类收入,740,词库
R4039,收入,摘要或备注,包含,提成,,,经营类,其他经营类,其他经营类收入,740,词库
R4040,收入,摘要或备注,包含,奖金,,,经营类,其他经营类,其他经营类收入,740,词库
R4041,收入,摘要或备注,包含,雇佣费,,,经营类,其他经营类,其他经营类收入,740,词库
R4042,收入,对手名称,包含,工资,,,经营类,其他经营类,其他经营类收入,740,词库
R4043,收入,摘要或备注,包含,福利,,,经营类,其他经营类,其他经营类收入,740,词库
R4044,收入,摘要或备注,包含,招聘,,,经营类,其他经营类,其他经营类收入,740,词库
R4045,收入,摘要或备注,包含,离职,,,经营类,其他经营类,其他经营类收入,740,词库
R4046,收入,摘要或备注,包含,旅差,,,经营类,其他经营类,其他经营类收入,740,词库
R4047,收入,摘要或备注,包含,差旅,,,经营类,其他经营类,其他经营类收入,740,词库
R4048,收入,摘要或备注,包含,出差,,,经营类,其他经营类,其他经营类收入,740,词库
R4049,收入,摘要或备注,包含,报销,,,经营类,其他经营类,其他经营类收入,740,词库
R4050,收入,摘要或备注,包含,补贴,,,经营类,其他经营类,其他经营类收入,740,词库
R4051,收入,摘要或备注,包含,伙食,,,经营类,其他经营类,其他经营类收入,740,词库
R4052,收入,摘要或备注,包含,手术,,,经营类,其他经营类,其他经营类收入,740,词库
R4053,收入,摘要或备注,包含,加班,,,经营类,其他经营类,其他经营类收入,740,词库
R4054,收入,摘要或备注,包含,差费,,,经营类,其他经营类,其他经营类收入,740,词库
R4055,收入,摘要或备注,包含,高温费,,,经营类,其他经营类,其他经营类收入,740,词库
R4056,收入,摘要或备注,包含,慰问品,,,经营类,其他经营类,其他经营类收入,740,词库
R4057,收入,摘要或备注,包含,员工费,,,经营类,其他经营类,其他经营类收入,740,词库
R4058,收入,摘要或备注,包含,责任险,,,经营类,其他经营类,其他经营类收入,740,词库
R4059,收入,摘要或备注,包含,团费,,,经营类,其他经营类,其他经营类收入,740,词库
R4060,收入,摘要或备注,包含,节日费,,,经营类,其他经营类,其他经营类收入,740,词库
R4061,收入,摘要或备注,包含,奖励,,,经营类,其他经营类,其他经营类收入,740,词库
R4062,收入,摘要或备注,包含,猎聘,,,经营类,其他经营类,其他经营类收入,740,词库
R4063,收入,摘要或备注,包含,体检,,,经营类,其他经营类,其他经营类收入,740,词库
R4064,收入,摘要或备注,包含,网聘,,,经营类,其他经营类,其他经营类收入,740,词库
R4065,收入,摘要或备注,包含,节费,,,经营类,其他经营类,其他经营类收入,740,词库
R4066,收入,摘要或备注,包含,养老款,,,经营类,其他经营类,其他经营类收入,740,词库
R4067,收入,摘要或备注,包含,端午费,,,经营类,其他经营类,其他经营类收入,740,词库
R4068,收入,摘要或备注,包含,春节费,,,经营类,其他经营类,其他经营类收入,740,词库
R4069,收入,摘要或备注,包含,中秋费,,,经营类,其他经营类,其他经营类收入,740,词库
R4070,收入,摘要或备注,包含,投标,,,经营类,其他经营类,其他经营类收入,740,词库
R4071,收入,摘要或备注,包含,保证金,,,经营类,其他经营类,其他经营类收入,740,词库
R4072,收入,摘要或备注,包含,POS,,,经营类,其他经营类,其他经营类收入,740,词库
R4073,收入,摘要或备注,包含,提现,,,经营类,其他经营类,其他经营类收入,740,词库
R4074,收入,对手名称,包含,受托支付,,,经营类,其他经营类,其他经营类收入,740,词库
R4075,收入,摘要或备注,包含,受托支付,,,经营类,其他经营类,其他经营类收入,740,词库
R4076,收入,对手名称,包含,个人／单位存款,,,经营类,其他经营类,其他经营类收入,740,词库
R4077,收入,对手名称,包含,公积金,,,内部调拨类,自有资金调拨,其他收入,730,词库
R4078,收入,对手名称,包含,住房公积,,,内部调拨类,自有资金调拨,其他收入,730,词库
R4079,收入,摘要或备注,包含,网银服务费,,,内部调拨类,自有资金调拨,其他收入,730,词库
R4080,收入,摘要或备注,包含,账户查询服务费,,,内部调拨类,自有资金调拨,其他收入,730,词库
R4081,收入,摘要或备注,包含,对公人民币转账,,,内部调拨类,自有资金调拨,其他收入,730,词库
R4082,收入,摘要或备注,包含,对公收费明细入帐,,,内部调拨类,自有资金调拨,其他收入,730,词库
R4083,收入,摘要或备注,包含,移动扣费,,,内部调拨类,自有资金调拨,其他收入,730,词库
R4084,收入,摘要或备注,包含,网上银行服务费,,,内部调拨类,自有资金调拨,其他收入,730,词库
R4085,收入,摘要或备注,包含,批量扣费,,,内部调拨类,自有资金调拨,其他收入,730,词库
R4086,收入,摘要或备注,包含,自助交易费,,,内部调拨类,自有资金调拨,其他收入,730,词库
R4087,收入,摘要或备注,包含,网银证书费,,,内部调拨类,自有资金调拨,其他收入,730,词库
R4088,收入,摘要或备注,包含,USBKEY费,,,内部调拨类,自有资金调拨,其他收入,730,词库
R4089,收入,对手名称,包含,手续费,,,内部调拨类,自有资金调拨,其他收入,730,词库
R4090,收入,摘要或备注,包含,手续费,,,内部调拨类,自有资金调拨,其他收入,730,词库
R4091,收入,摘要或备注,包含,年服务费,,,内部调拨类,自有资金调拨,其他收入,730,词库
R4092,收入,摘要或备注,包含,对公短信通,,,内部调拨类,自有资金调拨,其他收入,730,词库
R4093,收入,摘要或备注,包含,网银汇划费,,,内部调拨类,自有资金调拨,其他收入,730,词库
R4094,收入,对手名称,包含,税务局,,,内部调拨类,自有资金调拨,其他收入,730,词库
R4095,收入,对手名称,包含,银电联网,,,内部调拨类,自有资金调拨,其他收入,730,词库
R4096,收入,摘要或备注,包含,税务局,,,内部调拨类,自有资金调拨,其他收入,730,词库
R4097,收入,摘要或备注,包含,非税,,,内部调拨类,自有资金调拨,其他收入,730,词库
R4098,收入,摘要或备注,包含,建账费,,,内部调拨类,自有资金调拨,其他收入,730,词库
R4099,收入,摘要或备注,包含,建帐费,,,内部调拨类,自有资金调拨,其他收入,730,词库
R4100,收入,对手名称,包含,单位结算记录类业务资信证明收入,,,内部调拨类,自有资金调拨,其他收入,730,词库
R4101,收入,对手名称,包含,对公工行证书收入,,,内部调拨类,自有资金调拨,其他收入,730,词库
R4102,支出,摘要或备注,包含,水费,,,经营类,运营成本,水电能源,730,词库
R4103,支出,摘要或备注,包含,电费,,,经营类,运营成本,水电能源,730,词库
R4104,支出,摘要或备注,包含,水电,,,经营类,运营成本,水电能源,730,词库
R4105,支出,摘要或备注,包含,燃气费,,,经营类,运营成本,水电能源,730,词库
R4106,支出,摘要或备注,包含,煤气费,,,经营类,运营成本,水电能源,730,词库
R4107,支出,摘要或备注,包含,自来水,,,经营类,运营成本,水电能源,730,词库
R4108,支出,摘要或备注,包含,水表款,,,经营类,运营成本,水电能源,730,词库
R4109,支出,对手名称,包含,水务,,,经营类,运营成本,水电能源,730,词库
R4110,支出,对手名称,包含,供电,,,经营类,运营成本,水电能源,730,词库
R4111,支出,对手名称,包含,自来水,,,经营类,运营成本,水电能源,730,词库
R4112,支出,对手名称,包含,银电联网,,,经营类,运营成本,水电能源,730,词库
R4113,支出,银行备注,包含,现金,,,经营类,现金,现金取款,720,词库
R4114,支出,银行备注,包含,ATM,,,经营类,现金,现金取款,720,词库
R4115,支出,银行备注,包含,现存,,,经营类,现金,现金取款,720,词库
R4116,支出,银行备注,包含,存现,,,经营类,现金,现金取款,720,词库
R4117,支出,银行备注,包含,取现,,,经营类,现金,现金取款,720,词库
R4118,支出,银行备注,包含,现取,,,经营类,现金,现金取款,720,词库
R4119,支出,银行备注,包含,现支,,,经营类,现金,现金取款,720,词库
R4120,支出,对手名称,包含,卡提现,,,经营类,现金,现金取款,720,词库
R4121,支出,对手名称,包含,现金,,,经营类,现金,现金取款,720,词库
R4122,支出,摘要或备注,包含,洗水,,,经营类,主营业务,采购支出,710,词库
R4123,支出,摘要或备注,包含,充电,,,经营类,主营业务,采购支出,710,词库
R4124,支出,摘要或备注,包含,文件柜,,,经营类,主营业务,采购支出,710,词库
R4125,支出,摘要或备注,包含,笔记本,,,经营类,主营业务,采购支出,710,词库
R4126,支出,摘要或备注,包含,打印,,,经营类,主营业务,采购支出,710,词库
R4127,支出,摘要或备注,包含,赞助款,,,经营类,主营业务,采购支出,710,词库
R4128,支出,摘要或备注,包含,测试,,,经营类,主营业务,采购支出,710,词库
R4129,支出,摘要或备注,包含,橱柜,,,经营类,主营业务,采购支出,710,词库
R4130,支出,对手名称,包含,报关,,,经营类,主营业务,采购支出,710,词库
R4131,支出,摘要或备注,包含,报关,,,经营类,主营业务,采购支出,710,词库
R4132,支出,摘要或备注,包含,原料,,,经营类,主营业务,采购支出,710,词库
R4133,支出,摘要或备注,包含,购货,,,经营类,主营业务,采购支出,710,词库
R4134,支出,摘要或备注,包含,电梯,,,经营类,主营业务,采购支出,710,词库
R4135,支出,摘要或备注,包含,回佣,,,经营类,主营业务,采购支出,710,词库
R4136,支出,摘要或备注,包含,材料,,,经营类,主营业务,采购支出,710,词库
R4137,支出,摘要或备注,包含,尾款,,,经营类,主营业务,采购支出,710,词库
R4138,支出,摘要或备注,包含,PAYMENT FOR GOODS,,,经营类,主营业务,采购支出,710,词库
R4139,支出,摘要或备注,包含,余款,,,经营类,主营业务,采购支出,710,词库
R4140,支出,摘要或备注,包含,扭蛋,,,经营类,主营业务,采购支出,710,词库
R4141,支出,摘要或备注,包含,预付,,,经营类,主营业务,采购支出,710,词库
R4142,支出,摘要或备注,包含,地毯,,,经营类,主营业务,采购支出,710,词库
R4143,支出,摘要或备注,包含,配送,,,经营类,主营业务,采购支出,710,词库
R4144,支出,摘要或备注,包含,道具,,,经营类,主营业务,采购支出,710,词库
R4145,支出,摘要或备注,包含,运费,,,经营类,主营业务,采购支出,710,词库
R4146,支出,摘要或备注,包含,设备,,,经营类,主营业务,采购支出,710,词库
R4147,支出,摘要或备注,包含,电脑,,,经营类,主营业务,采购支出,710,词库
R4148,支出,摘要或备注,包含,物流,,,经营类,主营业务,采购支出,710,词库
R4149,支出,摘要或备注,包含,保养,,,经营类,主营业务,采购支出,710,词库
R4150,支出,摘要或备注,包含,资料,,,经营类,主营业务,采购支出,710,词库
R4151,支出,摘要或备注,包含,维护,,,经营类,主营业务,采购支出,710,词库
R4152,支出,摘要或备注,包含,安装,,,经营类,主营业务,采购支出,710,词库
R4153,支出,摘要或备注,包含,吊装,,,经营类,主营业务,采购支出,710,词库
R4154,支出,摘要或备注,包含,空调,,,经营类,主营业务,采购支出,710,词库
R4155,支出,摘要或备注,包含,装修,,,经营类,主营业务,采购支出,710,词库
R4156,支出,摘要或备注,包含,扫把,,,经营类,主营业务,采购支出,710,词库
R4157,支出,摘要或备注,包含,瓷砖,,,经营类,主营业务,采购支出,710,词库
R4158,支出,摘要或备注,包含,电缆,,,经营类,主营业务,采购支出,710,词库
R4159,支出,摘要或备注,包含,养护,,,经营类,主营业务,采购支出,710,词库
R4160,支出,摘要或备注,包含,津贴,,,经营类,主营业务,采购支出,710,词库
R4161,支出,摘要或备注,包含,工衣,,,经营类,主营业务,采购支出,710,词库
R4162,支出,摘要或备注,包含,技术,,,经营类,主营业务,采购支出,710,词库
R4163,支出,摘要或备注,包含,箱,,,经营类,主营业务,采购支出,710,词库
R4164,支出,摘要或备注,包含,食材,,,经营类,主营业务,采购支出,710,词库
R4165,支出,摘要或备注,包含,加工,,,经营类,主营业务,采购支出,710,词库
R4166,支出,摘要或备注,包含,玻璃,,,经营类,主营业务,采购支出,710,词库
R4167,支出,摘要或备注,包含,石材,,,经营类,主营业务,采购支出,710,词库
R4168,支出,摘要或备注,包含,广告,,,经营类,主营业务,采购支出,710,词库
R4169,支出,摘要或备注,包含,绿化,,,经营类,主营业务,采购支出,710,词库
R4170,支出,摘要或备注,包含,检测,,,经营类,主营业务,采购支出,710,词库
R4171,支出,摘要或备注,包含,家具,,,经营类,主营业务,采购支出,710,词库
R4172,支出,摘要或备注,包含,茶叶,,,经营类,主营业务,采购支出,710,词库
R4173,支出,摘要或备注,包含,配件,,,经营类,主营业务,采购支出,710,词库
R4174,支出,摘要或备注,包含,猪,,,经营类,主营业务,采购支出,710,词库
R4175,支出,摘要或备注,包含,项目,,,经营类,主营业务,采购支出,710,词库
R4176,支出,摘要或备注,包含,采购,,,经营类,主营业务,采购支出,710,词库
R4177,支出,摘要或备注,包含,苗木,,,经营类,主营业务,采购支出,710,词库
R4178,支出,摘要或备注,包含,轮胎,,,经营类,主营业务,采购支出,710,词库
R4179,支出,摘要或备注,包含,冲压件,,,经营类,主营业务,采购支出,710,词库
R4180,支出,摘要或备注,包含,模具,,,经营类,主营业务,采购支出,710,词库
R4181,支出,摘要或备注,包含,灯,,,经营类,主营业务,采购支出,710,词库
R4182,支出,摘要或备注,包含,锡丝,,,经营类,主营业务,采购支出,710,词库
R4183,支出,摘要或备注,包含,维修,,,经营类,主营业务,采购支出,710,词库
R4184,支出,摘要或备注,包含,货架,,,经营类,主营业务,采购支出,710,词库
R4185,支出,摘要或备注,包含,电线,,,经营类,主营业务,采购支出,710,词库
R4186,支出,摘要或备注,包含,制作,,,经营类,主营业务,采购支出,710,词库
R4187,支出,摘要或备注,包含,PAYMENT OF GOODS,,,经营类,主营业务,采购支出,710,词库
R4188,支出,摘要或备注,包含,水泵,,,经营类,主营业务,采购支出,710,词库
R4189,支出,摘要或备注,包含,设计,,,经营类,主营业务,采购支出,710,词库
R4190,支出,摘要或备注,包含,工程,,,经营类,主营业务,采购支出,710,词库
R4191,支出,摘要或备注,包含,管理,,,经营类,主营业务,采购支出,710,词库
R4192,支出,摘要或备注,包含,印刷,,,经营类,主营业务,采购支出,710,词库
R4193,支出,摘要或备注,包含,定金,,,经营类,主营业务,采购支出,710,词库
R4194,支出,摘要或备注,包含,合同,,,经营类,主营业务,采购支出,710,词库
R4195,支出,摘要或备注,包含,钢材,,,经营类,主营业务,采购支出,710,词库
R4196,支出,摘要或备注,包含,锡条,,,经营类,主营业务,采购支出,710,词库
R4197,支出,摘要或备注,包含,教材,,,经营类,主营业务,采购支出,710,词库
R4198,支出,摘要或备注,包含,布料,,,经营类,主营业务,采购支出,710,词库
R4199,支出,摘要或备注,包含,运输,,,经营类,主营业务,采购支出,710,词库
R4200,支出,摘要或备注,包含,修缮,,,经营类,主营业务,采购支出,710,词库
R4201,支出,摘要或备注,包含,刀模,,,经营类,主营业务,采购支出,710,词库
R4202,支出,摘要或备注,包含,服务,,,经营类,主营业务,采购支出,710,词库
R4203,支出,摘要或备注,包含,窗帘,,,经营类,主营业务,采购支出,710,词库
R4204,支出,摘要或备注,包含,模胚,,,经营类,主营业务,采购支出,710,词库
R4205,支出,摘要或备注,包含,修理,,,经营类,主营业务,采购支出,710,词库
R4206,支出,摘要或备注,包含,承包,,,经营类,主营业务,采购支出,710,词库
R4207,支出,摘要或备注,包含,煤气,,,经营类,主营业务,采购支出,710,词库
R4208,支出,摘要或备注,包含,订金,,,经营类,主营业务,采购支出,710,词库
R4209,支出,摘要或备注,包含,貨款,,,经营类,主营业务,采购支出,710,词库
R4210,支出,摘要或备注,包含,生活用品,,,经营类,主营业务,采购支出,710,词库
R4211,支出,摘要或备注,包含,棉花,,,经营类,主营业务,采购支出,710,词库
R4212,支出,摘要或备注,包含,销售,,,经营类,主营业务,采购支出,710,词库
R4213,支出,摘要或备注,包含,货款,,,经营类,主营业务,采购支出,710,词库
R4214,支出,摘要或备注,包含,学费,,,经营类,主营业务,采购支出,710,词库
R4215,支出,摘要或备注,包含,影像,,,经营类,主营业务,采购支出,710,词库
R4216,支出,摘要或备注,包含,烟草,,,经营类,主营业务,采购支出,710,词库
R4217,支出,摘要或备注,包含,搬运,,,经营类,主营业务,采购支出,710,词库
R4218,支出,摘要或备注,包含,备件,,,经营类,主营业务,采购支出,710,词库
R4219,支出,摘要或备注,包含,物料,,,经营类,主营业务,采购支出,710,词库
R4220,支出,摘要或备注,包含,冻干款,,,经营类,主营业务,采购支出,710,词库
R4221,支出,摘要或备注,包含,易耗品,,,经营类,主营业务,采购支出,710,词库
R4222,支出,摘要或备注,包含,卫材,,,经营类,主营业务,采购支出,710,词库
R4223,支出,摘要或备注,包含,消毒,,,经营类,主营业务,采购支出,710,词库
R4224,支出,摘要或备注,包含,轴承,,,经营类,主营业务,采购支出,710,词库
R4225,支出,摘要或备注,包含,药款,,,经营类,主营业务,采购支出,710,词库
R4226,支出,摘要或备注,包含,耗材,,,经营类,主营业务,采购支出,710,词库
R4227,支出,摘要或备注,包含,菜,,,经营类,主营业务,采购支出,710,词库
R4228,支出,摘要或备注,包含,文印,,,经营类,主营业务,采购支出,710,词库
R4229,支出,摘要或备注,包含,手套,,,经营类,主营业务,采购支出,710,词库
R4230,支出,摘要或备注,包含,布款,,,经营类,主营业务,采购支出,710,词库
R4231,支出,摘要或备注,包含,购料,,,经营类,主营业务,采购支出,710,词库
R4232,支出,摘要或备注,包含,试剂,,,经营类,主营业务,采购支出,710,词库
R4233,支出,摘要或备注,包含,骨蜡,,,经营类,主营业务,采购支出,710,词库
R4234,支出,摘要或备注,包含,食品,,,经营类,主营业务,采购支出,710,词库
R4235,支出,摘要或备注,包含,图书,,,经营类,主营业务,采购支出,710,词库
R4236,支出,摘要或备注,包含,汽配,,,经营类,主营业务,采购支出,710,词库
R4237,支出,摘要或备注,包含,袖带,,,经营类,主营业务,采购支出,710,词库
R4238,支出,摘要或备注,包含,硒鼓,,,经营类,主营业务,采购支出,710,词库
R4239,支出,摘要或备注,包含,文体,,,经营类,主营业务,采购支出,710,词库
R4240,支出,摘要或备注,包含,面罩,,,经营类,主营业务,采购支出,710,词库
R4241,支出,摘要或备注,包含,酒精,,,经营类,主营业务,采购支出,710,词库
R4242,支出,摘要或备注,包含,金属,,,经营类,主营业务,采购支出,710,词库
R4243,支出,摘要或备注,包含,马口铁,,,经营类,主营业务,采购支出,710,词库
R4244,支出,摘要或备注,包含,印铁款,,,经营类,主营业务,采购支出,710,词库
R4245,支出,摘要或备注,包含,插管,,,经营类,主营业务,采购支出,710,词库
R4246,支出,摘要或备注,包含,检验,,,经营类,主营业务,采购支出,710,词库
R4247,支出,摘要或备注,包含,包子,,,经营类,主营业务,采购支出,710,词库
R4248,支出,摘要或备注,包含,副食,,,经营类,主营业务,采购支出,710,词库
R4249,支出,摘要或备注,包含,物资,,,经营类,主营业务,采购支出,710,词库
R4250,支出,摘要或备注,包含,螺丝,,,经营类,主营业务,采购支出,710,词库
R4251,支出,摘要或备注,包含,清理,,,经营类,主营业务,采购支出,710,词库
R4252,支出,摘要或备注,包含,进货,,,经营类,主营业务,采购支出,710,词库
R4253,支出,摘要或备注,包含,插销,,,经营类,主营业务,采购支出,710,词库
R4254,支出,摘要或备注,包含,镜,,,经营类,主营业务,采购支出,710,词库
R4255,支出,摘要或备注,包含,丝印费,,,经营类,主营业务,采购支出,710,词库
R4256,支出,摘要或备注,包含,齿轮,,,经营类,主营业务,采购支出,710,词库
R4257,支出,摘要或备注,包含,五金,,,经营类,主营业务,采购支出,710,词库
R4258,支出,摘要或备注,包含,复印,,,经营类,主营业务,采购支出,710,词库
R4259,支出,摘要或备注,包含,二氧化硅,,,经营类,主营业务,采购支出,710,词库
R4260,支出,摘要或备注,包含,电极,,,经营类,主营业务,采购支出,710,词库
R4261,支出,摘要或备注,包含,搭建,,,经营类,主营业务,采购支出,710,词库
R4262,支出,摘要或备注,包含,工作服,,,经营类,主营业务,采购支出,710,词库
R4263,支出,摘要或备注,包含,处理费,,,经营类,主营业务,采购支出,710,词库
R4264,支出,摘要或备注,包含,干燥剂,,,经营类,主营业务,采购支出,710,词库
R4265,支出,摘要或备注,包含,配电,,,经营类,主营业务,采购支出,710,词库
R4266,支出,摘要或备注,包含,包装,,,经营类,主营业务,采购支出,710,词库
R4267,支出,摘要或备注,包含,螺钉,,,经营类,主营业务,采购支出,710,词库
R4268,支出,摘要或备注,包含,夹克,,,经营类,主营业务,采购支出,710,词库
R4269,支出,摘要或备注,包含,货代,,,经营类,主营业务,采购支出,710,词库
R4270,支出,摘要或备注,包含,分析费,,,经营类,主营业务,采购支出,710,词库
R4271,支出,摘要或备注,包含,肩灯费,,,经营类,主营业务,采购支出,710,词库
R4272,支出,摘要或备注,包含,管道,,,经营类,主营业务,采购支出,710,词库
R4273,支出,摘要或备注,包含,目录,,,经营类,主营业务,采购支出,710,词库
R4274,支出,摘要或备注,包含,恢复费,,,经营类,主营业务,采购支出,710,词库
R4275,支出,摘要或备注,包含,挂镀费,,,经营类,主营业务,采购支出,710,词库
R4276,支出,摘要或备注,包含,租费,,,经营类,主营业务,采购支出,710,词库
R4277,支出,摘要或备注,包含,工作款,,,经营类,主营业务,采购支出,710,词库
R4278,支出,摘要或备注,包含,安转费,,,经营类,主营业务,采购支出,710,词库
R4279,支出,摘要或备注,包含,礼品杯,,,经营类,主营业务,采购支出,710,词库
R4280,支出,摘要或备注,包含,纯净水,,,经营类,主营业务,采购支出,710,词库
R4281,支出,摘要或备注,包含,口罩,,,经营类,主营业务,采购支出,710,词库
R4282,支出,摘要或备注,包含,塔吊款,,,经营类,主营业务,采购支出,710,词库
R4283,支出,摘要或备注,包含,托管费,,,经营类,主营业务,采购支出,710,词库
R4284,支出,摘要或备注,包含,刻专用章,,,经营类,主营业务,采购支出,710,词库
R4285,支出,摘要或备注,包含,奖品费,,,经营类,主营业务,采购支出,710,词库
R4286,支出,摘要或备注,包含,杀虫费,,,经营类,主营业务,采购支出,710,词库
R4287,支出,摘要或备注,包含,资源费,,,经营类,主营业务,采购支出,710,词库
R4288,支出,摘要或备注,包含,开关,,,经营类,主营业务,采购支出,710,词库
R4289,支出,摘要或备注,包含,大巴,,,经营类,主营业务,采购支出,710,词库
R4290,支出,摘要或备注,包含,门窗,,,经营类,主营业务,采购支出,710,词库
R4291,支出,摘要或备注,包含,计票,,,经营类,主营业务,采购支出,710,词库
R4292,支出,摘要或备注,包含,扩项费,,,经营类,主营业务,采购支出,710,词库
R4293,支出,摘要或备注,包含,快印费,,,经营类,主营业务,采购支出,710,词库
R4294,支出,摘要或备注,包含,订购费,,,经营类,主营业务,采购支出,710,词库
R4295,支出,摘要或备注,包含,修模费,,,经营类,主营业务,采购支出,710,词库
R4296,支出,摘要或备注,包含,编程款,,,经营类,主营业务,采购支出,710,词库
R4297,支出,摘要或备注,包含,砖款,,,经营类,主营业务,采购支出,710,词库
R4298,支出,摘要或备注,包含,校报,,,经营类,主营业务,采购支出,710,词库
R4299,支出,摘要或备注,包含,花木,,,经营类,主营业务,采购支出,710,词库
R4300,支出,摘要或备注,包含,创作费,,,经营类,主营业务,采购支出,710,词库
R4301,支出,摘要或备注,包含,喷涂款,,,经营类,主营业务,采购支出,710,词库
R4302,支出,摘要或备注,包含,家电,,,经营类,主营业务,采购支出,710,词库
R4303,支出,摘要或备注,包含,初审费,,,经营类,主营业务,采购支出,710,词库
R4304,支出,摘要或备注,包含,石墨,,,经营类,主营业务,采购支出,710,词库
R4305,支出,摘要或备注,包含,铁皮柜,,,经营类,主营业务,采购支出,710,词库
R4306,支出,摘要或备注,包含,抚养费,,,经营类,主营业务,采购支出,710,词库
R4307,支出,摘要或备注,包含,科研费,,,经营类,主营业务,采购支出,710,词库
R4308,支出,摘要或备注,包含,高球费,,,经营类,主营业务,采购支出,710,词库
R4309,支出,摘要或备注,包含,礼品费,,,经营类,主营业务,采购支出,710,词库
R4310,支出,摘要或备注,包含,盒,,,经营类,主营业务,采购支出,710,词库
R4311,支出,摘要或备注,包含,节能费,,,经营类,主营业务,采购支出,710,词库
R4312,支出,摘要或备注,包含,棒材款,,,经营类,主营业务,采购支出,710,词库
R4313,支出,摘要或备注,包含,色带,,,经营类,主营业务,采购支出,710,词库
R4314,支出,摘要或备注,包含,感光鼓,,,经营类,主营业务,采购支出,710,词库
R4315,支出,摘要或备注,包含,村料款,,,经营类,主营业务,采购支出,710,词库
R4316,支出,摘要或备注,包含,制版费,,,经营类,主营业务,采购支出,710,词库
R4317,支出,摘要或备注,包含,钣金款,,,经营类,主营业务,采购支出,710,词库
R4318,支出,摘要或备注,包含,图片,,,经营类,主营业务,采购支出,710,词库
R4319,支出,摘要或备注,包含,卷膜,,,经营类,主营业务,采购支出,710,词库
R4320,支出,摘要或备注,包含,摄像款,,,经营类,主营业务,采购支出,710,词库
R4321,支出,摘要或备注,包含,会长费,,,经营类,主营业务,采购支出,710,词库
R4322,支出,摘要或备注,包含,视频费,,,经营类,主营业务,采购支出,710,词库
R4323,支出,摘要或备注,包含,注册款,,,经营类,主营业务,采购支出,710,词库
R4324,支出,摘要或备注,包含,视频监控,,,经营类,主营业务,采购支出,710,词库
R4325,支出,摘要或备注,包含,球赛费,,,经营类,主营业务,采购支出,710,词库
R4326,支出,摘要或备注,包含,墙,,,经营类,主营业务,采购支出,710,词库
R4327,支出,摘要或备注,包含,编辑费,,,经营类,主营业务,采购支出,710,词库
R4328,支出,摘要或备注,包含,补漏款,,,经营类,主营业务,采购支出,710,词库
R4329,支出,摘要或备注,包含,液,,,经营类,主营业务,采购支出,710,词库
R4330,支出,摘要或备注,包含,蒸汽费,,,经营类,主营业务,采购支出,710,词库
R4331,支出,摘要或备注,包含,分销费,,,经营类,主营业务,采购支出,710,词库
R4332,支出,摘要或备注,包含,组件费,,,经营类,主营业务,采购支出,710,词库
R4333,支出,摘要或备注,包含,茅台,,,经营类,主营业务,采购支出,710,词库
R4334,支出,摘要或备注,包含,抢修费,,,经营类,主营业务,采购支出,710,词库
R4335,支出,摘要或备注,包含,转船费,,,经营类,主营业务,采购支出,710,词库
R4336,支出,摘要或备注,包含,经营款,,,经营类,主营业务,采购支出,710,词库
R4337,支出,摘要或备注,包含,瓦款,,,经营类,主营业务,采购支出,710,词库
R4338,支出,摘要或备注,包含,精品费,,,经营类,主营业务,采购支出,710,词库
R4339,支出,摘要或备注,包含,管杂费,,,经营类,主营业务,采购支出,710,词库
R4340,支出,摘要或备注,包含,压金费,,,经营类,主营业务,采购支出,710,词库
R4341,支出,摘要或备注,包含,线材,,,经营类,主营业务,采购支出,710,词库
R4342,支出,摘要或备注,包含,迷彩服,,,经营类,主营业务,采购支出,710,词库
R4343,支出,摘要或备注,包含,音响,,,经营类,主营业务,采购支出,710,词库
R4344,支出,摘要或备注,包含,租线,,,经营类,主营业务,采购支出,710,词库
R4345,支出,摘要或备注,包含,海绵,,,经营类,主营业务,采购支出,710,词库
R4346,支出,摘要或备注,包含,洗涤款,,,经营类,主营业务,采购支出,710,词库
R4347,支出,摘要或备注,包含,园林,,,经营类,主营业务,采购支出,710,词库
R4348,支出,摘要或备注,包含,设施,,,经营类,主营业务,采购支出,710,词库
R4349,支出,摘要或备注,包含,充款,,,经营类,主营业务,采购支出,710,词库
R4350,支出,摘要或备注,包含,成交款,,,经营类,主营业务,采购支出,710,词库
R4351,支出,摘要或备注,包含,保修,,,经营类,主营业务,采购支出,710,词库
R4352,支出,摘要或备注,包含,转移费,,,经营类,主营业务,采购支出,710,词库
R4353,支出,摘要或备注,包含,胶,,,经营类,主营业务,采购支出,710,词库
R4354,支出,摘要或备注,包含,饼,,,经营类,主营业务,采购支出,710,词库
R4355,支出,摘要或备注,包含,公交,,,经营类,主营业务,采购支出,710,词库
R4356,支出,摘要或备注,包含,椅,,,经营类,主营业务,采购支出,710,词库
R4357,支出,摘要或备注,包含,蓝图,,,经营类,主营业务,采购支出,710,词库
R4358,支出,摘要或备注,包含,监量费,,,经营类,主营业务,采购支出,710,词库
R4359,支出,摘要或备注,包含,实木门,,,经营类,主营业务,采购支出,710,词库
R4360,支出,摘要或备注,包含,三脚架,,,经营类,主营业务,采购支出,710,词库
R4361,支出,摘要或备注,包含,燃料,,,经营类,主营业务,采购支出,710,词库
R4362,支出,摘要或备注,包含,花款,,,经营类,主营业务,采购支出,710,词库
R4363,支出,摘要或备注,包含,门牌,,,经营类,主营业务,采购支出,710,词库
R4364,支出,摘要或备注,包含,运管费,,,经营类,主营业务,采购支出,710,词库
R4365,支出,摘要或备注,包含,甲供材,,,经营类,主营业务,采购支出,710,词库
R4366,支出,摘要或备注,包含,任险费,,,经营类,主营业务,采购支出,710,词库
R4367,支出,摘要或备注,包含,宣传款,,,经营类,主营业务,采购支出,710,词库
R4368,支出,摘要或备注,包含,返工费,,,经营类,主营业务,采购支出,710,词库
R4369,支出,摘要或备注,包含,质控费,,,经营类,主营业务,采购支出,710,词库
R4370,支出,摘要或备注,包含,井盖,,,经营类,主营业务,采购支出,710,词库
R4371,支出,摘要或备注,包含,捐赠款,,,经营类,主营业务,采购支出,710,词库
R4372,支出,摘要或备注,包含,月卡,,,经营类,主营业务,采购支出,710,词库
R4373,支出,摘要或备注,包含,回收费,,,经营类,主营业务,采购支出,710,词库
R4374,支出,摘要或备注,包含,冻品款,,,经营类,主营业务,采购支出,710,词库
R4375,支出,摘要或备注,包含,防毒面具,,,经营类,主营业务,采购支出,710,词库
R4376,支出,摘要或备注,包含,测量款,,,经营类,主营业务,采购支出,710,词库
R4377,支出,摘要或备注,包含,人革,,,经营类,主营业务,采购支出,710,词库
R4378,支出,摘要或备注,包含,鸡,,,经营类,主营业务,采购支出,710,词库
R4379,支出,摘要或备注,包含,水桶费,,,经营类,主营业务,采购支出,710,词库
R4380,支出,摘要或备注,包含,糖款,,,经营类,主营业务,采购支出,710,词库
R4381,支出,摘要或备注,包含,道闸款项,,,经营类,主营业务,采购支出,710,词库
R4382,支出,摘要或备注,包含,罐租,,,经营类,主营业务,采购支出,710,词库
R4383,支出,摘要或备注,包含,签单费,,,经营类,主营业务,采购支出,710,词库
R4384,支出,摘要或备注,包含,疫苗费,,,经营类,主营业务,采购支出,710,词库
R4385,支出,摘要或备注,包含,出图费,,,经营类,主营业务,采购支出,710,词库
R4386,支出,摘要或备注,包含,装电,,,经营类,主营业务,采购支出,710,词库
R4387,支出,摘要或备注,包含,大门,,,经营类,主营业务,采购支出,710,词库
R4388,支出,摘要或备注,包含,服装,,,经营类,主营业务,采购支出,710,词库
R4389,支出,摘要或备注,包含,测绘仪,,,经营类,主营业务,采购支出,710,词库
R4390,支出,摘要或备注,包含,书本费,,,经营类,主营业务,采购支出,710,词库
R4391,支出,摘要或备注,包含,过网费,,,经营类,主营业务,采购支出,710,词库
R4392,支出,摘要或备注,包含,装饰款,,,经营类,主营业务,采购支出,710,词库
R4393,支出,摘要或备注,包含,塔吊,,,经营类,主营业务,采购支出,710,词库
R4394,支出,摘要或备注,包含,色粉,,,经营类,主营业务,采购支出,710,词库
R4395,支出,摘要或备注,包含,铸铁,,,经营类,主营业务,采购支出,710,词库
R4396,支出,摘要或备注,包含,砖渣款,,,经营类,主营业务,采购支出,710,词库
R4397,支出,摘要或备注,包含,派谴费,,,经营类,主营业务,采购支出,710,词库
R4398,支出,摘要或备注,包含,床,,,经营类,主营业务,采购支出,710,词库
R4399,支出,摘要或备注,包含,碎石,,,经营类,主营业务,采购支出,710,词库
R4400,支出,摘要或备注,包含,送样费,,,经营类,主营业务,采购支出,710,词库
R4401,支出,摘要或备注,包含,废物款,,,经营类,主营业务,采购支出,710,词库
R4402,支出,摘要或备注,包含,打样款,,,经营类,主营业务,采购支出,710,词库
R4403,支出,摘要或备注,包含,布袋款,,,经营类,主营业务,采购支出,710,词库
R4404,支出,摘要或备注,包含,营收款,,,经营类,主营业务,采购支出,710,词库
R4405,支出,摘要或备注,包含,作业费,,,经营类,主营业务,采购支出,710,词库
R4406,支出,摘要或备注,包含,焊接,,,经营类,主营业务,采购支出,710,词库
R4407,支出,摘要或备注,包含,粉款,,,经营类,主营业务,采购支出,710,词库
R4408,支出,摘要或备注,包含,通柜费,,,经营类,主营业务,采购支出,710,词库
R4409,支出,摘要或备注,包含,业务款,,,经营类,主营业务,采购支出,710,词库
R4410,支出,摘要或备注,包含,公示费,,,经营类,主营业务,采购支出,710,词库
R4411,支出,摘要或备注,包含,漆包线,,,经营类,主营业务,采购支出,710,词库
R4412,支出,摘要或备注,包含,蒸气费,,,经营类,主营业务,采购支出,710,词库
R4413,支出,摘要或备注,包含,回购费,,,经营类,主营业务,采购支出,710,词库
R4414,支出,摘要或备注,包含,卡款,,,经营类,主营业务,采购支出,710,词库
R4415,支出,摘要或备注,包含,鱼,,,经营类,主营业务,采购支出,710,词库
R4416,支出,摘要或备注,包含,汽修,,,经营类,主营业务,采购支出,710,词库
R4417,支出,摘要或备注,包含,报检费,,,经营类,主营业务,采购支出,710,词库
R4418,支出,摘要或备注,包含,辅导费,,,经营类,主营业务,采购支出,710,词库
R4419,支出,摘要或备注,包含,气体,,,经营类,主营业务,采购支出,710,词库
R4420,支出,摘要或备注,包含,审记费,,,经营类,主营业务,采购支出,710,词库
R4421,支出,摘要或备注,包含,拓展费,,,经营类,主营业务,采购支出,710,词库
R4422,支出,摘要或备注,包含,租借,,,经营类,主营业务,采购支出,710,词库
R4423,支出,摘要或备注,包含,课程,,,经营类,主营业务,采购支出,710,词库
R4424,支出,摘要或备注,包含,漆款,,,经营类,主营业务,采购支出,710,词库
R4425,支出,摘要或备注,包含,年检费,,,经营类,主营业务,采购支出,710,词库
R4426,支出,摘要或备注,包含,真皮,,,经营类,主营业务,采购支出,710,词库
R4427,支出,摘要或备注,包含,大理石,,,经营类,主营业务,采购支出,710,词库
R4428,支出,摘要或备注,包含,扶梯,,,经营类,主营业务,采购支出,710,词库
R4429,支出,摘要或备注,包含,模型款,,,经营类,主营业务,采购支出,710,词库
R4430,支出,摘要或备注,包含,插座,,,经营类,主营业务,采购支出,710,词库
R4431,支出,摘要或备注,包含,植物花卉,,,经营类,主营业务,采购支出,710,词库
R4432,支出,摘要或备注,包含,货柜,,,经营类,主营业务,采购支出,710,词库
R4433,支出,摘要或备注,包含,分包款,,,经营类,主营业务,采购支出,710,词库
R4434,支出,摘要或备注,包含,办证款,,,经营类,主营业务,采购支出,710,词库
R4435,支出,摘要或备注,包含,镀锌,,,经营类,主营业务,采购支出,710,词库
R4436,支出,摘要或备注,包含,治疗费,,,经营类,主营业务,采购支出,710,词库
R4437,支出,摘要或备注,包含,陪护费,,,经营类,主营业务,采购支出,710,词库
R4438,支出,摘要或备注,包含,补差款,,,经营类,主营业务,采购支出,710,词库
R4439,支出,摘要或备注,包含,冷冻品款,,,经营类,主营业务,采购支出,710,词库
R4440,支出,摘要或备注,包含,提单费,,,经营类,主营业务,采购支出,710,词库
R4441,支出,摘要或备注,包含,防盗网,,,经营类,主营业务,采购支出,710,词库
R4442,支出,摘要或备注,包含,爬架款,,,经营类,主营业务,采购支出,710,词库
R4443,支出,摘要或备注,包含,接头,,,经营类,主营业务,采购支出,710,词库
R4444,支出,摘要或备注,包含,计算费,,,经营类,主营业务,采购支出,710,词库
R4445,支出,摘要或备注,包含,保温杯,,,经营类,主营业务,采购支出,710,词库
R4446,支出,摘要或备注,包含,货到款,,,经营类,主营业务,采购支出,710,词库
R4447,支出,摘要或备注,包含,保全费,,,经营类,主营业务,采购支出,710,词库
R4448,支出,摘要或备注,包含,勘察费,,,经营类,主营业务,采购支出,710,词库
R4449,支出,摘要或备注,包含,防护棚,,,经营类,主营业务,采购支出,710,词库
R4450,支出,摘要或备注,包含,营业款,,,经营类,主营业务,采购支出,710,词库
R4451,支出,摘要或备注,包含,试卷费,,,经营类,主营业务,采购支出,710,词库
R4452,支出,摘要或备注,包含,整理费,,,经营类,主营业务,采购支出,710,词库
R4453,支出,摘要或备注,包含,电池,,,经营类,主营业务,采购支出,710,词库
R4454,支出,摘要或备注,包含,硒豉费,,,经营类,主营业务,采购支出,710,词库
R4455,支出,摘要或备注,包含,进站费,,,经营类,主营业务,采购支出,710,词库
R4456,支出,摘要或备注,包含,取证费,,,经营类,主营业务,采购支出,710,词库
R4457,支出,摘要或备注,包含,清洗费,,,经营类,主营业务,采购支出,710,词库
R4458,支出,摘要或备注,包含,添加粉,,,经营类,主营业务,采购支出,710,词库
R4459,支出,摘要或备注,包含,绿植,,,经营类,主营业务,采购支出,710,词库
R4460,支出,摘要或备注,包含,供車款,,,经营类,主营业务,采购支出,710,词库
R4461,支出,摘要或备注,包含,布置费,,,经营类,主营业务,采购支出,710,词库
R4462,支出,摘要或备注,包含,课酬费,,,经营类,主营业务,采购支出,710,词库
R4463,支出,摘要或备注,包含,家私,,,经营类,主营业务,采购支出,710,词库
R4464,支出,摘要或备注,包含,业扩费,,,经营类,主营业务,采购支出,710,词库
R4465,支出,摘要或备注,包含,厂费,,,经营类,主营业务,采购支出,710,词库
R4466,支出,摘要或备注,包含,外壳套,,,经营类,主营业务,采购支出,710,词库
R4467,支出,摘要或备注,包含,建档费,,,经营类,主营业务,采购支出,710,词库
R4468,支出,摘要或备注,包含,疫苗,,,经营类,主营业务,采购支出,710,词库
R4469,支出,摘要或备注,包含,申报费,,,经营类,主营业务,采购支出,710,词库
R4470,支出,摘要或备注,包含,改造款,,,经营类,主营业务,采购支出,710,词库
R4471,支出,摘要或备注,包含,肉,,,经营类,主营业务,采购支出,710,词库
R4472,支出,摘要或备注,包含,灭治费,,,经营类,主营业务,采购支出,710,词库
R4473,支出,摘要或备注,包含,慰问费,,,经营类,主营业务,采购支出,710,词库
R4474,支出,摘要或备注,包含,防治费,,,经营类,主营业务,采购支出,710,词库
R4475,支出,摘要或备注,包含,翻译费,,,经营类,主营业务,采购支出,710,词库
R4476,支出,摘要或备注,包含,砖费,,,经营类,主营业务,采购支出,710,词库
R4477,支出,摘要或备注,包含,设计图,,,经营类,主营业务,采购支出,710,词库
R4478,支出,摘要或备注,包含,自营款,,,经营类,主营业务,采购支出,710,词库
R4479,支出,摘要或备注,包含,红洒,,,经营类,主营业务,采购支出,710,词库
R4480,支出,摘要或备注,包含,围档费,,,经营类,主营业务,采购支出,710,词库
R4481,支出,摘要或备注,包含,施工费,,,经营类,主营业务,采购支出,710,词库
R4482,支出,摘要或备注,包含,卷闸款,,,经营类,主营业务,采购支出,710,词库
R4483,支出,摘要或备注,包含,党费,,,经营类,主营业务,采购支出,710,词库
R4484,支出,摘要或备注,包含,门款,,,经营类,主营业务,采购支出,710,词库
R4485,支出,摘要或备注,包含,改模费,,,经营类,主营业务,采购支出,710,词库
R4486,支出,摘要或备注,包含,烟酒,,,经营类,主营业务,采购支出,710,词库
R4487,支出,摘要或备注,包含,进度款,,,经营类,主营业务,采购支出,710,词库
R4488,支出,摘要或备注,包含,购鼓款,,,经营类,主营业务,采购支出,710,词库
R4489,支出,摘要或备注,包含,海报费,,,经营类,主营业务,采购支出,710,词库
R4490,支出,摘要或备注,包含,腊肠,,,经营类,主营业务,采购支出,710,词库
R4491,支出,摘要或备注,包含,电子费,,,经营类,主营业务,采购支出,710,词库
R4492,支出,摘要或备注,包含,船务费,,,经营类,主营业务,采购支出,710,词库
R4493,支出,摘要或备注,包含,防伪墨款,,,经营类,主营业务,采购支出,710,词库
R4494,支出,摘要或备注,包含,交流费,,,经营类,主营业务,采购支出,710,词库
R4495,支出,摘要或备注,包含,修改费,,,经营类,主营业务,采购支出,710,词库
R4496,支出,摘要或备注,包含,计量费,,,经营类,主营业务,采购支出,710,词库
R4497,支出,摘要或备注,包含,建筑款,,,经营类,主营业务,采购支出,710,词库
R4498,支出,摘要或备注,包含,风扇,,,经营类,主营业务,采购支出,710,词库
R4499,支出,摘要或备注,包含,铝压座,,,经营类,主营业务,采购支出,710,词库
R4500,支出,摘要或备注,包含,会计费,,,经营类,主营业务,采购支出,710,词库
R4501,支出,摘要或备注,包含,论证费,,,经营类,主营业务,采购支出,710,词库
R4502,支出,摘要或备注,包含,灭鼠款,,,经营类,主营业务,采购支出,710,词库
R4503,支出,摘要或备注,包含,食宿,,,经营类,主营业务,采购支出,710,词库
R4504,支出,摘要或备注,包含,购汽款,,,经营类,主营业务,采购支出,710,词库
R4505,支出,摘要或备注,包含,活动场地,,,经营类,主营业务,采购支出,710,词库
R4506,支出,摘要或备注,包含,查测费,,,经营类,主营业务,采购支出,710,词库
R4507,支出,摘要或备注,包含,监控款,,,经营类,主营业务,采购支出,710,词库
R4508,支出,摘要或备注,包含,通管费,,,经营类,主营业务,采购支出,710,词库
R4509,支出,摘要或备注,包含,工料,,,经营类,主营业务,采购支出,710,词库
R4510,支出,摘要或备注,包含,临迁费,,,经营类,主营业务,采购支出,710,词库
R4511,支出,摘要或备注,包含,墨水,,,经营类,主营业务,采购支出,710,词库
R4512,支出,摘要或备注,包含,硫酸,,,经营类,主营业务,采购支出,710,词库
R4513,支出,摘要或备注,包含,土方款,,,经营类,主营业务,采购支出,710,词库
R4514,支出,摘要或备注,包含,签章制造,,,经营类,主营业务,采购支出,710,词库
R4515,支出,摘要或备注,包含,取证款,,,经营类,主营业务,采购支出,710,词库
R4516,支出,摘要或备注,包含,租货,,,经营类,主营业务,采购支出,710,词库
R4517,支出,摘要或备注,包含,建设费,,,经营类,主营业务,采购支出,710,词库
R4518,支出,摘要或备注,包含,钢铁,,,经营类,主营业务,采购支出,710,词库
R4519,支出,摘要或备注,包含,公寓费,,,经营类,主营业务,采购支出,710,词库
R4520,支出,摘要或备注,包含,水泥,,,经营类,主营业务,采购支出,710,词库
R4521,支出,摘要或备注,包含,软件,,,经营类,主营业务,采购支出,710,词库
R4522,支出,摘要或备注,包含,盐酸费,,,经营类,主营业务,采购支出,710,词库
R4523,支出,摘要或备注,包含,双孔台钻款,,,经营类,主营业务,采购支出,710,词库
R4524,支出,摘要或备注,包含,检定费,,,经营类,主营业务,采购支出,710,词库
R4525,支出,摘要或备注,包含,刷印,,,经营类,主营业务,采购支出,710,词库
R4526,支出,摘要或备注,包含,砂浆,,,经营类,主营业务,采购支出,710,词库
R4527,支出,摘要或备注,包含,滚镀费,,,经营类,主营业务,采购支出,710,词库
R4528,支出,摘要或备注,包含,计量款,,,经营类,主营业务,采购支出,710,词库
R4529,支出,摘要或备注,包含,维缮,,,经营类,主营业务,采购支出,710,词库
R4530,支出,摘要或备注,包含,系统费,,,经营类,主营业务,采购支出,710,词库
R4531,支出,摘要或备注,包含,手把,,,经营类,主营业务,采购支出,710,词库
R4532,支出,摘要或备注,包含,制服,,,经营类,主营业务,采购支出,710,词库
R4533,支出,摘要或备注,包含,促销费,,,经营类,主营业务,采购支出,710,词库
R4534,支出,摘要或备注,包含,膳食,,,经营类,主营业务,采购支出,710,词库
R4535,支出,摘要或备注,包含,措失费,,,经营类,主营业务,采购支出,710,词库
R4536,支出,摘要或备注,包含,农夫山泉,,,经营类,主营业务,采购支出,710,词库
R4537,支出,摘要或备注,包含,疏通费,,,经营类,主营业务,采购支出,710,词库
R4538,支出,摘要或备注,包含,房款,,,经营类,主营业务,采购支出,710,词库
R4539,支出,摘要或备注,包含,楼款,,,经营类,主营业务,采购支出,710,词库
R4540,支出,摘要或备注,包含,电水壶,,,经营类,主营业务,采购支出,710,词库
R4541,支出,摘要或备注,包含,代办费,,,经营类,主营业务,采购支出,710,词库
R4542,支出,摘要或备注,包含,方木,,,经营类,主营业务,采购支出,710,词库
R4543,支出,摘要或备注,包含,注册费,,,经营类,主营业务,采购支出,710,词库
R4544,支出,摘要或备注,包含,版面费,,,经营类,主营业务,采购支出,710,词库
R4545,支出,摘要或备注,包含,购买款,,,经营类,主营业务,采购支出,710,词库
R4546,支出,摘要或备注,包含,木材,,,经营类,主营业务,采购支出,710,词库
R4547,支出,摘要或备注,包含,铝线,,,经营类,主营业务,采购支出,710,词库
R4548,支出,摘要或备注,包含,墨粉费,,,经营类,主营业务,采购支出,710,词库
R4549,支出,摘要或备注,包含,换单费,,,经营类,主营业务,采购支出,710,词库
R4550,支出,摘要或备注,包含,入仓,,,经营类,主营业务,采购支出,710,词库
R4551,支出,摘要或备注,包含,收购费,,,经营类,主营业务,采购支出,710,词库
R4552,支出,摘要或备注,包含,宣传栏,,,经营类,主营业务,采购支出,710,词库
R4553,支出,摘要或备注,包含,付费,,,经营类,主营业务,采购支出,710,词库
R4554,支出,摘要或备注,包含,实业交费,,,经营类,主营业务,采购支出,710,词库
R4555,支出,摘要或备注,包含,安置费,,,经营类,主营业务,采购支出,710,词库
R4556,支出,摘要或备注,包含,铁料款,,,经营类,主营业务,采购支出,710,词库
R4557,支出,摘要或备注,包含,马达,,,经营类,主营业务,采购支出,710,词库
R4558,支出,摘要或备注,包含,治具费,,,经营类,主营业务,采购支出,710,词库
R4559,支出,摘要或备注,包含,水果,,,经营类,主营业务,采购支出,710,词库
R4560,支出,摘要或备注,包含,工地款,,,经营类,主营业务,采购支出,710,词库
R4561,支出,摘要或备注,包含,治疗棒,,,经营类,主营业务,采购支出,710,词库
R4562,支出,摘要或备注,包含,流量,,,经营类,主营业务,采购支出,710,词库
R4563,支出,摘要或备注,包含,电动门,,,经营类,主营业务,采购支出,710,词库
R4564,支出,摘要或备注,包含,酒水,,,经营类,主营业务,采购支出,710,词库
R4565,支出,摘要或备注,包含,然气费,,,经营类,主营业务,采购支出,710,词库
R4566,支出,摘要或备注,包含,劳鉴费,,,经营类,主营业务,采购支出,710,词库
R4567,支出,摘要或备注,包含,中转费,,,经营类,主营业务,采购支出,710,词库
R4568,支出,摘要或备注,包含,防护栏,,,经营类,主营业务,采购支出,710,词库
R4569,支出,摘要或备注,包含,地款,,,经营类,主营业务,采购支出,710,词库
R4570,支出,摘要或备注,包含,月饼,,,经营类,主营业务,采购支出,710,词库
R4571,支出,摘要或备注,包含,电镀,,,经营类,主营业务,采购支出,710,词库
R4572,支出,摘要或备注,包含,绘图,,,经营类,主营业务,采购支出,710,词库
R4573,支出,摘要或备注,包含,清洗,,,经营类,主营业务,采购支出,710,词库
R4574,支出,摘要或备注,包含,螺纹,,,经营类,主营业务,采购支出,710,词库
R4575,支出,摘要或备注,包含,脚垫,,,经营类,主营业务,采购支出,710,词库
R4576,支出,摘要或备注,包含,出资款,,,经营类,主营业务,采购支出,710,词库
R4577,支出,摘要或备注,包含,文件费,,,经营类,主营业务,采购支出,710,词库
R4578,支出,摘要或备注,包含,麦克风,,,经营类,主营业务,采购支出,710,词库
R4579,支出,摘要或备注,包含,饮料,,,经营类,主营业务,采购支出,710,词库
R4580,支出,摘要或备注,包含,书刊,,,经营类,主营业务,采购支出,710,词库
R4581,支出,摘要或备注,包含,教辅,,,经营类,主营业务,采购支出,710,词库
R4582,支出,摘要或备注,包含,展位,,,经营类,主营业务,采购支出,710,词库
R4583,支出,摘要或备注,包含,转让费,,,经营类,主营业务,采购支出,710,词库
R4584,支出,摘要或备注,包含,条码费,,,经营类,主营业务,采购支出,710,词库
R4585,支出,摘要或备注,包含,旅费,,,经营类,主营业务,采购支出,710,词库
R4586,支出,摘要或备注,包含,复赁款,,,经营类,主营业务,采购支出,710,词库
R4587,支出,摘要或备注,包含,胸杯款,,,经营类,主营业务,采购支出,710,词库
R4588,支出,摘要或备注,包含,入场费,,,经营类,主营业务,采购支出,710,词库
R4589,支出,摘要或备注,包含,传送皮带,,,经营类,主营业务,采购支出,710,词库
R4590,支出,摘要或备注,包含,树木,,,经营类,主营业务,采购支出,710,词库
R4591,支出,摘要或备注,包含,天泵费,,,经营类,主营业务,采购支出,710,词库
R4592,支出,摘要或备注,包含,羊,,,经营类,主营业务,采购支出,710,词库
R4593,支出,摘要或备注,包含,牛,,,经营类,主营业务,采购支出,710,词库
R4594,支出,摘要或备注,包含,手架,,,经营类,主营业务,采购支出,710,词库
R4595,支出,摘要或备注,包含,外包费,,,经营类,主营业务,采购支出,710,词库
R4596,支出,摘要或备注,包含,进场费,,,经营类,主营业务,采购支出,710,词库
R4597,支出,摘要或备注,包含,围挡,,,经营类,主营业务,采购支出,710,词库
R4598,支出,摘要或备注,包含,防治蚁款,,,经营类,主营业务,采购支出,710,词库
R4599,支出,摘要或备注,包含,居间费,,,经营类,主营业务,采购支出,710,词库
R4600,支出,摘要或备注,包含,乙供材,,,经营类,主营业务,采购支出,710,词库
R4601,支出,摘要或备注,包含,评级费,,,经营类,主营业务,采购支出,710,词库
R4602,支出,摘要或备注,包含,报刊,,,经营类,主营业务,采购支出,710,词库
R4603,支出,摘要或备注,包含,饼款,,,经营类,主营业务,采购支出,710,词库
R4604,支出,摘要或备注,包含,停放费,,,经营类,主营业务,采购支出,710,词库
R4605,支出,摘要或备注,包含,炸药费,,,经营类,主营业务,采购支出,710,词库
R4606,支出,摘要或备注,包含,买柜费,,,经营类,主营业务,采购支出,710,词库
R4607,支出,摘要或备注,包含,迁移款,,,经营类,主营业务,采购支出,710,词库
R4608,支出,摘要或备注,包含,台历款,,,经营类,主营业务,采购支出,710,词库
R4609,支出,摘要或备注,包含,评审费,,,经营类,主营业务,采购支出,710,词库
R4610,支出,摘要或备注,包含,报表费,,,经营类,主营业务,采购支出,710,词库
R4611,支出,摘要或备注,包含,铜料款,,,经营类,主营业务,采购支出,710,词库
R4612,支出,摘要或备注,包含,订制费,,,经营类,主营业务,采购支出,710,词库
R4613,支出,摘要或备注,包含,红酒,,,经营类,主营业务,采购支出,710,词库
R4614,支出,摘要或备注,包含,座谈会,,,经营类,主营业务,采购支出,710,词库
R4615,支出,摘要或备注,包含,宣传品,,,经营类,主营业务,采购支出,710,词库
R4616,支出,摘要或备注,包含,水款,,,经营类,主营业务,采购支出,710,词库
R4617,支出,摘要或备注,包含,邮费,,,经营类,主营业务,采购支出,710,词库
R4618,支出,摘要或备注,包含,储存卡,,,经营类,主营业务,采购支出,710,词库
R4619,支出,摘要或备注,包含,续期费,,,经营类,主营业务,采购支出,710,词库
R4620,支出,摘要或备注,包含,报告费,,,经营类,主营业务,采购支出,710,词库
R4621,支出,摘要或备注,包含,成本费,,,经营类,主营业务,采购支出,710,词库
R4622,支出,摘要或备注,包含,活动款,,,经营类,主营业务,采购支出,710,词库
R4623,支出,摘要或备注,包含,晒图费,,,经营类,主营业务,采购支出,710,词库
R4624,支出,摘要或备注,包含,通信款,,,经营类,主营业务,采购支出,710,词库
R4625,支出,摘要或备注,包含,保安费,,,经营类,主营业务,采购支出,710,词库
R4626,支出,摘要或备注,包含,刻制费,,,经营类,主营业务,采购支出,710,词库
R4627,支出,摘要或备注,包含,摄像头,,,经营类,主营业务,采购支出,710,词库
R4628,支出,摘要或备注,包含,过磅费,,,经营类,主营业务,采购支出,710,词库
R4629,支出,摘要或备注,包含,办证费,,,经营类,主营业务,采购支出,710,词库
R4630,支出,摘要或备注,包含,测绘,,,经营类,主营业务,采购支出,710,词库
R4631,支出,摘要或备注,包含,外审费,,,经营类,主营业务,采购支出,710,词库
R4632,支出,摘要或备注,包含,壁扇款,,,经营类,主营业务,采购支出,710,词库
R4633,支出,摘要或备注,包含,槽钢,,,经营类,主营业务,采购支出,710,词库
R4634,支出,摘要或备注,包含,管输费,,,经营类,主营业务,采购支出,710,词库
R4635,支出,摘要或备注,包含,物耗费,,,经营类,主营业务,采购支出,710,词库
R4636,支出,摘要或备注,包含,水桶,,,经营类,主营业务,采购支出,710,词库
R4637,支出,摘要或备注,包含,電费,,,经营类,主营业务,采购支出,710,词库
R4638,支出,摘要或备注,包含,仓储,,,经营类,主营业务,采购支出,710,词库
R4639,支出,摘要或备注,包含,气体费,,,经营类,主营业务,采购支出,710,词库
R4640,支出,摘要或备注,包含,膜款,,,经营类,主营业务,采购支出,710,词库
R4641,支出,摘要或备注,包含,报考,,,经营类,主营业务,采购支出,710,词库
R4642,支出,摘要或备注,包含,赛事承办,,,经营类,主营业务,采购支出,710,词库
R4643,支出,摘要或备注,包含,改单费,,,经营类,主营业务,采购支出,710,词库
R4644,支出,摘要或备注,包含,颜料,,,经营类,主营业务,采购支出,710,词库
R4645,支出,摘要或备注,包含,文具,,,经营类,主营业务,采购支出,710,词库
R4646,支出,摘要或备注,包含,托盘,,,经营类,主营业务,采购支出,710,词库
R4647,支出,摘要或备注,包含,基建款,,,经营类,主营业务,采购支出,710,词库
R4648,支出,摘要或备注,包含,版权费,,,经营类,主营业务,采购支出,710,词库
R4649,支出,摘要或备注,包含,接待费,,,经营类,主营业务,采购支出,710,词库
R4650,支出,摘要或备注,包含,演出,,,经营类,主营业务,采购支出,710,词库
R4651,支出,摘要或备注,包含,报警费,,,经营类,主营业务,采购支出,710,词库
R4652,支出,摘要或备注,包含,方案费,,,经营类,主营业务,采购支出,710,词库
R4653,支出,摘要或备注,包含,地价款,,,经营类,主营业务,采购支出,710,词库
R4654,支出,摘要或备注,包含,订购款,,,经营类,主营业务,采购支出,710,词库
R4655,支出,摘要或备注,包含,招牌费,,,经营类,主营业务,采购支出,710,词库
R4656,支出,摘要或备注,包含,回收废品,,,经营类,主营业务,采购支出,710,词库
R4657,支出,摘要或备注,包含,迁移费,,,经营类,主营业务,采购支出,710,词库
R4658,支出,摘要或备注,包含,墨粉,,,经营类,主营业务,采购支出,710,词库
R4659,支出,摘要或备注,包含,产品费,,,经营类,主营业务,采购支出,710,词库
R4660,支出,摘要或备注,包含,钢丝,,,经营类,主营业务,采购支出,710,词库
R4661,支出,摘要或备注,包含,粉沙款,,,经营类,主营业务,采购支出,710,词库
R4662,支出,摘要或备注,包含,配套费,,,经营类,主营业务,采购支出,710,词库
R4663,支出,摘要或备注,包含,刊物,,,经营类,主营业务,采购支出,710,词库
R4664,支出,摘要或备注,包含,过桥,,,经营类,主营业务,采购支出,710,词库
R4665,支出,摘要或备注,包含,营来款,,,经营类,主营业务,采购支出,710,词库
R4666,支出,摘要或备注,包含,订阅款,,,经营类,主营业务,采购支出,710,词库
R4667,支出,摘要或备注,包含,芯片,,,经营类,主营业务,采购支出,710,词库
R4668,支出,摘要或备注,包含,样本费,,,经营类,主营业务,采购支出,710,词库
R4669,支出,摘要或备注,包含,引进费,,,经营类,主营业务,采购支出,710,词库
R4670,支出,摘要或备注,包含,工卡,,,经营类,主营业务,采购支出,710,词库
R4671,支出,摘要或备注,包含,篮球架,,,经营类,主营业务,采购支出,710,词库
R4672,支出,摘要或备注,包含,硬件,,,经营类,主营业务,采购支出,710,词库
R4673,支出,摘要或备注,包含,灭害,,,经营类,主营业务,采购支出,710,词库
R4674,支出,摘要或备注,包含,饭卡,,,经营类,主营业务,采购支出,710,词库
R4675,支出,摘要或备注,包含,吊卸费,,,经营类,主营业务,采购支出,710,词库
R4676,支出,摘要或备注,包含,储物柜,,,经营类,主营业务,采购支出,710,词库
R4677,支出,摘要或备注,包含,室内设计,,,经营类,主营业务,采购支出,710,词库
R4678,支出,摘要或备注,包含,气款,,,经营类,主营业务,采购支出,710,词库
R4679,支出,摘要或备注,包含,续展费,,,经营类,主营业务,采购支出,710,词库
R4680,支出,摘要或备注,包含,趸船费,,,经营类,主营业务,采购支出,710,词库
R4681,支出,摘要或备注,包含,酒席,,,经营类,主营业务,采购支出,710,词库
R4682,支出,摘要或备注,包含,捐资费,,,经营类,主营业务,采购支出,710,词库
R4683,支出,摘要或备注,包含,挂牌费,,,经营类,主营业务,采购支出,710,词库
R4684,支出,摘要或备注,包含,彩钢款,,,经营类,主营业务,采购支出,710,词库
R4685,支出,摘要或备注,包含,门诊费,,,经营类,主营业务,采购支出,710,词库
R4686,支出,摘要或备注,包含,治理费,,,经营类,主营业务,采购支出,710,词库
R4687,支出,摘要或备注,包含,网线,,,经营类,主营业务,采购支出,710,词库
R4688,支出,摘要或备注,包含,勘查,,,经营类,主营业务,采购支出,710,词库
R4689,支出,摘要或备注,包含,征信费,,,经营类,主营业务,采购支出,710,词库
R4690,支出,摘要或备注,包含,电镀费,,,经营类,主营业务,采购支出,710,词库
R4691,支出,摘要或备注,包含,租罐,,,经营类,主营业务,采购支出,710,词库
R4692,支出,摘要或备注,包含,仓租,,,经营类,主营业务,采购支出,710,词库
R4693,支出,摘要或备注,包含,端口费,,,经营类,主营业务,采购支出,710,词库
R4694,支出,摘要或备注,包含,能源,,,经营类,主营业务,采购支出,710,词库
R4695,支出,摘要或备注,包含,认购款,,,经营类,主营业务,采购支出,710,词库
R4696,支出,摘要或备注,包含,刀具,,,经营类,主营业务,采购支出,710,词库
R4697,支出,摘要或备注,包含,地磅款,,,经营类,主营业务,采购支出,710,词库
R4698,支出,摘要或备注,包含,港口费,,,经营类,主营业务,采购支出,710,词库
R4699,支出,摘要或备注,包含,闸款,,,经营类,主营业务,采购支出,710,词库
R4700,支出,摘要或备注,包含,洗涤,,,经营类,主营业务,采购支出,710,词库
R4701,支出,摘要或备注,包含,保函费,,,经营类,主营业务,采购支出,710,词库
R4702,支出,摘要或备注,包含,色带芯,,,经营类,主营业务,采购支出,710,词库
R4703,支出,摘要或备注,包含,刀片,,,经营类,主营业务,采购支出,710,词库
R4704,支出,摘要或备注,包含,定桩费,,,经营类,主营业务,采购支出,710,词库
R4705,支出,摘要或备注,包含,转递费,,,经营类,主营业务,采购支出,710,词库
R4706,支出,摘要或备注,包含,装备款,,,经营类,主营业务,采购支出,710,词库
R4707,支出,摘要或备注,包含,催化剂,,,经营类,主营业务,采购支出,710,词库
R4708,支出,摘要或备注,包含,滤网,,,经营类,主营业务,采购支出,710,词库
R4709,支出,摘要或备注,包含,粽子,,,经营类,主营业务,采购支出,710,词库
R4710,支出,摘要或备注,包含,纱款,,,经营类,主营业务,采购支出,710,词库
R4711,支出,摘要或备注,包含,线路费,,,经营类,主营业务,采购支出,710,词库
R4712,支出,摘要或备注,包含,刷牙,,,经营类,主营业务,采购支出,710,词库
R4713,支出,摘要或备注,包含,地块征收款,,,经营类,主营业务,采购支出,710,词库
R4714,支出,摘要或备注,包含,登记费,,,经营类,主营业务,采购支出,710,词库
R4715,支出,摘要或备注,包含,清洗剂,,,经营类,主营业务,采购支出,710,词库
R4716,支出,摘要或备注,包含,冰柜,,,经营类,主营业务,采购支出,710,词库
R4717,支出,摘要或备注,包含,月结款,,,经营类,主营业务,采购支出,710,词库
R4718,支出,摘要或备注,包含,场地费,,,经营类,主营业务,采购支出,710,词库
R4719,支出,摘要或备注,包含,复测费,,,经营类,主营业务,采购支出,710,词库
R4720,支出,摘要或备注,包含,料检查井款,,,经营类,主营业务,采购支出,710,词库
R4721,支出,摘要或备注,包含,血款,,,经营类,主营业务,采购支出,710,词库
R4722,支出,摘要或备注,包含,提柜费,,,经营类,主营业务,采购支出,710,词库
R4723,支出,摘要或备注,包含,档案柜,,,经营类,主营业务,采购支出,710,词库
R4724,支出,摘要或备注,包含,蓄电池,,,经营类,主营业务,采购支出,710,词库
R4725,支出,摘要或备注,包含,毛料,,,经营类,主营业务,采购支出,710,词库
R4726,支出,摘要或备注,包含,药品费,,,经营类,主营业务,采购支出,710,词库
R4727,支出,摘要或备注,包含,保管费,,,经营类,主营业务,采购支出,710,词库
R4728,支出,摘要或备注,包含,医疗,,,经营类,主营业务,采购支出,710,词库
R4729,支出,摘要或备注,包含,窗户,,,经营类,主营业务,采购支出,710,词库
R4730,支出,摘要或备注,包含,参编费,,,经营类,主营业务,采购支出,710,词库
R4731,支出,摘要或备注,包含,外包款,,,经营类,主营业务,采购支出,710,词库
R4732,支出,摘要或备注,包含,制图,,,经营类,主营业务,采购支出,710,词库
R4733,支出,摘要或备注,包含,税审报告,,,经营类,主营业务,采购支出,710,词库
R4734,支出,摘要或备注,包含,延期费,,,经营类,主营业务,采购支出,710,词库
R4735,支出,摘要或备注,包含,奶茶,,,经营类,主营业务,采购支出,710,词库
R4736,支出,摘要或备注,包含,商检费,,,经营类,主营业务,采购支出,710,词库
R4737,支出,摘要或备注,包含,经补费,,,经营类,主营业务,采购支出,710,词库
R4738,支出,摘要或备注,包含,辅料,,,经营类,主营业务,采购支出,710,词库
R4739,支出,摘要或备注,包含,光盘费,,,经营类,主营业务,采购支出,710,词库
R4740,支出,摘要或备注,包含,标识牌,,,经营类,主营业务,采购支出,710,词库
R4741,支出,摘要或备注,包含,厂房,,,经营类,主营业务,采购支出,710,词库
R4742,支出,摘要或备注,包含,刀带,,,经营类,主营业务,采购支出,710,词库
R4743,支出,摘要或备注,包含,篮子,,,经营类,主营业务,采购支出,710,词库
R4744,支出,摘要或备注,包含,螺栓,,,经营类,主营业务,采购支出,710,词库
R4745,支出,摘要或备注,包含,焊款,,,经营类,主营业务,采购支出,710,词库
R4746,支出,摘要或备注,包含,加邮,,,经营类,主营业务,采购支出,710,词库
R4747,支出,摘要或备注,包含,强氯剂,,,经营类,主营业务,采购支出,710,词库
R4748,支出,摘要或备注,包含,球架,,,经营类,主营业务,采购支出,710,词库
R4749,支出,摘要或备注,包含,钢筋,,,经营类,主营业务,采购支出,710,词库
R4750,支出,摘要或备注,包含,邮资费,,,经营类,主营业务,采购支出,710,词库
R4751,支出,摘要或备注,包含,资询费,,,经营类,主营业务,采购支出,710,词库
R4752,支出,摘要或备注,包含,镍款,,,经营类,主营业务,采购支出,710,词库
R4753,支出,摘要或备注,包含,防火门,,,经营类,主营业务,采购支出,710,词库
R4754,支出,摘要或备注,包含,开模费,,,经营类,主营业务,采购支出,710,词库
R4755,支出,摘要或备注,包含,罐款,,,经营类,主营业务,采购支出,710,词库
R4756,支出,摘要或备注,包含,建挡费,,,经营类,主营业务,采购支出,710,词库
R4757,支出,摘要或备注,包含,立项费,,,经营类,主营业务,采购支出,710,词库
R4758,支出,摘要或备注,包含,换锁费,,,经营类,主营业务,采购支出,710,词库
R4759,支出,摘要或备注,包含,保密柜,,,经营类,主营业务,采购支出,710,词库
R4760,支出,摘要或备注,包含,塑款,,,经营类,主营业务,采购支出,710,词库
R4761,支出,摘要或备注,包含,鹅,,,经营类,主营业务,采购支出,710,词库
R4762,支出,摘要或备注,包含,鸭,,,经营类,主营业务,采购支出,710,词库
R4763,支出,摘要或备注,包含,家禽,,,经营类,主营业务,采购支出,710,词库
R4764,支出,摘要或备注,包含,电路费,,,经营类,主营业务,采购支出,710,词库
R4765,支出,摘要或备注,包含,开办费,,,经营类,主营业务,采购支出,710,词库
R4766,支出,摘要或备注,包含,防盗门,,,经营类,主营业务,采购支出,710,词库
R4767,支出,摘要或备注,包含,路费,,,经营类,主营业务,采购支出,710,词库
R4768,支出,摘要或备注,包含,样品费,,,经营类,主营业务,采购支出,710,词库
R4769,支出,摘要或备注,包含,编制费,,,经营类,主营业务,采购支出,710,词库
R4770,支出,摘要或备注,包含,饭堂,,,经营类,主营业务,采购支出,710,词库
R4771,支出,摘要或备注,包含,架费,,,经营类,主营业务,采购支出,710,词库
R4772,支出,摘要或备注,包含,展架,,,经营类,主营业务,采购支出,710,词库
R4773,支出,摘要或备注,包含,石款,,,经营类,主营业务,采购支出,710,词库
R4774,支出,摘要或备注,包含,电镀款,,,经营类,主营业务,采购支出,710,词库
R4775,支出,摘要或备注,包含,方木款,,,经营类,主营业务,采购支出,710,词库
R4776,支出,摘要或备注,包含,操作费,,,经营类,主营业务,采购支出,710,词库
R4777,支出,摘要或备注,包含,购卡款,,,经营类,主营业务,采购支出,710,词库
R4778,支出,摘要或备注,包含,派遣费,,,经营类,主营业务,采购支出,710,词库
R4779,支出,摘要或备注,包含,桶装水,,,经营类,主营业务,采购支出,710,词库
R4780,支出,摘要或备注,包含,咖啡,,,经营类,主营业务,采购支出,710,词库
R4781,支出,摘要或备注,包含,搬家,,,经营类,主营业务,采购支出,710,词库
R4782,支出,摘要或备注,包含,水肥费,,,经营类,主营业务,采购支出,710,词库
R4783,支出,摘要或备注,包含,会议费,,,经营类,主营业务,采购支出,710,词库
R4784,支出,摘要或备注,包含,钢管,,,经营类,主营业务,采购支出,710,词库
R4785,支出,摘要或备注,包含,参赛费,,,经营类,主营业务,采购支出,710,词库
R4786,支出,摘要或备注,包含,勘测费,,,经营类,主营业务,采购支出,710,词库
R4787,支出,摘要或备注,包含,指纹锁,,,经营类,主营业务,采购支出,710,词库
R4788,支出,摘要或备注,包含,审查费,,,经营类,主营业务,采购支出,710,词库
R4789,支出,摘要或备注,包含,色粉款,,,经营类,主营业务,采购支出,710,词库
R4790,支出,摘要或备注,包含,业务章,,,经营类,主营业务,采购支出,710,词库
R4791,支出,摘要或备注,包含,通汛,,,经营类,主营业务,采购支出,710,词库
R4792,支出,摘要或备注,包含,报建费,,,经营类,主营业务,采购支出,710,词库
R4793,支出,摘要或备注,包含,河粉,,,经营类,主营业务,采购支出,710,词库
R4794,支出,摘要或备注,包含,管垫,,,经营类,主营业务,采购支出,710,词库
R4795,支出,摘要或备注,包含,水票款,,,经营类,主营业务,采购支出,710,词库
R4796,支出,摘要或备注,包含,颜料款,,,经营类,主营业务,采购支出,710,词库
R4797,支出,摘要或备注,包含,洁具,,,经营类,主营业务,采购支出,710,词库
R4798,支出,摘要或备注,包含,照片,,,经营类,主营业务,采购支出,710,词库
R4799,支出,摘要或备注,包含,棉被,,,经营类,主营业务,采购支出,710,词库
R4800,支出,摘要或备注,包含,维保款,,,经营类,主营业务,采购支出,710,词库
R4801,支出,摘要或备注,包含,测量,,,经营类,主营业务,采购支出,710,词库
R4802,支出,摘要或备注,包含,网费,,,经营类,主营业务,采购支出,710,词库
R4803,支出,摘要或备注,包含,键盘,,,经营类,主营业务,采购支出,710,词库
R4804,支出,摘要或备注,包含,笔费,,,经营类,主营业务,采购支出,710,词库
R4805,支出,摘要或备注,包含,书籍,,,经营类,主营业务,采购支出,710,词库
R4806,支出,摘要或备注,包含,辅料款,,,经营类,主营业务,采购支出,710,词库
R4807,支出,摘要或备注,包含,邮寄,,,经营类,主营业务,采购支出,710,词库
R4808,支出,摘要或备注,包含,运行费,,,经营类,主营业务,采购支出,710,词库
R4809,支出,摘要或备注,包含,色母款,,,经营类,主营业务,采购支出,710,词库
R4810,支出,摘要或备注,包含,计经费,,,经营类,主营业务,采购支出,710,词库
R4811,支出,摘要或备注,包含,小麦,,,经营类,主营业务,采购支出,710,词库
R4812,支出,摘要或备注,包含,花卉费,,,经营类,主营业务,采购支出,710,词库
R4813,支出,摘要或备注,包含,加温费,,,经营类,主营业务,采购支出,710,词库
R4814,支出,摘要或备注,包含,话筒,,,经营类,主营业务,采购支出,710,词库
R4815,支出,摘要或备注,包含,安全标识款,,,经营类,主营业务,采购支出,710,词库
R4816,支出,摘要或备注,包含,调味品,,,经营类,主营业务,采购支出,710,词库
R4817,支出,摘要或备注,包含,印章,,,经营类,主营业务,采购支出,710,词库
R4818,支出,摘要或备注,包含,团款,,,经营类,主营业务,采购支出,710,词库
R4819,支出,摘要或备注,包含,黄豆,,,经营类,主营业务,采购支出,710,词库
R4820,支出,摘要或备注,包含,晒图款,,,经营类,主营业务,采购支出,710,词库
R4821,支出,摘要或备注,包含,维保,,,经营类,主营业务,采购支出,710,词库
R4822,支出,摘要或备注,包含,竟标费,,,经营类,主营业务,采购支出,710,词库
R4823,支出,摘要或备注,包含,审图费,,,经营类,主营业务,采购支出,710,词库
R4824,支出,摘要或备注,包含,溶剂,,,经营类,主营业务,采购支出,710,词库
R4825,支出,摘要或备注,包含,购花款,,,经营类,主营业务,采购支出,710,词库
R4826,支出,摘要或备注,包含,比赛,,,经营类,主营业务,采购支出,710,词库
R4827,支出,摘要或备注,包含,防盗费,,,经营类,主营业务,采购支出,710,词库
R4828,支出,摘要或备注,包含,移动信号,,,经营类,主营业务,采购支出,710,词库
R4829,支出,摘要或备注,包含,瓶,,,经营类,主营业务,采购支出,710,词库
R4830,支出,摘要或备注,包含,大石款,,,经营类,主营业务,采购支出,710,词库
R4831,支出,摘要或备注,包含,安防费,,,经营类,主营业务,采购支出,710,词库
R4832,支出,摘要或备注,包含,校报费,,,经营类,主营业务,采购支出,710,词库
R4833,支出,摘要或备注,包含,参观费,,,经营类,主营业务,采购支出,710,词库
R4834,支出,摘要或备注,包含,党徽款,,,经营类,主营业务,采购支出,710,词库
R4835,支出,摘要或备注,包含,担单费,,,经营类,主营业务,采购支出,710,词库
R4836,支出,摘要或备注,包含,年度费,,,经营类,主营业务,采购支出,710,词库
R4837,支出,摘要或备注,包含,柚子,,,经营类,主营业务,采购支出,710,词库
R4838,支出,摘要或备注,包含,河沙款,,,经营类,主营业务,采购支出,710,词库
R4839,支出,摘要或备注,包含,运营商,,,经营类,主营业务,采购支出,710,词库
R4840,支出,摘要或备注,包含,拓展款,,,经营类,主营业务,采购支出,710,词库
R4841,支出,摘要或备注,包含,台牌费,,,经营类,主营业务,采购支出,710,词库
R4842,支出,摘要或备注,包含,改船费,,,经营类,主营业务,采购支出,710,词库
R4843,支出,摘要或备注,包含,测绘费,,,经营类,主营业务,采购支出,710,词库
R4844,支出,摘要或备注,包含,雨伞,,,经营类,主营业务,采购支出,710,词库
R4845,支出,摘要或备注,包含,铅锡,,,经营类,主营业务,采购支出,710,词库
R4846,支出,摘要或备注,包含,装裱款,,,经营类,主营业务,采购支出,710,词库
R4847,支出,摘要或备注,包含,人稿费,,,经营类,主营业务,采购支出,710,词库
R4848,支出,摘要或备注,包含,边角料,,,经营类,主营业务,采购支出,710,词库
R4849,支出,摘要或备注,包含,快钱款,,,经营类,主营业务,采购支出,710,词库
R4850,支出,摘要或备注,包含,测量费,,,经营类,主营业务,采购支出,710,词库
R4851,支出,摘要或备注,包含,摧介费,,,经营类,主营业务,采购支出,710,词库
R4852,支出,摘要或备注,包含,运转费,,,经营类,主营业务,采购支出,710,词库
R4853,支出,摘要或备注,包含,推介费,,,经营类,主营业务,采购支出,710,词库
R4854,支出,摘要或备注,包含,工作费,,,经营类,主营业务,采购支出,710,词库
R4855,支出,摘要或备注,包含,涂料,,,经营类,主营业务,采购支出,710,词库
R4856,支出,摘要或备注,包含,转诊费,,,经营类,主营业务,采购支出,710,词库
R4857,支出,摘要或备注,包含,饭合款,,,经营类,主营业务,采购支出,710,词库
R4858,支出,摘要或备注,包含,课程费,,,经营类,主营业务,采购支出,710,词库
R4859,支出,摘要或备注,包含,凝土,,,经营类,主营业务,采购支出,710,词库
R4860,支出,摘要或备注,包含,挂失费,,,经营类,主营业务,采购支出,710,词库
R4861,支出,摘要或备注,包含,顶管,,,经营类,主营业务,采购支出,710,词库
R4862,支出,摘要或备注,包含,扶贫款,,,经营类,主营业务,采购支出,710,词库
R4863,支出,摘要或备注,包含,供应商款,,,经营类,主营业务,采购支出,710,词库
R4864,支出,摘要或备注,包含,不锈钢,,,经营类,主营业务,采购支出,710,词库
R4865,支出,摘要或备注,包含,珠宝,,,经营类,主营业务,采购支出,710,词库
R4866,支出,摘要或备注,包含,拍照费,,,经营类,主营业务,采购支出,710,词库
R4867,支出,摘要或备注,包含,沙发,,,经营类,主营业务,采购支出,710,词库
R4868,支出,摘要或备注,包含,凉茶,,,经营类,主营业务,采购支出,710,词库
R4869,支出,摘要或备注,包含,验资款,,,经营类,主营业务,采购支出,710,词库
R4870,支出,摘要或备注,包含,防治款,,,经营类,主营业务,采购支出,710,词库
R4871,支出,摘要或备注,包含,统筹用款,,,经营类,主营业务,采购支出,710,词库
R4872,支出,摘要或备注,包含,塑料,,,经营类,主营业务,采购支出,710,词库
R4873,支出,摘要或备注,包含,岩棉款,,,经营类,主营业务,采购支出,710,词库
R4874,支出,摘要或备注,包含,补产费,,,经营类,主营业务,采购支出,710,词库
R4875,支出,摘要或备注,包含,进口费,,,经营类,主营业务,采购支出,710,词库
R4876,支出,摘要或备注,包含,栅栏款,,,经营类,主营业务,采购支出,710,词库
R4877,支出,摘要或备注,包含,纺织品,,,经营类,主营业务,采购支出,710,词库
R4878,支出,摘要或备注,包含,铜材,,,经营类,主营业务,采购支出,710,词库
R4879,支出,摘要或备注,包含,工服费,,,经营类,主营业务,采购支出,710,词库
R4880,支出,摘要或备注,包含,复垦费,,,经营类,主营业务,采购支出,710,词库
R4881,支出,摘要或备注,包含,堆存费,,,经营类,主营业务,采购支出,710,词库
R4882,支出,摘要或备注,包含,外架,,,经营类,主营业务,采购支出,710,词库
R4883,支出,摘要或备注,包含,展费,,,经营类,主营业务,采购支出,710,词库
R4884,支出,摘要或备注,包含,港务费,,,经营类,主营业务,采购支出,710,词库
R4885,支出,摘要或备注,包含,草坪,,,经营类,主营业务,采购支出,710,词库
R4886,支出,摘要或备注,包含,磁材,,,经营类,主营业务,采购支出,710,词库
R4887,支出,摘要或备注,包含,酒店,,,经营类,主营业务,采购支出,710,词库
R4888,支出,摘要或备注,包含,袋子,,,经营类,主营业务,采购支出,710,词库
R4889,支出,摘要或备注,包含,酒费,,,经营类,主营业务,采购支出,710,词库
R4890,支出,摘要或备注,包含,投影幕,,,经营类,主营业务,采购支出,710,词库
R4891,支出,摘要或备注,包含,路牌,,,经营类,主营业务,采购支出,710,词库
R4892,支出,摘要或备注,包含,铜片,,,经营类,主营业务,采购支出,710,词库
R4893,支出,摘要或备注,包含,订阅费,,,经营类,主营业务,采购支出,710,词库
R4894,支出,摘要或备注,包含,盘款,,,经营类,主营业务,采购支出,710,词库
R4895,支出,摘要或备注,包含,桑和款,,,经营类,主营业务,采购支出,710,词库
R4896,支出,摘要或备注,包含,演出费,,,经营类,主营业务,采购支出,710,词库
R4897,支出,摘要或备注,包含,增容费,,,经营类,主营业务,采购支出,710,词库
R4898,支出,摘要或备注,包含,订单款,,,经营类,主营业务,采购支出,710,词库
R4899,支出,摘要或备注,包含,上调款,,,经营类,主营业务,采购支出,710,词库
R4900,支出,摘要或备注,包含,箔款,,,经营类,主营业务,采购支出,710,词库
R4901,支出,摘要或备注,包含,督导费,,,经营类,主营业务,采购支出,710,词库
R4902,支出,摘要或备注,包含,沥青费,,,经营类,主营业务,采购支出,710,词库
R4903,支出,摘要或备注,包含,开发费,,,经营类,主营业务,采购支出,710,词库
R4904,支出,摘要或备注,包含,扣费,,,经营类,主营业务,采购支出,710,词库
R4905,支出,摘要或备注,包含,运营款,,,经营类,主营业务,采购支出,710,词库
R4906,支出,摘要或备注,包含,人字梯,,,经营类,主营业务,采购支出,710,词库
R4907,支出,摘要或备注,包含,会展款,,,经营类,主营业务,采购支出,710,词库
R4908,支出,摘要或备注,包含,运泥,,,经营类,主营业务,采购支出,710,词库
R4909,支出,摘要或备注,包含,消防费,,,经营类,主营业务,采购支出,710,词库
R4910,支出,摘要或备注,包含,终端费,,,经营类,主营业务,采购支出,710,词库
R4911,支出,摘要或备注,包含,产权费,,,经营类,主营业务,采购支出,710,词库
R4912,支出,摘要或备注,包含,乙烯,,,经营类,主营业务,采购支出,710,词库
R4913,支出,摘要或备注,包含,花卉,,,经营类,主营业务,采购支出,710,词库
R4914,支出,摘要或备注,包含,打单费,,,经营类,主营业务,采购支出,710,词库
R4915,支出,摘要或备注,包含,卡费,,,经营类,主营业务,采购支出,710,词库
R4916,支出,摘要或备注,包含,粉合费,,,经营类,主营业务,采购支出,710,词库
R4917,支出,摘要或备注,包含,色料款,,,经营类,主营业务,采购支出,710,词库
R4918,支出,摘要或备注,包含,摄影,,,经营类,主营业务,采购支出,710,词库
R4919,支出,摘要或备注,包含,策划费,,,经营类,主营业务,采购支出,710,词库
R4920,支出,摘要或备注,包含,医疗费,,,经营类,主营业务,采购支出,710,词库
R4921,支出,摘要或备注,包含,壁管,,,经营类,主营业务,采购支出,710,词库
R4922,支出,摘要或备注,包含,凳子,,,经营类,主营业务,采购支出,710,词库
R4923,支出,摘要或备注,包含,料料,,,经营类,主营业务,采购支出,710,词库
R4924,支出,摘要或备注,包含,促销场费,,,经营类,主营业务,采购支出,710,词库
R4925,支出,摘要或备注,包含,清表费,,,经营类,主营业务,采购支出,710,词库
R4926,支出,摘要或备注,包含,袖套,,,经营类,主营业务,采购支出,710,词库
R4927,支出,摘要或备注,包含,砂石款,,,经营类,主营业务,采购支出,710,词库
R4928,支出,摘要或备注,包含,交费,,,经营类,主营业务,采购支出,710,词库
R4929,支出,摘要或备注,包含,冠名费,,,经营类,主营业务,采购支出,710,词库
R4930,支出,摘要或备注,包含,碳粉,,,经营类,主营业务,采购支出,710,词库
R4931,支出,摘要或备注,包含,记帐费,,,经营类,主营业务,采购支出,710,词库
R4932,支出,摘要或备注,包含,歺费,,,经营类,主营业务,采购支出,710,词库
R4933,支出,摘要或备注,包含,方通款,,,经营类,主营业务,采购支出,710,词库
R4934,支出,摘要或备注,包含,停泊费,,,经营类,主营业务,采购支出,710,词库
R4935,支出,摘要或备注,包含,石砖,,,经营类,主营业务,采购支出,710,词库
R4936,支出,摘要或备注,包含,圆钢款,,,经营类,主营业务,采购支出,710,词库
R4937,支出,摘要或备注,包含,测绘款,,,经营类,主营业务,采购支出,710,词库
R4938,支出,摘要或备注,包含,测验费,,,经营类,主营业务,采购支出,710,词库
R4939,支出,摘要或备注,包含,电工,,,经营类,主营业务,采购支出,710,词库
R4940,支出,摘要或备注,包含,装订费,,,经营类,主营业务,采购支出,710,词库
R4941,支出,摘要或备注,包含,保利费,,,经营类,主营业务,采购支出,710,词库
R4942,支出,摘要或备注,包含,筹资款,,,经营类,主营业务,采购支出,710,词库
R4943,支出,摘要或备注,包含,勘察款,,,经营类,主营业务,采购支出,710,词库
R4944,支出,摘要或备注,包含,蛋糕,,,经营类,主营业务,采购支出,710,词库
R4945,支出,摘要或备注,包含,润滑剂,,,经营类,主营业务,采购支出,710,词库
R4946,支出,摘要或备注,包含,铁款,,,经营类,主营业务,采购支出,710,词库
R4947,支出,摘要或备注,包含,饮水款,,,经营类,主营业务,采购支出,710,词库
R4948,支出,摘要或备注,包含,带芯费,,,经营类,主营业务,采购支出,710,词库
R4949,支出,摘要或备注,包含,气费,,,经营类,主营业务,采购支出,710,词库
R4950,支出,摘要或备注,包含,洗理费,,,经营类,主营业务,采购支出,710,词库
R4951,支出,摘要或备注,包含,联合办学,,,经营类,主营业务,采购支出,710,词库
R4952,支出,摘要或备注,包含,管线探测,,,经营类,主营业务,采购支出,710,词库
R4953,支出,摘要或备注,包含,安全帽,,,经营类,主营业务,采购支出,710,词库
R4954,支出,摘要或备注,包含,拆装费,,,经营类,主营业务,采购支出,710,词库
R4955,支出,摘要或备注,包含,房子费,,,经营类,主营业务,采购支出,710,词库
R4956,支出,摘要或备注,包含,千斤顶,,,经营类,主营业务,采购支出,710,词库
R4957,支出,摘要或备注,包含,贴画,,,经营类,主营业务,采购支出,710,词库
R4958,支出,摘要或备注,包含,广播费,,,经营类,主营业务,采购支出,710,词库
R4959,支出,摘要或备注,包含,四害费,,,经营类,主营业务,采购支出,710,词库
R4960,支出,摘要或备注,包含,美容,,,经营类,主营业务,采购支出,710,词库
R4961,支出,摘要或备注,包含,征订费,,,经营类,主营业务,采购支出,710,词库
R4962,支出,摘要或备注,包含,钢构款,,,经营类,主营业务,采购支出,710,词库
R4963,支出,摘要或备注,包含,管材款,,,经营类,主营业务,采购支出,710,词库
R4964,支出,摘要或备注,包含,签证费,,,经营类,主营业务,采购支出,710,词库
R4965,支出,摘要或备注,包含,锌锭款,,,经营类,主营业务,采购支出,710,词库
R4966,支出,摘要或备注,包含,种植,,,经营类,主营业务,采购支出,710,词库
R4967,支出,摘要或备注,包含,年审费,,,经营类,主营业务,采购支出,710,词库
R4968,支出,摘要或备注,包含,洗衣费,,,经营类,主营业务,采购支出,710,词库
R4969,支出,摘要或备注,包含,维收费,,,经营类,主营业务,采购支出,710,词库
R4970,支出,摘要或备注,包含,占用费,,,经营类,主营业务,采购支出,710,词库
R4971,支出,摘要或备注,包含,显示屏,,,经营类,主营业务,采购支出,710,词库
R4972,支出,摘要或备注,包含,翻新款,,,经营类,主营业务,采购支出,710,词库
R4973,支出,摘要或备注,包含,砼材,,,经营类,主营业务,采购支出,710,词库
R4974,支出,摘要或备注,包含,矿泉水,,,经营类,主营业务,采购支出,710,词库
R4975,支出,摘要或备注,包含,申请费,,,经营类,主营业务,采购支出,710,词库
R4976,支出,摘要或备注,包含,赞助费,,,经营类,主营业务,采购支出,710,词库
R4977,支出,摘要或备注,包含,发布费,,,经营类,主营业务,采购支出,710,词库
R4978,支出,摘要或备注,包含,灭虫费,,,经营类,主营业务,采购支出,710,词库
R4979,支出,摘要或备注,包含,存储卡,,,经营类,主营业务,采购支出,710,词库
R4980,支出,摘要或备注,包含,排插,,,经营类,主营业务,采购支出,710,词库
R4981,支出,摘要或备注,包含,补款,,,经营类,主营业务,采购支出,710,词库
R4982,支出,摘要或备注,包含,氮气,,,经营类,主营业务,采购支出,710,词库
R4983,支出,摘要或备注,包含,修剪费,,,经营类,主营业务,采购支出,710,词库
R4984,支出,摘要或备注,包含,集资款,,,经营类,主营业务,采购支出,710,词库
R4985,支出,摘要或备注,包含,压夜费,,,经营类,主营业务,采购支出,710,词库
R4986,支出,摘要或备注,包含,料款,,,经营类,主营业务,采购支出,710,词库
R4987,支出,摘要或备注,包含,俱乐部,,,经营类,主营业务,采购支出,710,词库
R4988,支出,摘要或备注,包含,信封,,,经营类,主营业务,采购支出,710,词库
R4989,支出,摘要或备注,包含,预测费,,,经营类,主营业务,采购支出,710,词库
R4990,支出,摘要或备注,包含,宣传费,,,经营类,主营业务,采购支出,710,词库
R4991,支出,摘要或备注,包含,安全盘,,,经营类,主营业务,采购支出,710,词库
R4992,支出,摘要或备注,包含,道闸款,,,经营类,主营业务,采购支出,710,词库
R4993,支出,摘要或备注,包含,鼓粉,,,经营类,主营业务,采购支出,710,词库
R4994,支出,摘要或备注,包含,电影票,,,经营类,主营业务,采购支出,710,词库
R4995,支出,摘要或备注,包含,公正费,,,经营类,主营业务,采购支出,710,词库
R4996,支出,摘要或备注,包含,盐款,,,经营类,主营业务,采购支出,710,词库
R4997,支出,摘要或备注,包含,副本费,,,经营类,主营业务,采购支出,710,词库
R4998,支出,摘要或备注,包含,减资款,,,经营类,主营业务,采购支出,710,词库
R4999,支出,摘要或备注,包含,毛毡,,,经营类,主营业务,采购支出,710,词库
R5000,支出,摘要或备注,包含,提单款,,,经营类,主营业务,采购支出,710,词库
R5001,支出,摘要或备注,包含,调料,,,经营类,主营业务,采购支出,710,词库
R5002,支出,摘要或备注,包含,捐助款,,,经营类,主营业务,采购支出,710,词库
R5003,支出,摘要或备注,包含,卷帘,,,经营类,主营业务,采购支出,710,词库
R5004,支出,摘要或备注,包含,备房款,,,经营类,主营业务,采购支出,710,词库
R5005,支出,摘要或备注,包含,商铺款,,,经营类,主营业务,采购支出,710,词库
R5006,支出,摘要或备注,包含,铝材,,,经营类,主营业务,采购支出,710,词库
R5007,支出,摘要或备注,包含,勘查费,,,经营类,主营业务,采购支出,710,词库
R5008,支出,摘要或备注,包含,被子,,,经营类,主营业务,采购支出,710,词库
R5009,支出,摘要或备注,包含,酸钠款,,,经营类,主营业务,采购支出,710,词库
R5010,支出,摘要或备注,包含,铜钱,,,经营类,主营业务,采购支出,710,词库
R5011,支出,摘要或备注,包含,锅炉,,,经营类,主营业务,采购支出,710,词库
R5012,支出,摘要或备注,包含,送检费,,,经营类,主营业务,采购支出,710,词库
R5013,支出,摘要或备注,包含,水单,,,经营类,主营业务,采购支出,710,词库
R5014,支出,摘要或备注,包含,加检费,,,经营类,主营业务,采购支出,710,词库
R5015,支出,摘要或备注,包含,会展费,,,经营类,主营业务,采购支出,710,词库
R5016,支出,摘要或备注,包含,收派费,,,经营类,主营业务,采购支出,710,词库
R5017,支出,摘要或备注,包含,家居画款,,,经营类,主营业务,采购支出,710,词库
R5018,支出,摘要或备注,包含,接口费,,,经营类,主营业务,采购支出,710,词库
R5019,支出,摘要或备注,包含,时工费,,,经营类,主营业务,采购支出,710,词库
R5020,支出,摘要或备注,包含,货贷费,,,经营类,主营业务,采购支出,710,词库
R5021,支出,摘要或备注,包含,摄像,,,经营类,主营业务,采购支出,710,词库
R5022,支出,摘要或备注,包含,钛白粉,,,经营类,主营业务,采购支出,710,词库
R5023,支出,摘要或备注,包含,文件袋,,,经营类,主营业务,采购支出,710,词库
R5024,支出,摘要或备注,包含,训练费,,,经营类,主营业务,采购支出,710,词库
R5025,支出,摘要或备注,包含,地柜款,,,经营类,主营业务,采购支出,710,词库
R5026,支出,摘要或备注,包含,防爆膜,,,经营类,主营业务,采购支出,710,词库
R5027,支出,摘要或备注,包含,审厂费,,,经营类,主营业务,采购支出,710,词库
R5028,支出,摘要或备注,包含,链条,,,经营类,主营业务,采购支出,710,词库
R5029,支出,摘要或备注,包含,处置费,,,经营类,主营业务,采购支出,710,词库
R5030,支出,摘要或备注,包含,拍摄费,,,经营类,主营业务,采购支出,710,词库
R5031,支出,摘要或备注,包含,灭蚁费,,,经营类,主营业务,采购支出,710,词库
R5032,支出,摘要或备注,包含,光碟,,,经营类,主营业务,采购支出,710,词库
R5033,支出,摘要或备注,包含,稅审费,,,经营类,主营业务,采购支出,710,词库
R5034,支出,摘要或备注,包含,调配费,,,经营类,主营业务,采购支出,710,词库
R5035,支出,摘要或备注,包含,指标费,,,经营类,主营业务,采购支出,710,词库
R5036,支出,摘要或备注,包含,标书费,,,经营类,主营业务,采购支出,710,词库
R5037,支出,摘要或备注,包含,拖卡款,,,经营类,主营业务,采购支出,710,词库
R5038,支出,摘要或备注,包含,转关费,,,经营类,主营业务,采购支出,710,词库
R5039,支出,摘要或备注,包含,签单款,,,经营类,主营业务,采购支出,710,词库
R5040,支出,摘要或备注,包含,饲料,,,经营类,主营业务,采购支出,710,词库
R5041,支出,摘要或备注,包含,探测费,,,经营类,主营业务,采购支出,710,词库
R5042,支出,摘要或备注,包含,牌匾,,,经营类,主营业务,采购支出,710,词库
R5043,支出,摘要或备注,包含,衣架,,,经营类,主营业务,采购支出,710,词库
R5044,支出,摘要或备注,包含,冻品费,,,经营类,主营业务,采购支出,710,词库
R5045,支出,摘要或备注,包含,纺木纹漆,,,经营类,主营业务,采购支出,710,词库
R5046,支出,摘要或备注,包含,报考费,,,经营类,主营业务,采购支出,710,词库
R5047,支出,摘要或备注,包含,施工,,,经营类,主营业务,采购支出,710,词库
R5048,支出,摘要或备注,包含,白蚁费,,,经营类,主营业务,采购支出,710,词库
R5049,支出,摘要或备注,包含,酒款,,,经营类,主营业务,采购支出,710,词库
R5050,支出,摘要或备注,包含,装饰,,,经营类,主营业务,采购支出,710,词库
R5051,支出,摘要或备注,包含,增压泵款,,,经营类,主营业务,采购支出,710,词库
R5052,支出,摘要或备注,包含,桥架,,,经营类,主营业务,采购支出,710,词库
R5053,支出,摘要或备注,包含,工时费,,,经营类,主营业务,采购支出,710,词库
R5054,支出,摘要或备注,包含,广宣费,,,经营类,主营业务,采购支出,710,词库
R5055,支出,摘要或备注,包含,防蚁款,,,经营类,主营业务,采购支出,710,词库
R5056,支出,摘要或备注,包含,篮球,,,经营类,主营业务,采购支出,710,词库
R5057,支出,摘要或备注,包含,物品,,,经营类,主营业务,采购支出,710,词库
R5058,支出,摘要或备注,包含,监理费,,,经营类,主营业务,采购支出,710,词库
R5059,支出,摘要或备注,包含,钻孔,,,经营类,主营业务,采购支出,710,词库
R5060,支出,摘要或备注,包含,往款,,,经营类,主营业务,采购支出,710,词库
R5061,支出,摘要或备注,包含,会诊费,,,经营类,主营业务,采购支出,710,词库
R5062,支出,摘要或备注,包含,码头费,,,经营类,主营业务,采购支出,710,词库
R5063,支出,摘要或备注,包含,平估费,,,经营类,主营业务,采购支出,710,词库
R5064,支出,摘要或备注,包含,抽检费,,,经营类,主营业务,采购支出,710,词库
R5065,支出,摘要或备注,包含,包干费,,,经营类,主营业务,采购支出,710,词库
R5066,支出,摘要或备注,包含,铬酐款,,,经营类,主营业务,采购支出,710,词库
R5067,支出,摘要或备注,包含,安检费,,,经营类,主营业务,采购支出,710,词库
R5068,支出,摘要或备注,包含,座房款,,,经营类,主营业务,采购支出,710,词库
R5069,支出,摘要或备注,包含,零件,,,经营类,主营业务,采购支出,710,词库
R5070,支出,摘要或备注,包含,运维费,,,经营类,主营业务,采购支出,710,词库
R5071,支出,摘要或备注,包含,协作费,,,经营类,主营业务,采购支出,710,词库
R5072,支出,摘要或备注,包含,家俱,,,经营类,主营业务,采购支出,710,词库
R5073,支出,摘要或备注,包含,统筹费,,,经营类,主营业务,采购支出,710,词库
R5074,支出,摘要或备注,包含,转单费,,,经营类,主营业务,采购支出,710,词库
R5075,支出,摘要或备注,包含,然气,,,经营类,主营业务,采购支出,710,词库
R5076,支出,摘要或备注,包含,投影仪,,,经营类,主营业务,采购支出,710,词库
R5077,支出,摘要或备注,包含,饲料款,,,经营类,主营业务,采购支出,710,词库
R5078,支出,摘要或备注,包含,厨具,,,经营类,主营业务,采购支出,710,词库
R5079,支出,摘要或备注,包含,罐检费,,,经营类,主营业务,采购支出,710,词库
R5080,支出,摘要或备注,包含,书费,,,经营类,主营业务,采购支出,710,词库
R5081,支出,摘要或备注,包含,团建费,,,经营类,主营业务,采购支出,710,词库
R5082,支出,摘要或备注,包含,专持费,,,经营类,主营业务,采购支出,710,词库
R5083,支出,摘要或备注,包含,账款,,,经营类,主营业务,采购支出,710,词库
R5084,支出,摘要或备注,包含,加气款,,,经营类,主营业务,采购支出,710,词库
R5085,支出,摘要或备注,包含,团体费,,,经营类,主营业务,采购支出,710,词库
R5086,支出,摘要或备注,包含,检查费,,,经营类,主营业务,采购支出,710,词库
R5087,支出,摘要或备注,包含,建造费,,,经营类,主营业务,采购支出,710,词库
R5088,支出,摘要或备注,包含,灭蚊,,,经营类,主营业务,采购支出,710,词库
R5089,支出,摘要或备注,包含,订报款,,,经营类,主营业务,采购支出,710,词库
R5090,支出,摘要或备注,包含,月盖款,,,经营类,主营业务,采购支出,710,词库
R5091,支出,摘要或备注,包含,购置款,,,经营类,主营业务,采购支出,710,词库
R5092,支出,摘要或备注,包含,上市费,,,经营类,主营业务,采购支出,710,词库
R5093,支出,摘要或备注,包含,砂场,,,经营类,主营业务,采购支出,710,词库
R5094,支出,摘要或备注,包含,家居,,,经营类,主营业务,采购支出,710,词库
R5095,支出,摘要或备注,包含,试卷,,,经营类,主营业务,采购支出,710,词库
R5096,支出,摘要或备注,包含,硬盘,,,经营类,主营业务,采购支出,710,词库
R5097,支出,摘要或备注,包含,扣除费,,,经营类,主营业务,采购支出,710,词库
R5098,支出,摘要或备注,包含,教育费,,,经营类,主营业务,采购支出,710,词库
R5099,支出,摘要或备注,包含,废物费,,,经营类,主营业务,采购支出,710,词库
R5100,支出,摘要或备注,包含,热泵款,,,经营类,主营业务,采购支出,710,词库
R5101,支出,摘要或备注,包含,上牌费,,,经营类,主营业务,采购支出,710,词库
R5102,支出,摘要或备注,包含,插排,,,经营类,主营业务,采购支出,710,词库
R5103,支出,摘要或备注,包含,宣传条幅,,,经营类,主营业务,采购支出,710,词库
R5104,支出,摘要或备注,包含,建设款,,,经营类,主营业务,采购支出,710,词库
R5105,支出,摘要或备注,包含,糠款,,,经营类,主营业务,采购支出,710,词库
R5106,支出,摘要或备注,包含,熏蒸费,,,经营类,主营业务,采购支出,710,词库
R5107,支出,摘要或备注,包含,煎锅,,,经营类,主营业务,采购支出,710,词库
R5108,支出,摘要或备注,包含,修配费,,,经营类,主营业务,采购支出,710,词库
R5109,支出,摘要或备注,包含,网卡费,,,经营类,主营业务,采购支出,710,词库
R5110,支出,摘要或备注,包含,礼品,,,经营类,主营业务,采购支出,710,词库
R5111,支出,摘要或备注,包含,鞋,,,经营类,主营业务,采购支出,710,词库
R5112,支出,摘要或备注,包含,煤款,,,经营类,主营业务,采购支出,710,词库
R5113,支出,摘要或备注,包含,做帐费,,,经营类,主营业务,采购支出,710,词库
R5114,支出,摘要或备注,包含,事故款,,,经营类,主营业务,采购支出,710,词库
R5115,支出,摘要或备注,包含,宴席费,,,经营类,主营业务,采购支出,710,词库
R5116,支出,摘要或备注,包含,粮款,,,经营类,主营业务,采购支出,710,词库
R5117,支出,摘要或备注,包含,营销,,,经营类,主营业务,采购支出,710,词库
R5118,支出,摘要或备注,包含,购桶费,,,经营类,主营业务,采购支出,710,词库
R5119,支出,摘要或备注,包含,往來款,,,经营类,主营业务,采购支出,710,词库
R5120,支出,摘要或备注,包含,印费,,,经营类,主营业务,采购支出,710,词库
R5121,支出,摘要或备注,包含,样版费,,,经营类,主营业务,采购支出,710,词库
R5122,支出,摘要或备注,包含,遣散费,,,经营类,主营业务,采购支出,710,词库
R5123,支出,摘要或备注,包含,食杂,,,经营类,主营业务,采购支出,710,词库
R5124,支出,摘要或备注,包含,交易款,,,经营类,主营业务,采购支出,710,词库
R5125,支出,摘要或备注,包含,保修费,,,经营类,主营业务,采购支出,710,词库
R5126,支出,摘要或备注,包含,计帐费,,,经营类,主营业务,采购支出,710,词库
R5127,支出,摘要或备注,包含,荷叶款,,,经营类,主营业务,采购支出,710,词库
R5128,支出,摘要或备注,包含,协议款,,,经营类,主营业务,采购支出,710,词库
R5129,支出,摘要或备注,包含,更换费,,,经营类,主营业务,采购支出,710,词库
R5130,支出,摘要或备注,包含,烧碱,,,经营类,主营业务,采购支出,710,词库
R5131,支出,摘要或备注,包含,下道费,,,经营类,主营业务,采购支出,710,词库
R5132,支出,摘要或备注,包含,电汽费,,,经营类,主营业务,采购支出,710,词库
R5133,支出,摘要或备注,包含,使用费,,,经营类,主营业务,采购支出,710,词库
R5134,支出,摘要或备注,包含,运营费,,,经营类,主营业务,采购支出,710,词库
R5135,支出,摘要或备注,包含,打样费,,,经营类,主营业务,采购支出,710,词库
R5136,支出,摘要或备注,包含,输送带,,,经营类,主营业务,采购支出,710,词库
R5137,支出,摘要或备注,包含,消防款,,,经营类,主营业务,采购支出,710,词库
R5138,支出,摘要或备注,包含,色带款,,,经营类,主营业务,采购支出,710,词库
R5139,支出,摘要或备注,包含,识别费,,,经营类,主营业务,采购支出,710,词库
R5140,支出,摘要或备注,包含,洗护费,,,经营类,主营业务,采购支出,710,词库
R5141,支出,摘要或备注,包含,陶瓷,,,经营类,主营业务,采购支出,710,词库
R5142,支出,摘要或备注,包含,环卫,,,经营类,主营业务,采购支出,710,词库
R5143,支出,摘要或备注,包含,见证费,,,经营类,主营业务,采购支出,710,词库
R5144,支出,摘要或备注,包含,合作费,,,经营类,主营业务,采购支出,710,词库
R5145,支出,摘要或备注,包含,索赔费,,,经营类,主营业务,采购支出,710,词库
R5146,支出,摘要或备注,包含,扫描笔,,,经营类,主营业务,采购支出,710,词库
R5147,支出,摘要或备注,包含,色带架,,,经营类,主营业务,采购支出,710,词库
R5148,支出,摘要或备注,包含,会议,,,经营类,主营业务,采购支出,710,词库
R5149,支出,摘要或备注,包含,证件照,,,经营类,主营业务,采购支出,710,词库
R5150,支出,摘要或备注,包含,天桥,,,经营类,主营业务,采购支出,710,词库
R5151,支出,摘要或备注,包含,画册,,,经营类,主营业务,采购支出,710,词库
R5152,支出,摘要或备注,包含,制件费,,,经营类,主营业务,采购支出,710,词库
R5153,支出,摘要或备注,包含,停场费,,,经营类,主营业务,采购支出,710,词库
R5154,支出,摘要或备注,包含,阀门,,,经营类,主营业务,采购支出,710,词库
R5155,支出,摘要或备注,包含,面款,,,经营类,主营业务,采购支出,710,词库
R5156,支出,摘要或备注,包含,报告,,,经营类,主营业务,采购支出,710,词库
R5157,支出,摘要或备注,包含,统购款,,,经营类,主营业务,采购支出,710,词库
R5158,支出,摘要或备注,包含,水表费,,,经营类,主营业务,采购支出,710,词库
R5159,支出,摘要或备注,包含,污泥费,,,经营类,主营业务,采购支出,710,词库
R5160,支出,摘要或备注,包含,干预费,,,经营类,主营业务,采购支出,710,词库
R5161,支出,摘要或备注,包含,实习费,,,经营类,主营业务,采购支出,710,词库
R5162,支出,摘要或备注,包含,汇编费,,,经营类,主营业务,采购支出,710,词库
R5163,支出,摘要或备注,包含,管网,,,经营类,主营业务,采购支出,710,词库
R5164,支出,摘要或备注,包含,验货费,,,经营类,主营业务,采购支出,710,词库
R5165,支出,摘要或备注,包含,考证费,,,经营类,主营业务,采购支出,710,词库
R5166,支出,摘要或备注,包含,石棉款,,,经营类,主营业务,采购支出,710,词库
R5167,支出,摘要或备注,包含,膨胀剂,,,经营类,主营业务,采购支出,710,词库
R5168,支出,摘要或备注,包含,校准费,,,经营类,主营业务,采购支出,710,词库
R5169,支出,摘要或备注,包含,书款,,,经营类,主营业务,采购支出,710,词库
R5170,支出,摘要或备注,包含,天然气,,,经营类,主营业务,采购支出,710,词库
R5171,支出,摘要或备注,包含,废铁款,,,经营类,主营业务,采购支出,710,词库
R5172,支出,摘要或备注,包含,标书款,,,经营类,主营业务,采购支出,710,词库
R5173,支出,摘要或备注,包含,維修資金,,,经营类,主营业务,采购支出,710,词库
R5174,支出,摘要或备注,包含,沥青,,,经营类,主营业务,采购支出,710,词库
R5175,支出,摘要或备注,包含,脚架,,,经营类,主营业务,采购支出,710,词库
R5176,支出,摘要或备注,包含,校验费,,,经营类,主营业务,采购支出,710,词库
R5177,支出,摘要或备注,包含,护理费,,,经营类,主营业务,采购支出,710,词库
R5178,支出,摘要或备注,包含,首饰,,,经营类,主营业务,采购支出,710,词库
R5179,支出,摘要或备注,包含,暖气费,,,经营类,主营业务,采购支出,710,词库
R5180,支出,摘要或备注,包含,豆干,,,经营类,主营业务,采购支出,710,词库
R5181,支出,摘要或备注,包含,污费,,,经营类,主营业务,采购支出,710,词库
R5182,支出,摘要或备注,包含,灭蚁款,,,经营类,主营业务,采购支出,710,词库
R5183,支出,摘要或备注,包含,煤石款,,,经营类,主营业务,采购支出,710,词库
R5184,支出,摘要或备注,包含,课费,,,经营类,主营业务,采购支出,710,词库
R5185,支出,摘要或备注,包含,塔吊费,,,经营类,主营业务,采购支出,710,词库
R5186,支出,摘要或备注,包含,付账款,,,经营类,主营业务,采购支出,710,词库
R5187,支出,摘要或备注,包含,买料,,,经营类,主营业务,采购支出,710,词库
R5188,支出,摘要或备注,包含,房费,,,经营类,主营业务,采购支出,710,词库
R5189,支出,摘要或备注,包含,厨柜,,,经营类,主营业务,采购支出,710,词库
R5190,支出,摘要或备注,包含,鉴定费,,,经营类,主营业务,采购支出,710,词库
R5191,支出,摘要或备注,包含,排骨面,,,经营类,主营业务,采购支出,710,词库
R5192,支出,摘要或备注,包含,塑料管,,,经营类,主营业务,采购支出,710,词库
R5193,支出,摘要或备注,包含,药费,,,经营类,主营业务,采购支出,710,词库
R5194,支出,摘要或备注,包含,帐本费,,,经营类,主营业务,采购支出,710,词库
R5195,支出,摘要或备注,包含,卫浴,,,经营类,主营业务,采购支出,710,词库
R5196,支出,摘要或备注,包含,珍珠岩,,,经营类,主营业务,采购支出,710,词库
R5197,支出,摘要或备注,包含,购锁款,,,经营类,主营业务,采购支出,710,词库
R5198,支出,摘要或备注,包含,外置声卡,,,经营类,主营业务,采购支出,710,词库
R5199,支出,摘要或备注,包含,补办费,,,经营类,主营业务,采购支出,710,词库
R5200,支出,摘要或备注,包含,冷气,,,经营类,主营业务,采购支出,710,词库
R5201,支出,摘要或备注,包含,围挡款,,,经营类,主营业务,采购支出,710,词库
R5202,支出,摘要或备注,包含,药品,,,经营类,主营业务,采购支出,710,词库
R5203,支出,摘要或备注,包含,厂牌,,,经营类,主营业务,采购支出,710,词库
R5204,支出,摘要或备注,包含,妇检费,,,经营类,主营业务,采购支出,710,词库
R5205,支出,摘要或备注,包含,泊位费,,,经营类,主营业务,采购支出,710,词库
R5206,支出,摘要或备注,包含,汇算费,,,经营类,主营业务,采购支出,710,词库
R5207,支出,摘要或备注,包含,幼儿园,,,经营类,主营业务,采购支出,710,词库
R5208,支出,摘要或备注,包含,米粉,,,经营类,主营业务,采购支出,710,词库
R5209,支出,摘要或备注,包含,征收款,,,经营类,主营业务,采购支出,710,词库
R5210,支出,摘要或备注,包含,钢款,,,经营类,主营业务,采购支出,710,词库
R5211,支出,摘要或备注,包含,报名费,,,经营类,主营业务,采购支出,710,词库
R5212,支出,摘要或备注,包含,使用权款,,,经营类,主营业务,采购支出,710,词库
R5213,支出,摘要或备注,包含,税审款,,,经营类,主营业务,采购支出,710,词库
R5214,支出,摘要或备注,包含,综合费,,,经营类,主营业务,采购支出,710,词库
R5215,支出,摘要或备注,包含,考试,,,经营类,主营业务,采购支出,710,词库
R5216,支出,摘要或备注,包含,测费,,,经营类,主营业务,采购支出,710,词库
R5217,支出,摘要或备注,包含,农副产品,,,经营类,主营业务,采购支出,710,词库
R5218,支出,摘要或备注,包含,安全门,,,经营类,主营业务,采购支出,710,词库
R5219,支出,摘要或备注,包含,往里款,,,经营类,主营业务,采购支出,710,词库
R5220,支出,摘要或备注,包含,放映费,,,经营类,主营业务,采购支出,710,词库
R5221,支出,摘要或备注,包含,药品款,,,经营类,主营业务,采购支出,710,词库
R5222,支出,摘要或备注,包含,缴审费,,,经营类,主营业务,采购支出,710,词库
R5223,支出,摘要或备注,包含,年花款,,,经营类,主营业务,采购支出,710,词库
R5224,支出,摘要或备注,包含,进修费,,,经营类,主营业务,采购支出,710,词库
R5225,支出,摘要或备注,包含,租场,,,经营类,主营业务,采购支出,710,词库
R5226,支出,摘要或备注,包含,公章费,,,经营类,主营业务,采购支出,710,词库
R5227,支出,摘要或备注,包含,补修款,,,经营类,主营业务,采购支出,710,词库
R5228,支出,摘要或备注,包含,螺杆费,,,经营类,主营业务,采购支出,710,词库
R5229,支出,摘要或备注,包含,水表,,,经营类,主营业务,采购支出,710,词库
R5230,支出,摘要或备注,包含,超市,,,经营类,主营业务,采购支出,710,词库
R5231,支出,摘要或备注,包含,开票费,,,经营类,主营业务,采购支出,710,词库
R5232,支出,摘要或备注,包含,期款,,,经营类,主营业务,采购支出,710,词库
R5233,支出,摘要或备注,包含,过路费,,,经营类,主营业务,采购支出,710,词库
R5234,支出,摘要或备注,包含,线图费,,,经营类,主营业务,采购支出,710,词库
R5235,支出,摘要或备注,包含,搬迁费,,,经营类,主营业务,采购支出,710,词库
R5236,支出,摘要或备注,包含,蚊香,,,经营类,主营业务,采购支出,710,词库
R5237,支出,摘要或备注,包含,预约费,,,经营类,主营业务,采购支出,710,词库
R5238,支出,摘要或备注,包含,电解铜款,,,经营类,主营业务,采购支出,710,词库
R5239,支出,摘要或备注,包含,线缆,,,经营类,主营业务,采购支出,710,词库
R5240,支出,摘要或备注,包含,交际费,,,经营类,主营业务,采购支出,710,词库
R5241,支出,摘要或备注,包含,校正费,,,经营类,主营业务,采购支出,710,词库
R5242,支出,摘要或备注,包含,识牌费,,,经营类,主营业务,采购支出,710,词库
R5243,支出,摘要或备注,包含,校服,,,经营类,主营业务,采购支出,710,词库
R5244,支出,摘要或备注,包含,协议费,,,经营类,主营业务,采购支出,710,词库
R5245,支出,摘要或备注,包含,监督费,,,经营类,主营业务,采购支出,710,词库
R5246,支出,摘要或备注,包含,雨衣,,,经营类,主营业务,采购支出,710,词库
R5247,支出,摘要或备注,包含,验收费,,,经营类,主营业务,采购支出,710,词库
R5248,支出,摘要或备注,包含,会籍费,,,经营类,主营业务,采购支出,710,词库
R5249,支出,摘要或备注,包含,事务费,,,经营类,主营业务,采购支出,710,词库
R5250,支出,摘要或备注,包含,门禁款,,,经营类,主营业务,采购支出,710,词库
R5251,支出,摘要或备注,包含,房首付成款,,,经营类,主营业务,采购支出,710,词库
R5252,支出,摘要或备注,包含,支架,,,经营类,主营业务,采购支出,710,词库
R5253,支出,摘要或备注,包含,羽毛球,,,经营类,主营业务,采购支出,710,词库
R5254,支出,摘要或备注,包含,填土款,,,经营类,主营业务,采购支出,710,词库
R5255,支出,摘要或备注,包含,检修款,,,经营类,主营业务,采购支出,710,词库
R5256,支出,摘要或备注,包含,铝合金,,,经营类,主营业务,采购支出,710,词库
R5257,支出,摘要或备注,包含,刻章费,,,经营类,主营业务,采购支出,710,词库
R5258,支出,摘要或备注,包含,的士,,,经营类,主营业务,采购支出,710,词库
R5259,支出,摘要或备注,包含,投影款,,,经营类,主营业务,采购支出,710,词库
R5260,支出,摘要或备注,包含,砂款,,,经营类,主营业务,采购支出,710,词库
R5261,支出,摘要或备注,包含,光线,,,经营类,主营业务,采购支出,710,词库
R5262,支出,摘要或备注,包含,刻章,,,经营类,主营业务,采购支出,710,词库
R5263,支出,摘要或备注,包含,初测费,,,经营类,主营业务,采购支出,710,词库
R5264,支出,摘要或备注,包含,制出费,,,经营类,主营业务,采购支出,710,词库
R5265,支出,摘要或备注,包含,试验费,,,经营类,主营业务,采购支出,710,词库
R5266,支出,摘要或备注,包含,喷锡,,,经营类,主营业务,采购支出,710,词库
R5267,支出,摘要或备注,包含,京豆费,,,经营类,主营业务,采购支出,710,词库
R5268,支出,摘要或备注,包含,电视,,,经营类,主营业务,采购支出,710,词库
R5269,支出,摘要或备注,包含,复检费,,,经营类,主营业务,采购支出,710,词库
R5270,支出,摘要或备注,包含,印票款,,,经营类,主营业务,采购支出,710,词库
R5271,支出,摘要或备注,包含,高速费,,,经营类,主营业务,采购支出,710,词库
R5272,支出,摘要或备注,包含,拆卸费,,,经营类,主营业务,采购支出,710,词库
R5273,支出,摘要或备注,包含,备料款,,,经营类,主营业务,采购支出,710,词库
R5274,支出,摘要或备注,包含,试验款,,,经营类,主营业务,采购支出,710,词库
R5275,支出,摘要或备注,包含,模型,,,经营类,主营业务,采购支出,710,词库
R5276,支出,摘要或备注,包含,格布,,,经营类,主营业务,采购支出,710,词库
R5277,支出,摘要或备注,包含,滚渡费,,,经营类,主营业务,采购支出,710,词库
R5278,支出,摘要或备注,包含,展示台款,,,经营类,主营业务,采购支出,710,词库
R5279,支出,摘要或备注,包含,铁马款,,,经营类,主营业务,采购支出,710,词库
R5280,支出,摘要或备注,包含,被单,,,经营类,主营业务,采购支出,710,词库
R5281,支出,摘要或备注,包含,转介费,,,经营类,主营业务,采购支出,710,词库
R5282,支出,摘要或备注,包含,购买费,,,经营类,主营业务,采购支出,710,词库
R5283,支出,摘要或备注,包含,材料费,,,经营类,主营业务,采购支出,710,词库
R5284,支出,摘要或备注,包含,砼款,,,经营类,主营业务,采购支出,710,词库
R5285,支出,摘要或备注,包含,花草,,,经营类,主营业务,采购支出,710,词库
R5286,支出,摘要或备注,包含,商品,,,经营类,主营业务,采购支出,710,词库
R5287,支出,摘要或备注,包含,购桶款,,,经营类,主营业务,采购支出,710,词库
R5288,支出,摘要或备注,包含,兵乓球,,,经营类,主营业务,采购支出,710,词库
R5289,支出,摘要或备注,包含,协编费,,,经营类,主营业务,采购支出,710,词库
R5290,支出,摘要或备注,包含,洗衣,,,经营类,主营业务,采购支出,710,词库
R5291,支出,摘要或备注,包含,考试费,,,经营类,主营业务,采购支出,710,词库
R5292,支出,摘要或备注,包含,租用,,,经营类,主营业务,采购支出,710,词库
R5293,支出,摘要或备注,包含,汽修费,,,经营类,主营业务,采购支出,710,词库
R5294,支出,摘要或备注,包含,节目费,,,经营类,主营业务,采购支出,710,词库
R5295,支出,摘要或备注,包含,木方款,,,经营类,主营业务,采购支出,710,词库
R5296,支出,摘要或备注,包含,查新费,,,经营类,主营业务,采购支出,710,词库
R5297,支出,摘要或备注,包含,钢架,,,经营类,主营业务,采购支出,710,词库
R5298,支出,摘要或备注,包含,展览费,,,经营类,主营业务,采购支出,710,词库
R5299,支出,摘要或备注,包含,雨披款,,,经营类,主营业务,采购支出,710,词库
R5300,支出,摘要或备注,包含,征地款,,,经营类,主营业务,采购支出,710,词库
R5301,支出,摘要或备注,包含,扫苗仪,,,经营类,主营业务,采购支出,710,词库
R5302,支出,摘要或备注,包含,换证费,,,经营类,主营业务,采购支出,710,词库
R5303,支出,摘要或备注,包含,厅杂费,,,经营类,主营业务,采购支出,710,词库
R5304,支出,摘要或备注,包含,视频拍摄,,,经营类,主营业务,采购支出,710,词库
R5305,支出,摘要或备注,包含,充气款,,,经营类,主营业务,采购支出,710,词库
R5306,支出,摘要或备注,包含,电源,,,经营类,主营业务,采购支出,710,词库
R5307,支出,摘要或备注,包含,代维费,,,经营类,主营业务,采购支出,710,词库
R5308,支出,摘要或备注,包含,军训服,,,经营类,主营业务,采购支出,710,词库
R5309,支出,摘要或备注,包含,混泥土,,,经营类,主营业务,采购支出,710,词库
R5310,支出,摘要或备注,包含,乙炔费,,,经营类,主营业务,采购支出,710,词库
R5311,支出,摘要或备注,包含,光纤,,,经营类,主营业务,采购支出,710,词库
R5312,支出,摘要或备注,包含,改造费,,,经营类,主营业务,采购支出,710,词库
R5313,支出,摘要或备注,包含,监控费,,,经营类,主营业务,采购支出,710,词库
R5314,支出,摘要或备注,包含,标识费,,,经营类,主营业务,采购支出,710,词库
R5315,支出,摘要或备注,包含,升级费,,,经营类,主营业务,采购支出,710,词库
R5316,支出,摘要或备注,包含,草药,,,经营类,主营业务,采购支出,710,词库
R5317,支出,摘要或备注,包含,速印,,,经营类,主营业务,采购支出,710,词库
R5318,支出,摘要或备注,包含,订报,,,经营类,主营业务,采购支出,710,词库
R5319,支出,摘要或备注,包含,餐具,,,经营类,主营业务,采购支出,710,词库
R5320,支出,摘要或备注,包含,样品款,,,经营类,主营业务,采购支出,710,词库
R5321,支出,摘要或备注,包含,水龙头,,,经营类,主营业务,采购支出,710,词库
R5322,支出,摘要或备注,包含,统筹款,,,经营类,主营业务,采购支出,710,词库
R5323,支出,摘要或备注,包含,盖款,,,经营类,主营业务,采购支出,710,词库
R5324,支出,摘要或备注,包含,宽带,,,经营类,主营业务,采购支出,710,词库
R5325,支出,摘要或备注,包含,媒体费,,,经营类,主营业务,采购支出,710,词库
R5326,支出,摘要或备注,包含,过渡费,,,经营类,主营业务,采购支出,710,词库
R5327,支出,摘要或备注,包含,水道费,,,经营类,主营业务,采购支出,710,词库
R5328,支出,摘要或备注,包含,消耗品,,,经营类,主营业务,采购支出,710,词库
R5329,支出,摘要或备注,包含,糖果,,,经营类,主营业务,采购支出,710,词库
R5330,支出,摘要或备注,包含,智能锁,,,经营类,主营业务,采购支出,710,词库
R5331,支出,摘要或备注,包含,复审费,,,经营类,主营业务,采购支出,710,词库
R5332,支出,摘要或备注,包含,邮递,,,经营类,主营业务,采购支出,710,词库
R5333,支出,摘要或备注,包含,铜款,,,经营类,主营业务,采购支出,710,词库
R5334,支出,摘要或备注,包含,订票费,,,经营类,主营业务,采购支出,710,词库
R5335,支出,摘要或备注,包含,价款,,,经营类,主营业务,采购支出,710,词库
R5336,支出,摘要或备注,包含,监管费,,,经营类,主营业务,采购支出,710,词库
R5337,支出,摘要或备注,包含,膳费,,,经营类,主营业务,采购支出,710,词库
R5338,支出,摘要或备注,包含,佣金,,,经营类,主营业务,采购支出,710,词库
R5339,支出,摘要或备注,包含,彩瓦款,,,经营类,主营业务,采购支出,710,词库
R5340,支出,摘要或备注,包含,信号费,,,经营类,主营业务,采购支出,710,词库
R5341,支出,摘要或备注,包含,介料款,,,经营类,主营业务,采购支出,710,词库
R5342,支出,摘要或备注,包含,夹具款,,,经营类,主营业务,采购支出,710,词库
R5343,支出,摘要或备注,包含,速递费,,,经营类,主营业务,采购支出,710,词库
R5344,支出,摘要或备注,包含,白糖,,,经营类,主营业务,采购支出,710,词库
R5345,支出,摘要或备注,包含,除四害,,,经营类,主营业务,采购支出,710,词库
R5346,支出,摘要或备注,包含,用品款,,,经营类,主营业务,采购支出,710,词库
R5347,支出,摘要或备注,包含,工具,,,经营类,主营业务,采购支出,710,词库
R5348,支出,摘要或备注,包含,压模费,,,经营类,主营业务,采购支出,710,词库
R5349,支出,摘要或备注,包含,管桩,,,经营类,主营业务,采购支出,710,词库
R5350,支出,摘要或备注,包含,丧葬费,,,经营类,主营业务,采购支出,710,词库
R5351,支出,摘要或备注,包含,评价费,,,经营类,主营业务,采购支出,710,词库
R5352,支出,摘要或备注,包含,土壤识别款,,,经营类,主营业务,采购支出,710,词库
R5353,支出,摘要或备注,包含,铅笔,,,经营类,主营业务,采购支出,710,词库
R5354,支出,摘要或备注,包含,中砂款,,,经营类,主营业务,采购支出,710,词库
R5355,支出,摘要或备注,包含,体验费,,,经营类,主营业务,采购支出,710,词库
R5356,支出,摘要或备注,包含,印制费,,,经营类,主营业务,采购支出,710,词库
R5357,支出,摘要或备注,包含,改装费,,,经营类,主营业务,采购支出,710,词库
R5358,支出,摘要或备注,包含,赔训费,,,经营类,主营业务,采购支出,710,词库
R5359,支出,摘要或备注,包含,拆除费,,,经营类,主营业务,采购支出,710,词库
R5360,支出,摘要或备注,包含,录音笔,,,经营类,主营业务,采购支出,710,词库
R5361,支出,摘要或备注,包含,料粒款,,,经营类,主营业务,采购支出,710,词库
R5362,支出,摘要或备注,包含,钠盐,,,经营类,主营业务,采购支出,710,词库
R5363,支出,摘要或备注,包含,协助费,,,经营类,主营业务,采购支出,710,词库
R5364,支出,摘要或备注,包含,滤芯,,,经营类,主营业务,采购支出,710,词库
R5365,支出,摘要或备注,包含,螺杆,,,经营类,主营业务,采购支出,710,词库
R5366,支出,摘要或备注,包含,漏电开关,,,经营类,主营业务,采购支出,710,词库
R5367,支出,摘要或备注,包含,平台款,,,经营类,主营业务,采购支出,710,词库
R5368,支出,摘要或备注,包含,装备架,,,经营类,主营业务,采购支出,710,词库
R5369,支出,摘要或备注,包含,补卡费,,,经营类,主营业务,采购支出,710,词库
R5370,支出,摘要或备注,包含,异议费,,,经营类,主营业务,采购支出,710,词库
R5371,支出,摘要或备注,包含,用笔费,,,经营类,主营业务,采购支出,710,词库
R5372,支出,摘要或备注,包含,观察费,,,经营类,主营业务,采购支出,710,词库
R5373,支出,摘要或备注,包含,木苗,,,经营类,主营业务,采购支出,710,词库
R5374,支出,摘要或备注,包含,玉米款,,,经营类,主营业务,采购支出,710,词库
R5375,支出,摘要或备注,包含,物品费,,,经营类,主营业务,采购支出,710,词库
R5376,支出,摘要或备注,包含,医保,,,经营类,主营业务,采购支出,710,词库
R5377,支出,摘要或备注,包含,运动服,,,经营类,主营业务,采购支出,710,词库
R5378,支出,摘要或备注,包含,专线费,,,经营类,主营业务,采购支出,710,词库
R5379,支出,摘要或备注,包含,消防水带,,,经营类,主营业务,采购支出,710,词库
R5380,支出,摘要或备注,包含,铜镍,,,经营类,主营业务,采购支出,710,词库
R5381,支出,摘要或备注,包含,改版费,,,经营类,主营业务,采购支出,710,词库
R5382,支出,摘要或备注,包含,牌证费,,,经营类,主营业务,采购支出,710,词库
R5383,支出,摘要或备注,包含,评诂费,,,经营类,主营业务,采购支出,710,词库
R5384,支出,摘要或备注,包含,大礼包,,,经营类,主营业务,采购支出,710,词库
R5385,支出,摘要或备注,包含,中介费,,,经营类,主营业务,采购支出,710,词库
R5386,支出,摘要或备注,包含,混凝土,,,经营类,主营业务,采购支出,710,词库
R5387,支出,摘要或备注,包含,充电宝,,,经营类,主营业务,采购支出,710,词库
R5388,支出,摘要或备注,包含,公务费,,,经营类,主营业务,采购支出,710,词库
R5389,支出,摘要或备注,包含,验测费,,,经营类,主营业务,采购支出,710,词库
R5390,支出,摘要或备注,包含,许可费,,,经营类,主营业务,采购支出,710,词库
R5391,支出,摘要或备注,包含,补苗费,,,经营类,主营业务,采购支出,710,词库
R5392,支出,摘要或备注,包含,活动费,,,经营类,主营业务,采购支出,710,词库
R5393,支出,摘要或备注,包含,洗碗,,,经营类,主营业务,采购支出,710,词库
R5394,支出,摘要或备注,包含,分摊费,,,经营类,主营业务,采购支出,710,词库
R5395,支出,摘要或备注,包含,安全款,,,经营类,主营业务,采购支出,710,词库
R5396,支出,摘要或备注,包含,闸门款,,,经营类,主营业务,采购支出,710,词库
R5397,支出,摘要或备注,包含,品鉴费,,,经营类,主营业务,采购支出,710,词库
R5398,支出,摘要或备注,包含,接送费,,,经营类,主营业务,采购支出,710,词库
R5399,支出,摘要或备注,包含,保教费,,,经营类,主营业务,采购支出,710,词库
R5400,支出,摘要或备注,包含,地砖,,,经营类,主营业务,采购支出,710,词库
R5401,支出,摘要或备注,包含,扫描仪,,,经营类,主营业务,采购支出,710,词库
R5402,支出,摘要或备注,包含,上缴款,,,经营类,主营业务,采购支出,710,词库
R5403,支出,摘要或备注,包含,评估费,,,经营类,主营业务,采购支出,710,词库
R5404,支出,摘要或备注,包含,滞柜费,,,经营类,主营业务,采购支出,710,词库
R5405,支出,摘要或备注,包含,摆放费,,,经营类,主营业务,采购支出,710,词库
R5406,支出,摘要或备注,包含,系统款,,,经营类,主营业务,采购支出,710,词库
R5407,支出,摘要或备注,包含,信封费,,,经营类,主营业务,采购支出,710,词库
R5408,支出,摘要或备注,包含,清扫,,,经营类,主营业务,采购支出,710,词库
R5409,支出,摘要或备注,包含,考场费,,,经营类,主营业务,采购支出,710,词库
R5410,支出,摘要或备注,包含,黄沙,,,经营类,主营业务,采购支出,710,词库
R5411,支出,摘要或备注,包含,晒鼓费,,,经营类,主营业务,采购支出,710,词库
R5412,支出,摘要或备注,包含,肥料,,,经营类,主营业务,采购支出,710,词库
R5413,支出,摘要或备注,包含,图款,,,经营类,主营业务,采购支出,710,词库
R5414,支出,摘要或备注,包含,用电,,,经营类,主营业务,采购支出,710,词库
R5415,支出,摘要或备注,包含,学习费,,,经营类,主营业务,采购支出,710,词库
R5416,支出,摘要或备注,包含,验收款,,,经营类,主营业务,采购支出,710,词库
R5417,支出,摘要或备注,包含,验证款,,,经营类,主营业务,采购支出,710,词库
R5418,支出,摘要或备注,包含,生产工具,,,经营类,主营业务,采购支出,710,词库
R5419,支出,摘要或备注,包含,拉闸,,,经营类,主营业务,采购支出,710,词库
R5420,支出,摘要或备注,包含,横幅,,,经营类,主营业务,采购支出,710,词库
R5421,支出,摘要或备注,包含,回收包材,,,经营类,主营业务,采购支出,710,词库
R5422,支出,摘要或备注,包含,收据款,,,经营类,主营业务,采购支出,710,词库
R5423,支出,摘要或备注,包含,课本,,,经营类,主营业务,采购支出,710,词库
R5424,支出,摘要或备注,包含,业务费,,,经营类,主营业务,采购支出,710,词库
R5425,支出,摘要或备注,包含,公众号,,,经营类,主营业务,采购支出,710,词库
R5426,支出,摘要或备注,包含,日记本,,,经营类,主营业务,采购支出,710,词库
R5427,支出,摘要或备注,包含,刊登费,,,经营类,主营业务,采购支出,710,词库
R5428,支出,摘要或备注,包含,学杂费,,,经营类,主营业务,采购支出,710,词库
R5429,支出,摘要或备注,包含,灭鼠费,,,经营类,主营业务,采购支出,710,词库
R5430,支出,摘要或备注,包含,分配款,,,经营类,主营业务,采购支出,710,词库
R5431,支出,摘要或备注,包含,幕布,,,经营类,主营业务,采购支出,710,词库
R5432,支出,摘要或备注,包含,声焊接头,,,经营类,主营业务,采购支出,710,词库
R5433,支出,摘要或备注,包含,礼品款,,,经营类,主营业务,采购支出,710,词库
R5434,支出,摘要或备注,包含,消防,,,经营类,主营业务,采购支出,710,词库
R5435,支出,摘要或备注,包含,会员费,,,经营类,主营业务,采购支出,710,词库
R5436,支出,摘要或备注,包含,路面费,,,经营类,主营业务,采购支出,710,词库
R5437,支出,摘要或备注,包含,砌块费,,,经营类,主营业务,采购支出,710,词库
R5438,支出,摘要或备注,包含,制图费,,,经营类,主营业务,采购支出,710,词库
R5439,支出,摘要或备注,包含,电感款,,,经营类,主营业务,采购支出,710,词库
R5440,支出,摘要或备注,包含,衣服,,,经营类,主营业务,采购支出,710,词库
R5441,支出,摘要或备注,包含,镀锌费,,,经营类,主营业务,采购支出,710,词库
R5442,支出,摘要或备注,包含,南方日报,,,经营类,主营业务,采购支出,710,词库
R5443,支出,摘要或备注,包含,规划费,,,经营类,主营业务,采购支出,710,词库
R5444,支出,摘要或备注,包含,奖杯,,,经营类,主营业务,采购支出,710,词库
R5445,支出,摘要或备注,包含,物品用款,,,经营类,主营业务,采购支出,710,词库
R5446,支出,摘要或备注,包含,社备款,,,经营类,主营业务,采购支出,710,词库
R5447,支出,摘要或备注,包含,空心砖,,,经营类,主营业务,采购支出,710,词库
R5448,支出,摘要或备注,包含,项链,,,经营类,主营业务,采购支出,710,词库
R5449,支出,摘要或备注,包含,陶粒款,,,经营类,主营业务,采购支出,710,词库
R5450,支出,摘要或备注,包含,仪表,,,经营类,主营业务,采购支出,710,词库
R5451,支出,摘要或备注,包含,登报费,,,经营类,主营业务,采购支出,710,词库
R5452,支出,摘要或备注,包含,体捡费,,,经营类,主营业务,采购支出,710,词库
R5453,支出,摘要或备注,包含,扑卡费,,,经营类,主营业务,采购支出,710,词库
R5454,支出,摘要或备注,包含,土石方款,,,经营类,主营业务,采购支出,710,词库
R5455,支出,摘要或备注,包含,债务款,,,经营类,主营业务,采购支出,710,词库
R5456,支出,摘要或备注,包含,空凋,,,经营类,主营业务,采购支出,710,词库
R5457,支出,摘要或备注,包含,健檢费,,,经营类,主营业务,采购支出,710,词库
R5458,支出,摘要或备注,包含,直播费,,,经营类,主营业务,采购支出,710,词库
R5459,支出,摘要或备注,包含,浆款,,,经营类,主营业务,采购支出,710,词库
R5460,支出,摘要或备注,包含,植物,,,经营类,主营业务,采购支出,710,词库
R5461,支出,摘要或备注,包含,探漏费,,,经营类,主营业务,采购支出,710,词库
R5462,支出,摘要或备注,包含,扑克,,,经营类,主营业务,采购支出,710,词库
R5463,支出,摘要或备注,包含,专审费,,,经营类,主营业务,采购支出,710,词库
R5464,支出,摘要或备注,包含,公路费,,,经营类,主营业务,采购支出,710,词库
R5465,支出,摘要或备注,包含,鉴证费,,,经营类,主营业务,采购支出,710,词库
R5466,支出,摘要或备注,包含,打球费,,,经营类,主营业务,采购支出,710,词库
R5467,支出,摘要或备注,包含,墨合,,,经营类,主营业务,采购支出,710,词库
R5468,支出,摘要或备注,包含,打理费,,,经营类,主营业务,采购支出,710,词库
R5469,支出,摘要或备注,包含,硒款,,,经营类,主营业务,采购支出,710,词库
R5470,支出,摘要或备注,包含,律协费,,,经营类,主营业务,采购支出,710,词库
R5471,支出,摘要或备注,包含,场地,,,经营类,主营业务,采购支出,710,词库
R5472,支出,摘要或备注,包含,地形图,,,经营类,主营业务,采购支出,710,词库
R5473,支出,摘要或备注,包含,绩效,,,经营类,主营业务,采购支出,710,词库
R5474,支出,摘要或备注,包含,企业年金,,,经营类,主营业务,采购支出,710,词库
R5475,支出,摘要或备注,包含,公办费,,,经营类,主营业务,采购支出,710,词库
R5476,支出,摘要或备注,包含,泵送费,,,经营类,主营业务,采购支出,710,词库
R5477,支出,摘要或备注,包含,照明款,,,经营类,主营业务,采购支出,710,词库
R5478,支出,摘要或备注,包含,抢修,,,经营类,主营业务,采购支出,710,词库
R5479,支出,摘要或备注,包含,牌匾费,,,经营类,主营业务,采购支出,710,词库
R5480,支出,摘要或备注,包含,碳粉款,,,经营类,主营业务,采购支出,710,词库
R5481,支出,摘要或备注,包含,检索费,,,经营类,主营业务,采购支出,710,词库
R5482,支出,摘要或备注,包含,电热管,,,经营类,主营业务,采购支出,710,词库
R5483,支出,摘要或备注,包含,杂食,,,经营类,主营业务,采购支出,710,词库
R5484,支出,摘要或备注,包含,开通费,,,经营类,主营业务,采购支出,710,词库
R5485,支出,摘要或备注,包含,出版费,,,经营类,主营业务,采购支出,710,词库
R5486,支出,摘要或备注,包含,环卫费,,,经营类,主营业务,采购支出,710,词库
R5487,支出,摘要或备注,包含,检修费,,,经营类,主营业务,采购支出,710,词库
R5488,支出,摘要或备注,包含,清运款,,,经营类,主营业务,采购支出,710,词库
R5489,支出,摘要或备注,包含,年报费,,,经营类,主营业务,采购支出,710,词库
R5490,支出,摘要或备注,包含,布标费,,,经营类,主营业务,采购支出,710,词库
R5491,支出,摘要或备注,包含,体索费,,,经营类,主营业务,采购支出,710,词库
R5492,支出,摘要或备注,包含,炭粉,,,经营类,主营业务,采购支出,710,词库
R5493,支出,摘要或备注,包含,铜线,,,经营类,主营业务,采购支出,710,词库
R5494,支出,摘要或备注,包含,皮料,,,经营类,主营业务,采购支出,710,词库
R5495,支出,摘要或备注,包含,竞赛费,,,经营类,主营业务,采购支出,710,词库
R5496,支出,摘要或备注,包含,比赛费,,,经营类,主营业务,采购支出,710,词库
R5497,支出,摘要或备注,包含,木柜,,,经营类,主营业务,采购支出,710,词库
R5498,支出,摘要或备注,包含,补助费,,,经营类,主营业务,采购支出,710,词库
R5499,支出,摘要或备注,包含,研发费,,,经营类,主营业务,采购支出,710,词库
R5500,支出,摘要或备注,包含,土地款,,,经营类,主营业务,采购支出,710,词库
R5501,支出,摘要或备注,包含,饮用水,,,经营类,主营业务,采购支出,710,词库
R5502,支出,摘要或备注,包含,门锁,,,经营类,主营业务,采购支出,710,词库
R5503,支出,摘要或备注,包含,铝卷,,,经营类,主营业务,采购支出,710,词库
R5504,支出,摘要或备注,包含,预防费,,,经营类,主营业务,采购支出,710,词库
R5505,支出,摘要或备注,包含,灭治款,,,经营类,主营业务,采购支出,710,词库
R5506,支出,摘要或备注,包含,移动电源,,,经营类,主营业务,采购支出,710,词库
R5507,支出,摘要或备注,包含,监事费,,,经营类,主营业务,采购支出,710,词库
R5508,支出,摘要或备注,包含,书册款,,,经营类,主营业务,采购支出,710,词库
R5509,支出,摘要或备注,包含,台布费,,,经营类,主营业务,采购支出,710,词库
R5510,支出,摘要或备注,包含,烟款,,,经营类,主营业务,采购支出,710,词库
R5511,支出,摘要或备注,包含,灭害费,,,经营类,主营业务,采购支出,710,词库
R5512,支出,摘要或备注,包含,升级款,,,经营类,主营业务,采购支出,710,词库
R5513,支出,摘要或备注,包含,报装费,,,经营类,主营业务,采购支出,710,词库
R5514,支出,摘要或备注,包含,植树,,,经营类,主营业务,采购支出,710,词库
R5515,支出,摘要或备注,包含,指导费,,,经营类,主营业务,采购支出,710,词库
R5516,支出,摘要或备注,包含,晒鼓,,,经营类,主营业务,采购支出,710,词库
R5517,支出,摘要或备注,包含,信息披露,,,经营类,主营业务,采购支出,710,词库
R5518,支出,摘要或备注,包含,导航费,,,经营类,主营业务,采购支出,710,词库
R5519,支出,摘要或备注,包含,集训费,,,经营类,主营业务,采购支出,710,词库
R5520,支出,摘要或备注,包含,拍仪费,,,经营类,主营业务,采购支出,710,词库
R5521,支出,摘要或备注,包含,查询费,,,经营类,主营业务,采购支出,710,词库
R5522,支出,摘要或备注,包含,英语费,,,经营类,主营业务,采购支出,710,词库
R5523,支出,摘要或备注,包含,焊架款,,,经营类,主营业务,采购支出,710,词库
R5524,支出,摘要或备注,包含,电商,,,经营类,主营业务,采购支出,710,词库
R5525,支出,摘要或备注,包含,西瓦款,,,经营类,主营业务,采购支出,710,词库
R5526,支出,摘要或备注,包含,报送费,,,经营类,主营业务,采购支出,710,词库
R5527,支出,摘要或备注,包含,办案费,,,经营类,主营业务,采购支出,710,词库
R5528,支出,摘要或备注,包含,装备费,,,经营类,主营业务,采购支出,710,词库
R5529,支出,摘要或备注,包含,购书,,,经营类,主营业务,采购支出,710,词库
R5530,支出,摘要或备注,包含,港建费,,,经营类,主营业务,采购支出,710,词库
R5531,支出,摘要或备注,包含,津威款,,,经营类,主营业务,采购支出,710,词库
R5532,支出,摘要或备注,包含,应收款,,,经营类,主营业务,采购支出,710,词库
R5533,支出,摘要或备注,包含,监测费,,,经营类,主营业务,采购支出,710,词库
R5534,支出,摘要或备注,包含,日用品,,,经营类,主营业务,采购支出,710,词库
R5535,支出,摘要或备注,包含,铆管,,,经营类,主营业务,采购支出,710,词库
R5536,支出,摘要或备注,包含,沙石,,,经营类,主营业务,采购支出,710,词库
R5537,支出,摘要或备注,包含,报告款,,,经营类,主营业务,采购支出,710,词库
R5538,支出,摘要或备注,包含,建债款,,,经营类,主营业务,采购支出,710,词库
R5539,支出,摘要或备注,包含,豆粉,,,经营类,主营业务,采购支出,710,词库
R5540,支出,摘要或备注,包含,货费,,,经营类,主营业务,采购支出,710,词库
R5541,支出,摘要或备注,包含,验证费,,,经营类,主营业务,采购支出,710,词库
R5542,支出,摘要或备注,包含,钣金,,,经营类,主营业务,采购支出,710,词库
R5543,支出,摘要或备注,包含,行程费,,,经营类,主营业务,采购支出,710,词库
R5544,支出,摘要或备注,包含,荔枝,,,经营类,主营业务,采购支出,710,词库
R5545,支出,摘要或备注,包含,影仪费,,,经营类,主营业务,采购支出,710,词库
R5546,支出,摘要或备注,包含,化粪池,,,经营类,主营业务,采购支出,710,词库
R5547,支出,摘要或备注,包含,展位费,,,经营类,主营业务,采购支出,710,词库
R5548,支出,摘要或备注,包含,君房费,,,经营类,主营业务,采购支出,710,词库
R5549,支出,摘要或备注,包含,铁皮门,,,经营类,主营业务,采购支出,710,词库
R5550,支出,摘要或备注,包含,辅材款,,,经营类,主营业务,采购支出,710,词库
R5551,支出,摘要或备注,包含,化工款,,,经营类,主营业务,采购支出,710,词库
R5552,支出,摘要或备注,包含,付碳粉等款,,,经营类,主营业务,采购支出,710,词库
R5553,支出,摘要或备注,包含,杂志,,,经营类,主营业务,采购支出,710,词库
R5554,支出,摘要或备注,包含,指示牌,,,经营类,主营业务,采购支出,710,词库
R5555,支出,摘要或备注,包含,水管,,,经营类,主营业务,采购支出,710,词库
R5556,支出,摘要或备注,包含,手柄费,,,经营类,主营业务,采购支出,710,词库
R5557,支出,摘要或备注,包含,手提篮,,,经营类,主营业务,采购支出,710,词库
R5558,支出,摘要或备注,包含,花艺款,,,经营类,主营业务,采购支出,710,词库
R5559,支出,摘要或备注,包含,彩购款,,,经营类,主营业务,采购支出,710,词库
R5560,支出,摘要或备注,包含,房屋费,,,经营类,主营业务,采购支出,710,词库
R5561,支出,摘要或备注,包含,蓝牙,,,经营类,主营业务,采购支出,710,词库
R5562,支出,摘要或备注,包含,防水卷材,,,经营类,主营业务,采购支出,710,词库
R5563,支出,摘要或备注,包含,气体款,,,经营类,主营业务,采购支出,710,词库
R5564,支出,摘要或备注,包含,石粉,,,经营类,主营业务,采购支出,710,词库
R5565,支出,摘要或备注,包含,团购费,,,经营类,主营业务,采购支出,710,词库
R5566,支出,摘要或备注,包含,补料费,,,经营类,主营业务,采购支出,710,词库
R5567,支出,摘要或备注,包含,变更费,,,经营类,主营业务,采购支出,710,词库
R5568,支出,摘要或备注,包含,卷帘门,,,经营类,主营业务,采购支出,710,词库
R5569,支出,摘要或备注,包含,盐酸,,,经营类,主营业务,采购支出,710,词库
R5570,支出,摘要或备注,包含,路桥,,,经营类,主营业务,采购支出,710,词库
R5571,支出,摘要或备注,包含,发票,,,经营类,主营业务,采购支出,710,词库
R5572,支出,摘要或备注,包含,棉款,,,经营类,主营业务,采购支出,710,词库
R5573,支出,摘要或备注,包含,濑粉款,,,经营类,主营业务,采购支出,710,词库
R5574,支出,摘要或备注,包含,米款,,,经营类,主营业务,采购支出,710,词库
R5575,支出,摘要或备注,包含,柳管,,,经营类,主营业务,采购支出,710,词库
R5576,支出,摘要或备注,包含,植物布景,,,经营类,主营业务,采购支出,710,词库
R5577,支出,摘要或备注,包含,建材款,,,经营类,主营业务,采购支出,710,词库
R5578,支出,摘要或备注,包含,证资费,,,经营类,主营业务,采购支出,710,词库
R5579,支出,摘要或备注,包含,装船费,,,经营类,主营业务,采购支出,710,词库
R5580,支出,摘要或备注,包含,点心费,,,经营类,主营业务,采购支出,710,词库
R5581,支出,摘要或备注,包含,安措费,,,经营类,主营业务,采购支出,710,词库
R5582,支出,摘要或备注,包含,监审费,,,经营类,主营业务,采购支出,710,词库
R5583,支出,摘要或备注,包含,外诊费,,,经营类,主营业务,采购支出,710,词库
R5584,支出,摘要或备注,包含,仓管,,,经营类,主营业务,采购支出,710,词库
R5585,支出,摘要或备注,包含,公告费,,,经营类,主营业务,采购支出,710,词库
R5586,支出,摘要或备注,包含,装卸费,,,经营类,主营业务,采购支出,710,词库
R5587,支出,摘要或备注,包含,锡线,,,经营类,主营业务,采购支出,710,词库
R5588,支出,摘要或备注,包含,电话,,,经营类,主营业务,采购支出,710,词库
R5589,支出,摘要或备注,包含,治具款,,,经营类,主营业务,采购支出,710,词库
R5590,支出,摘要或备注,包含,监理款,,,经营类,主营业务,采购支出,710,词库
R5591,支出,摘要或备注,包含,管材,,,经营类,主营业务,采购支出,710,词库
R5592,支出,摘要或备注,包含,考察费,,,经营类,主营业务,采购支出,710,词库
R5593,支出,摘要或备注,包含,烧碱款,,,经营类,主营业务,采购支出,710,词库
R5594,支出,摘要或备注,包含,皮带,,,经营类,主营业务,采购支出,710,词库
R5595,支出,摘要或备注,包含,瓦砖,,,经营类,主营业务,采购支出,710,词库
R5596,支出,摘要或备注,包含,横幅印制,,,经营类,主营业务,采购支出,710,词库
R5597,支出,摘要或备注,包含,磁铁,,,经营类,主营业务,采购支出,710,词库
R5598,支出,摘要或备注,包含,玉米,,,经营类,主营业务,采购支出,710,词库
R5599,支出,摘要或备注,包含,采集费,,,经营类,主营业务,采购支出,710,词库
R5600,支出,摘要或备注,包含,外卖,,,经营类,主营业务,采购支出,710,词库
R5601,支出,摘要或备注,包含,大豆,,,经营类,主营业务,采购支出,710,词库
R5602,支出,摘要或备注,包含,铝锭,,,经营类,主营业务,采购支出,710,词库
R5603,支出,摘要或备注,包含,天猫,,,经营类,主营业务,采购支出,710,词库
R5604,支出,摘要或备注,包含,西药,,,经营类,主营业务,采购支出,710,词库
R5605,支出,摘要或备注,包含,中药,,,经营类,主营业务,采购支出,710,词库
R5606,支出,摘要或备注,包含,礼金,,,经营类,主营业务,采购支出,710,词库
R5607,支出,摘要或备注,包含,铜包铝,,,经营类,主营业务,采购支出,710,词库
R5608,支出,摘要或备注,包含,配置费,,,经营类,主营业务,采购支出,710,词库
R5609,支出,摘要或备注,包含,速尔,,,经营类,主营业务,采购支出,710,词库
R5610,支出,摘要或备注,包含,办公用品,,,经营类,主营业务,采购支出,710,词库
R5611,支出,摘要或备注,包含,工程款,,,经营类,主营业务,采购支出,710,词库
R5612,支出,摘要或备注,包含,年金,,,经营类,主营业务,采购支出,710,词库
R5613,支出,摘要或备注,包含,供应商结算,,,经营类,主营业务,采购支出,710,词库
R5614,支出,摘要或备注,包含,集迈么,,,经营类,主营业务,采购支出,710,词库
R5615,支出,摘要或备注,包含,收单清算,,,经营类,主营业务,采购支出,710,词库
R5616,支出,摘要或备注,包含,铁盘,,,经营类,主营业务,采购支出,710,词库
R5617,支出,摘要或备注,包含,付货,,,经营类,主营业务,采购支出,710,词库
R5618,支出,摘要或备注,包含,买酒,,,经营类,主营业务,采购支出,710,词库
R5619,支出,摘要或备注,包含,购屏,,,经营类,主营业务,采购支出,710,词库
R5620,支出,摘要或备注,包含,买产品,,,经营类,主营业务,采购支出,710,词库
R5621,支出,摘要或备注,包含,付薪,,,经营类,主营业务,采购支出,710,词库
R5622,支出,摘要或备注,包含,线轴,,,经营类,主营业务,采购支出,710,词库
R5623,支出,摘要或备注,包含,磁环,,,经营类,主营业务,采购支出,710,词库
R5624,支出,摘要或备注,包含,购水,,,经营类,主营业务,采购支出,710,词库
R5625,支出,摘要或备注,包含,螺棉,,,经营类,主营业务,采购支出,710,词库
R5626,支出,摘要或备注,包含,铆钉,,,经营类,主营业务,采购支出,710,词库
R5627,支出,摘要或备注,包含,木皮,,,经营类,主营业务,采购支出,710,词库
R5628,支出,摘要或备注,包含,密封圈,,,经营类,主营业务,采购支出,710,词库
R5629,支出,摘要或备注,包含,底座款,,,经营类,主营业务,采购支出,710,词库
R5630,支出,摘要或备注,包含,彩卡,,,经营类,主营业务,采购支出,710,词库
R5631,支出,摘要或备注,包含,进场款,,,经营类,主营业务,采购支出,710,词库
R5632,支出,摘要或备注,包含,杀虫,,,经营类,主营业务,采购支出,710,词库
R5633,支出,摘要或备注,包含,污泥,,,经营类,主营业务,采购支出,710,词库
R5634,支出,摘要或备注,包含,皮标,,,经营类,主营业务,采购支出,710,词库
R5635,支出,摘要或备注,包含,药械,,,经营类,主营业务,采购支出,710,词库
R5636,支出,摘要或备注,包含,坐圈,,,经营类,主营业务,采购支出,710,词库
R5637,支出,摘要或备注,包含,橡筋,,,经营类,主营业务,采购支出,710,词库
R5638,支出,摘要或备注,包含,现款,,,经营类,主营业务,采购支出,710,词库
R5639,支出,摘要或备注,包含,改模,,,经营类,主营业务,采购支出,710,词库
R5640,支出,摘要或备注,包含,废品,,,经营类,主营业务,采购支出,710,词库
R5641,支出,摘要或备注,包含,评估款,,,经营类,主营业务,采购支出,710,词库
R5642,支出,摘要或备注,包含,滤袋,,,经营类,主营业务,采购支出,710,词库
R5643,支出,摘要或备注,包含,楦头,,,经营类,主营业务,采购支出,710,词库
R5644,支出,摘要或备注,包含,货品,,,经营类,主营业务,采购支出,710,词库
R5645,支出,摘要或备注,包含,成品,,,经营类,主营业务,采购支出,710,词库
R5646,支出,摘要或备注,包含,色样,,,经营类,主营业务,采购支出,710,词库
R5647,支出,摘要或备注,包含,木轴,,,经营类,主营业务,采购支出,710,词库
R5648,支出,摘要或备注,包含,工帽,,,经营类,主营业务,采购支出,710,词库
R5649,支出,摘要或备注,包含,阻剂,,,经营类,主营业务,采购支出,710,词库
R5650,支出,摘要或备注,包含,样件,,,经营类,主营业务,采购支出,710,词库
R5651,支出,摘要或备注,包含,晶业款,,,经营类,主营业务,采购支出,710,词库
R5652,支出,摘要或备注,包含,校准款,,,经营类,主营业务,采购支出,710,词库
R5653,支出,摘要或备注,包含,展会,,,经营类,主营业务,采购支出,710,词库
R5654,支出,摘要或备注,包含,电芯,,,经营类,主营业务,采购支出,710,词库
R5655,支出,摘要或备注,包含,手办,,,经营类,主营业务,采购支出,710,词库
R5656,支出,摘要或备注,包含,水杯,,,经营类,主营业务,采购支出,710,词库
R5657,支出,摘要或备注,包含,光缆,,,经营类,主营业务,采购支出,710,词库
R5658,支出,摘要或备注,包含,西瓜,,,经营类,主营业务,采购支出,710,词库
R5659,支出,摘要或备注,包含,麦片,,,经营类,主营业务,采购支出,710,词库
R5660,支出,摘要或备注,包含,开模,,,经营类,主营业务,采购支出,710,词库
R5661,支出,摘要或备注,包含,冷库,,,经营类,主营业务,采购支出,710,词库
R5662,支出,摘要或备注,包含,耳线,,,经营类,主营业务,采购支出,710,词库
R5663,支出,摘要或备注,包含,夏装,,,经营类,主营业务,采购支出,710,词库
R5664,支出,摘要或备注,包含,冬装,,,经营类,主营业务,采购支出,710,词库
R5665,支出,摘要或备注,包含,春装,,,经营类,主营业务,采购支出,710,词库
R5666,支出,摘要或备注,包含,秋装,,,经营类,主营业务,采购支出,710,词库
R5667,支出,摘要或备注,包含,管路款,,,经营类,主营业务,采购支出,710,词库
R5668,支出,摘要或备注,包含,织带,,,经营类,主营业务,采购支出,710,词库
R5669,支出,摘要或备注,包含,台泥款,,,经营类,主营业务,采购支出,710,词库
R5670,支出,摘要或备注,包含,美工费,,,经营类,主营业务,采购支出,710,词库
R5671,支出,摘要或备注,包含,封条,,,经营类,主营业务,采购支出,710,词库
R5672,支出,摘要或备注,包含,娱乐费,,,经营类,主营业务,采购支出,710,词库
R5673,支出,摘要或备注,包含,调研费,,,经营类,主营业务,采购支出,710,词库
R5674,支出,摘要或备注,包含,软体费,,,经营类,主营业务,采购支出,710,词库
R5675,支出,摘要或备注,包含,外委费,,,经营类,主营业务,采购支出,710,词库
R5676,支出,摘要或备注,包含,重验费,,,经营类,主营业务,采购支出,710,词库
R5677,支出,摘要或备注,包含,修船费,,,经营类,主营业务,采购支出,710,词库
R5678,支出,摘要或备注,包含,助工费,,,经营类,主营业务,采购支出,710,词库
R5679,支出,摘要或备注,包含,票务费,,,经营类,主营业务,采购支出,710,词库
R5680,支出,摘要或备注,包含,到港费,,,经营类,主营业务,采购支出,710,词库
R5681,支出,摘要或备注,包含,柜台费,,,经营类,主营业务,采购支出,710,词库
R5682,支出,摘要或备注,包含,挑选费,,,经营类,主营业务,采购支出,710,词库
R5683,支出,摘要或备注,包含,零食,,,经营类,主营业务,采购支出,710,词库
R5684,支出,摘要或备注,包含,桶,,,经营类,主营业务,采购支出,710,词库
R5685,支出,摘要或备注,包含,提布,,,经营类,主营业务,采购支出,710,词库
R5686,支出,摘要或备注,包含,检检费,,,经营类,主营业务,采购支出,710,词库
R5687,支出,摘要或备注,包含,开捆费,,,经营类,主营业务,采购支出,710,词库
R5688,支出,摘要或备注,包含,题单费,,,经营类,主营业务,采购支出,710,词库
R5689,支出,摘要或备注,包含,联欢费,,,经营类,主营业务,采购支出,710,词库
R5690,支出,摘要或备注,包含,商险,,,经营类,主营业务,采购支出,710,词库
R5691,支出,摘要或备注,包含,外校费,,,经营类,主营业务,采购支出,710,词库
R5692,支出,摘要或备注,包含,仓存,,,经营类,主营业务,采购支出,710,词库
R5693,支出,摘要或备注,包含,存储费,,,经营类,主营业务,采购支出,710,词库
R5694,支出,摘要或备注,包含,重工费,,,经营类,主营业务,采购支出,710,词库
R5695,支出,摘要或备注,包含,仓库,,,经营类,主营业务,采购支出,710,词库
R5696,支出,摘要或备注,包含,组装,,,经营类,主营业务,采购支出,710,词库
R5697,支出,摘要或备注,包含,修订,,,经营类,主营业务,采购支出,710,词库
R5698,支出,摘要或备注,包含,贴片,,,经营类,主营业务,采购支出,710,词库
R5699,支出,摘要或备注,包含,线盘,,,经营类,主营业务,采购支出,710,词库
R5700,支出,摘要或备注,包含,签章,,,经营类,主营业务,采购支出,710,词库
R5701,支出,摘要或备注,包含,摸具,,,经营类,主营业务,采购支出,710,词库
R5702,支出,摘要或备注,包含,尾牙,,,经营类,主营业务,采购支出,710,词库
R5703,支出,摘要或备注,包含,试制,,,经营类,主营业务,采购支出,710,词库
R5704,支出,摘要或备注,包含,保环费,,,经营类,主营业务,采购支出,710,词库
R5705,支出,摘要或备注,包含,洒费,,,经营类,主营业务,采购支出,710,词库
R5706,支出,摘要或备注,包含,危废,,,经营类,主营业务,采购支出,710,词库
R5707,支出,摘要或备注,包含,薄膜,,,经营类,主营业务,采购支出,710,词库
R5708,支出,摘要或备注,包含,文艺,,,经营类,主营业务,采购支出,710,词库
R5709,支出,摘要或备注,包含,气缸,,,经营类,主营业务,采购支出,710,词库
R5710,支出,摘要或备注,包含,移装费,,,经营类,主营业务,采购支出,710,词库
R5711,支出,摘要或备注,包含,制用费,,,经营类,主营业务,采购支出,710,词库
R5712,支出,摘要或备注,包含,除虫,,,经营类,主营业务,采购支出,710,词库
R5713,支出,摘要或备注,包含,信宿,,,经营类,主营业务,采购支出,710,词库
R5714,支出,摘要或备注,包含,编程,,,经营类,主营业务,采购支出,710,词库
R5715,支出,摘要或备注,包含,演讲费,,,经营类,主营业务,采购支出,710,词库
R5716,支出,摘要或备注,包含,续签费,,,经营类,主营业务,采购支出,710,词库
R5717,支出,摘要或备注,包含,脱氧剂,,,经营类,主营业务,采购支出,710,词库
R5718,支出,摘要或备注,包含,以纯,,,经营类,主营业务,采购支出,710,词库
R5719,支出,摘要或备注,包含,玩具,,,经营类,主营业务,采购支出,710,词库
R5720,支出,摘要或备注,包含,网关,,,经营类,主营业务,采购支出,710,词库
R5721,支出,摘要或备注,包含,保鲜剂,,,经营类,主营业务,采购支出,710,词库
R5722,支出,摘要或备注,包含,会籍卡,,,经营类,主营业务,采购支出,710,词库
R5723,支出,摘要或备注,包含,燕麦片,,,经营类,主营业务,采购支出,710,词库
R5724,支出,摘要或备注,包含,购工费,,,经营类,主营业务,采购支出,710,词库
R5725,支出,摘要或备注,包含,订单全款,,,经营类,主营业务,采购支出,710,词库
R5726,支出,摘要或备注,包含,铜芯,,,经营类,主营业务,采购支出,710,词库
R5727,支出,摘要或备注,包含,木门,,,经营类,主营业务,采购支出,710,词库
R5728,支出,摘要或备注,包含,乳化剂,,,经营类,主营业务,采购支出,710,词库
R5729,支出,摘要或备注,包含,拉铝,,,经营类,主营业务,采购支出,710,词库
R5730,支出,摘要或备注,包含,圆线,,,经营类,主营业务,采购支出,710,词库
R5731,支出,摘要或备注,包含,乘务包,,,经营类,主营业务,采购支出,710,词库
R5732,支出,摘要或备注,包含,控温,,,经营类,主营业务,采购支出,710,词库
R5733,支出,摘要或备注,包含,热泵,,,经营类,主营业务,采购支出,710,词库
R5734,支出,摘要或备注,包含,烘焙,,,经营类,主营业务,采购支出,710,词库
R5735,支出,摘要或备注,包含,单芯,,,经营类,主营业务,采购支出,710,词库
R5736,支出,摘要或备注,包含,毛皮,,,经营类,主营业务,采购支出,710,词库
R5737,支出,摘要或备注,包含,钢垫,,,经营类,主营业务,采购支出,710,词库
R5738,支出,摘要或备注,包含,零部件,,,经营类,主营业务,采购支出,710,词库
R5739,支出,摘要或备注,包含,扣子,,,经营类,主营业务,采购支出,710,词库
R5740,支出,摘要或备注,包含,超声模,,,经营类,主营业务,采购支出,710,词库
R5741,支出,摘要或备注,包含,过滤袋,,,经营类,主营业务,采购支出,710,词库
R5742,支出,摘要或备注,包含,天线,,,经营类,主营业务,采购支出,710,词库
R5743,支出,摘要或备注,包含,外壳,,,经营类,主营业务,采购支出,710,词库
R5744,支出,摘要或备注,包含,锁款,,,经营类,主营业务,采购支出,710,词库
R5745,支出,摘要或备注,包含,连接线,,,经营类,主营业务,采购支出,710,词库
R5746,支出,摘要或备注,包含,絮凝装置,,,经营类,主营业务,采购支出,710,词库
R5747,支出,摘要或备注,包含,货物款,,,经营类,主营业务,采购支出,710,词库
R5748,支出,摘要或备注,包含,体温枪,,,经营类,主营业务,采购支出,710,词库
R5749,支出,摘要或备注,包含,粮食,,,经营类,主营业务,采购支出,710,词库
R5750,支出,摘要或备注,包含,晚宴,,,经营类,主营业务,采购支出,710,词库
R5751,支出,摘要或备注,包含,金蝶云,,,经营类,主营业务,采购支出,710,词库
R5752,支出,摘要或备注,包含,醋酸,,,经营类,主营业务,采购支出,710,词库
R5753,支出,摘要或备注,包含,门框,,,经营类,主营业务,采购支出,710,词库
R5754,支出,摘要或备注,包含,超声波,,,经营类,主营业务,采购支出,710,词库
R5755,支出,摘要或备注,包含,建造款,,,经营类,主营业务,采购支出,710,词库
R5756,支出,摘要或备注,包含,刀库,,,经营类,主营业务,采购支出,710,词库
R5757,支出,摘要或备注,包含,糖酒,,,经营类,主营业务,采购支出,710,词库
R5758,支出,摘要或备注,包含,保护膜,,,经营类,主营业务,采购支出,710,词库
R5759,支出,摘要或备注,包含,防治白蚁,,,经营类,主营业务,采购支出,710,词库
R5760,支出,摘要或备注,包含,白蚁,,,经营类,主营业务,采购支出,710,词库
R5761,支出,摘要或备注,包含,粉磷,,,经营类,主营业务,采购支出,710,词库
R5762,支出,摘要或备注,包含,酸酯,,,经营类,主营业务,采购支出,710,词库
R5763,支出,摘要或备注,包含,袋款,,,经营类,主营业务,采购支出,710,词库
R5764,支出,摘要或备注,包含,灼热丝,,,经营类,主营业务,采购支出,710,词库
R5765,支出,摘要或备注,包含,膨松剂,,,经营类,主营业务,采购支出,710,词库
R5766,支出,摘要或备注,包含,环境治理,,,经营类,主营业务,采购支出,710,词库
R5767,支出,摘要或备注,包含,空间卫士,,,经营类,主营业务,采购支出,710,词库
R5768,支出,摘要或备注,包含,流水线,,,经营类,主营业务,采购支出,710,词库
R5769,支出,摘要或备注,包含,货物全款,,,经营类,主营业务,采购支出,710,词库
R5770,支出,摘要或备注,包含,白蜡木,,,经营类,主营业务,采购支出,710,词库
R5771,支出,摘要或备注,包含,纽扣,,,经营类,主营业务,采购支出,710,词库
R5772,支出,摘要或备注,包含,钢垫片,,,经营类,主营业务,采购支出,710,词库
R5773,支出,摘要或备注,包含,螺旋叶片,,,经营类,主营业务,采购支出,710,词库
R5774,支出,摘要或备注,包含,防伪标,,,经营类,主营业务,采购支出,710,词库
R5775,支出,摘要或备注,包含,输送线,,,经营类,主营业务,采购支出,710,词库
R5776,支出,摘要或备注,包含,荷重仪,,,经营类,主营业务,采购支出,710,词库
R5777,支出,摘要或备注,包含,动锡膏,,,经营类,主营业务,采购支出,710,词库
R5778,支出,摘要或备注,包含,耳带,,,经营类,主营业务,采购支出,710,词库
R5779,支出,摘要或备注,包含,还原剂,,,经营类,主营业务,采购支出,710,词库
R5780,支出,摘要或备注,包含,电子秤,,,经营类,主营业务,采购支出,710,词库
R5781,支出,摘要或备注,包含,冬款,,,经营类,主营业务,采购支出,710,词库
R5782,支出,摘要或备注,包含,春款,,,经营类,主营业务,采购支出,710,词库
R5783,支出,摘要或备注,包含,夏款,,,经营类,主营业务,采购支出,710,词库
R5784,支出,摘要或备注,包含,秋款,,,经营类,主营业务,采购支出,710,词库
R5785,支出,摘要或备注,包含,向阀座,,,经营类,主营业务,采购支出,710,词库
R5786,支出,摘要或备注,包含,硅酸铭,,,经营类,主营业务,采购支出,710,词库
R5787,支出,摘要或备注,包含,测定仪,,,经营类,主营业务,采购支出,710,词库
R5788,支出,摘要或备注,包含,背带,,,经营类,主营业务,采购支出,710,词库
R5789,支出,摘要或备注,包含,丈巾,,,经营类,主营业务,采购支出,710,词库
R5790,支出,摘要或备注,包含,病毒,,,经营类,主营业务,采购支出,710,词库
R5791,支出,摘要或备注,包含,救灾,,,经营类,主营业务,采购支出,710,词库
R5792,支出,摘要或备注,包含,制造款,,,经营类,主营业务,采购支出,710,词库
R5793,支出,摘要或备注,包含,活性炭,,,经营类,主营业务,采购支出,710,词库
R5794,支出,摘要或备注,包含,口鼻罩,,,经营类,主营业务,采购支出,710,词库
R5795,支出,摘要或备注,包含,环保袋,,,经营类,主营业务,采购支出,710,词库
R5796,支出,摘要或备注,包含,推杆,,,经营类,主营业务,采购支出,710,词库
R5797,支出,摘要或备注,包含,拉丝模,,,经营类,主营业务,采购支出,710,词库
R5798,支出,摘要或备注,包含,水池,,,经营类,主营业务,采购支出,710,词库
R5799,支出,摘要或备注,包含,保安服,,,经营类,主营业务,采购支出,710,词库
R5800,支出,摘要或备注,包含,店铺入驻,,,经营类,主营业务,采购支出,710,词库
R5801,支出,摘要或备注,包含,传送带,,,经营类,主营业务,采购支出,710,词库
R5802,支出,摘要或备注,包含,检桩,,,经营类,主营业务,采购支出,710,词库
R5803,支出,摘要或备注,包含,功放,,,经营类,主营业务,采购支出,710,词库
R5804,支出,摘要或备注,包含,修磨,,,经营类,主营业务,采购支出,710,词库
R5805,支出,摘要或备注,包含,展示费,,,经营类,主营业务,采购支出,710,词库
R5806,支出,摘要或备注,包含,入住费,,,经营类,主营业务,采购支出,710,词库
R5807,支出,摘要或备注,包含,租船,,,经营类,主营业务,采购支出,710,词库
R5808,支出,摘要或备注,包含,小组聚费,,,经营类,主营业务,采购支出,710,词库
R5809,支出,摘要或备注,包含,认检费,,,经营类,主营业务,采购支出,710,词库
R5810,支出,摘要或备注,包含,工检费,,,经营类,主营业务,采购支出,710,词库
R5811,支出,摘要或备注,包含,研发经费,,,经营类,主营业务,采购支出,710,词库
R5812,支出,摘要或备注,包含,电子签章,,,经营类,主营业务,采购支出,710,词库
R5813,支出,摘要或备注,包含,公仔,,,经营类,主营业务,采购支出,710,词库
R5814,支出,摘要或备注,包含,除老鼠,,,经营类,主营业务,采购支出,710,词库
R5815,支出,摘要或备注,包含,热熔标线,,,经营类,主营业务,采购支出,710,词库
R5816,支出,摘要或备注,包含,拖船,,,经营类,主营业务,采购支出,710,词库
R5817,支出,摘要或备注,包含,素材费,,,经营类,主营业务,采购支出,710,词库
R5818,支出,摘要或备注,包含,品牌费,,,经营类,主营业务,采购支出,710,词库
R5819,支出,摘要或备注,包含,部门经费,,,经营类,主营业务,采购支出,710,词库
R5820,支出,摘要或备注,包含,授权官费,,,经营类,主营业务,采购支出,710,词库
R5821,支出,摘要或备注,包含,组装费,,,经营类,主营业务,采购支出,710,词库
R5822,支出,摘要或备注,包含,实验室费,,,经营类,主营业务,采购支出,710,词库
R5823,支出,摘要或备注,包含,租仓,,,经营类,主营业务,采购支出,710,词库
R5824,支出,摘要或备注,包含,饭费,,,经营类,主营业务,采购支出,710,词库
R5825,支出,摘要或备注,包含,雨棚,,,经营类,主营业务,采购支出,710,词库
R5826,支出,摘要或备注,包含,固废费,,,经营类,主营业务,采购支出,710,词库
R5827,支出,摘要或备注,包含,活动组织,,,经营类,主营业务,采购支出,710,词库
R5828,支出,摘要或备注,包含,酒品,,,经营类,主营业务,采购支出,710,词库
R5829,支出,摘要或备注,包含,照相,,,经营类,主营业务,采购支出,710,词库
R5830,支出,摘要或备注,包含,装配劳服,,,经营类,主营业务,采购支出,710,词库
R5831,支出,摘要或备注,包含,出口费,,,经营类,主营业务,采购支出,710,词库
R5832,支出,摘要或备注,包含,钻勘费,,,经营类,主营业务,采购支出,710,词库
R5833,支出,摘要或备注,包含,量产费,,,经营类,主营业务,采购支出,710,词库
R5834,支出,摘要或备注,包含,培圳费,,,经营类,主营业务,采购支出,710,词库
R5835,支出,摘要或备注,包含,转轴,,,经营类,主营业务,采购支出,710,词库
R5836,支出,摘要或备注,包含,购住房,,,经营类,主营业务,采购支出,710,词库
R5837,支出,摘要或备注,包含,购酒,,,经营类,主营业务,采购支出,710,词库
R5838,支出,摘要或备注,包含,购房,,,经营类,主营业务,采购支出,710,词库
R5839,支出,摘要或备注,包含,购标书,,,经营类,主营业务,采购支出,710,词库
R5840,支出,摘要或备注,包含,沙款,,,经营类,主营业务,采购支出,710,词库
R5841,支出,摘要或备注,包含,药剂,,,经营类,主营业务,采购支出,710,词库
R5842,支出,摘要或备注,包含,钢圈,,,经营类,主营业务,采购支出,710,词库
R5843,支出,摘要或备注,包含,购买,,,经营类,主营业务,采购支出,710,词库
R5844,支出,摘要或备注,包含,购桩款,,,经营类,主营业务,采购支出,710,词库
R5845,支出,摘要或备注,包含,购米,,,经营类,主营业务,采购支出,710,词库
R5846,支出,摘要或备注,包含,铝棒,,,经营类,主营业务,采购支出,710,词库
R5847,支出,摘要或备注,包含,奶粉,,,经营类,主营业务,采购支出,710,词库
R5848,支出,摘要或备注,包含,焰火,,,经营类,主营业务,采购支出,710,词库
R5849,支出,摘要或备注,包含,波纹管,,,经营类,主营业务,采购支出,710,词库
R5850,支出,摘要或备注,包含,面条,,,经营类,主营业务,采购支出,710,词库
R5851,支出,摘要或备注,包含,食堂,,,经营类,主营业务,采购支出,710,词库
R5852,支出,摘要或备注,包含,买密钥,,,经营类,主营业务,采购支出,710,词库
R5853,支出,摘要或备注,包含,搭架款,,,经营类,主营业务,采购支出,710,词库
R5854,支出,摘要或备注,包含,整治,,,经营类,主营业务,采购支出,710,词库
R5855,支出,摘要或备注,包含,水渣款,,,经营类,主营业务,采购支出,710,词库
R5856,支出,摘要或备注,包含,买货,,,经营类,主营业务,采购支出,710,词库
R5857,支出,摘要或备注,包含,淋室款,,,经营类,主营业务,采购支出,710,词库
R5858,支出,摘要或备注,包含,文化衫,,,经营类,主营业务,采购支出,710,词库
R5859,支出,摘要或备注,包含,礼花弹,,,经营类,主营业务,采购支出,710,词库
R5860,支出,摘要或备注,包含,粉末款,,,经营类,主营业务,采购支出,710,词库
R5861,支出,摘要或备注,包含,铅款,,,经营类,主营业务,采购支出,710,词库
R5862,支出,摘要或备注,包含,钢带款,,,经营类,主营业务,采购支出,710,词库
R5863,支出,摘要或备注,包含,光源台款,,,经营类,主营业务,采购支出,710,词库
R5864,支出,摘要或备注,包含,多孔砖,,,经营类,主营业务,采购支出,710,词库
R5865,支出,摘要或备注,包含,防风罩,,,经营类,主营业务,采购支出,710,词库
R5866,支出,摘要或备注,包含,维理款,,,经营类,主营业务,采购支出,710,词库
R5867,支出,摘要或备注,包含,香肠,,,经营类,主营业务,采购支出,710,词库
R5868,支出,摘要或备注,包含,购买凭证,,,经营类,主营业务,采购支出,710,词库
R5869,支出,摘要或备注,包含,地质探头,,,经营类,主营业务,采购支出,710,词库
R5870,支出,摘要或备注,包含,膜体,,,经营类,主营业务,采购支出,710,词库
R5871,支出,摘要或备注,包含,变电站,,,经营类,主营业务,采购支出,710,词库
R5872,支出,摘要或备注,包含,木才,,,经营类,主营业务,采购支出,710,词库
R5873,支出,摘要或备注,包含,冻费,,,经营类,主营业务,采购支出,710,词库
R5874,支出,摘要或备注,包含,内陆费,,,经营类,主营业务,采购支出,710,词库
R5875,支出,摘要或备注,包含,招生费,,,经营类,主营业务,采购支出,710,词库
R5876,支出,摘要或备注,包含,测评费,,,经营类,主营业务,采购支出,710,词库
R5877,支出,摘要或备注,包含,切割费,,,经营类,主营业务,采购支出,710,词库
R5878,支出,摘要或备注,包含,门票,,,经营类,主营业务,采购支出,710,词库
R5879,支出,摘要或备注,包含,救援费,,,经营类,主营业务,采购支出,710,词库
R5880,支出,摘要或备注,包含,预算费,,,经营类,主营业务,采购支出,710,词库
R5881,支出,摘要或备注,包含,印务费,,,经营类,主营业务,采购支出,710,词库
R5882,支出,摘要或备注,包含,家装,,,经营类,主营业务,采购支出,710,词库
R5883,支出,摘要或备注,包含,起驳费,,,经营类,主营业务,采购支出,710,词库
R5884,支出,摘要或备注,包含,钻探费,,,经营类,主营业务,采购支出,710,词库
R5885,支出,摘要或备注,包含,调试费,,,经营类,主营业务,采购支出,710,词库
R5886,支出,摘要或备注,包含,月血费,,,经营类,主营业务,采购支出,710,词库
R5887,支出,摘要或备注,包含,收视费,,,经营类,主营业务,采购支出,710,词库
R5888,支出,摘要或备注,包含,喷塑费,,,经营类,主营业务,采购支出,710,词库
R5889,支出,摘要或备注,包含,寄递费,,,经营类,主营业务,采购支出,710,词库
R5890,支出,摘要或备注,包含,贴标费,,,经营类,主营业务,采购支出,710,词库
R5891,支出,摘要或备注,包含,分包费,,,经营类,主营业务,采购支出,710,词库
R5892,支出,摘要或备注,包含,子女费,,,经营类,主营业务,采购支出,710,词库
R5893,支出,摘要或备注,包含,辅费,,,经营类,主营业务,采购支出,710,词库
R5894,支出,摘要或备注,包含,手工费,,,经营类,主营业务,采购支出,710,词库
R5895,支出,摘要或备注,包含,送洗,,,经营类,主营业务,采购支出,710,词库
R5896,支出,摘要或备注,包含,担费,,,经营类,主营业务,采购支出,710,词库
R5897,支出,摘要或备注,包含,起航费,,,经营类,主营业务,采购支出,710,词库
R5898,支出,摘要或备注,包含,铺贴费,,,经营类,主营业务,采购支出,710,词库
R5899,支出,摘要或备注,包含,会场,,,经营类,主营业务,采购支出,710,词库
R5900,支出,摘要或备注,包含,委托费,,,经营类,主营业务,采购支出,710,词库
R5901,支出,摘要或备注,包含,工会,,,经营类,主营业务,采购支出,710,词库
R5902,支出,摘要或备注,包含,书杂,,,经营类,主营业务,采购支出,710,词库
R5903,支出,摘要或备注,包含,化妆,,,经营类,主营业务,采购支出,710,词库
R5904,支出,摘要或备注,包含,保障费,,,经营类,主营业务,采购支出,710,词库
R5905,支出,摘要或备注,包含,质保款,,,经营类,主营业务,采购支出,710,词库
R5906,支出,摘要或备注,包含,护栏,,,经营类,主营业务,采购支出,710,词库
R5907,支出,摘要或备注,包含,筛网,,,经营类,主营业务,采购支出,710,词库
R5908,支出,摘要或备注,包含,湘绣款,,,经营类,主营业务,采购支出,710,词库
R5909,支出,摘要或备注,包含,代销款,,,经营类,主营业务,采购支出,710,词库
R5910,支出,摘要或备注,包含,钢梁,,,经营类,主营业务,采购支出,710,词库
R5911,支出,摘要或备注,包含,焊丝,,,经营类,主营业务,采购支出,710,词库
R5912,支出,摘要或备注,包含,碱款,,,经营类,主营业务,采购支出,710,词库
R5913,支出,摘要或备注,包含,天泵款,,,经营类,主营业务,采购支出,710,词库
R5914,支出,摘要或备注,包含,苗款,,,经营类,主营业务,采购支出,710,词库
R5915,支出,摘要或备注,包含,工伤款,,,经营类,主营业务,采购支出,710,词库
R5916,支出,摘要或备注,包含,甲苯,,,经营类,主营业务,采购支出,710,词库
R5917,支出,摘要或备注,包含,草皮,,,经营类,主营业务,采购支出,710,词库
R5918,支出,摘要或备注,包含,相框,,,经营类,主营业务,采购支出,710,词库
R5919,支出,摘要或备注,包含,钾肥,,,经营类,主营业务,采购支出,710,词库
R5920,支出,摘要或备注,包含,球款,,,经营类,主营业务,采购支出,710,词库
R5921,支出,摘要或备注,包含,磁芯,,,经营类,主营业务,采购支出,710,词库
R5922,支出,摘要或备注,包含,秋冬款,,,经营类,主营业务,采购支出,710,词库
R5923,支出,摘要或备注,包含,工装款,,,经营类,主营业务,采购支出,710,词库
R5924,支出,摘要或备注,包含,线条款,,,经营类,主营业务,采购支出,710,词库
R5925,支出,摘要或备注,包含,标样款,,,经营类,主营业务,采购支出,710,词库
R5926,支出,摘要或备注,包含,煤炭,,,经营类,主营业务,采购支出,710,词库
R5927,支出,摘要或备注,包含,锣刀,,,经营类,主营业务,采购支出,710,词库
R5928,支出,摘要或备注,包含,段修款,,,经营类,主营业务,采购支出,710,词库
R5929,支出,摘要或备注,包含,焦炭,,,经营类,主营业务,采购支出,710,词库
R5930,支出,摘要或备注,包含,锯条,,,经营类,主营业务,采购支出,710,词库
R5931,支出,摘要或备注,包含,池壳,,,经营类,主营业务,采购支出,710,词库
R5932,支出,摘要或备注,包含,钢带,,,经营类,主营业务,采购支出,710,词库
R5933,支出,摘要或备注,包含,封头,,,经营类,主营业务,采购支出,710,词库
R5934,支出,摘要或备注,包含,效验款,,,经营类,主营业务,采购支出,710,词库
R5935,支出,摘要或备注,包含,拍摄,,,经营类,主营业务,采购支出,710,词库
R5936,支出,摘要或备注,包含,战马款,,,经营类,主营业务,采购支出,710,词库
R5937,支出,摘要或备注,包含,评审款,,,经营类,主营业务,采购支出,710,词库
R5938,支出,摘要或备注,包含,厂服款,,,经营类,主营业务,采购支出,710,词库
R5939,支出,摘要或备注,包含,标识款,,,经营类,主营业务,采购支出,710,词库
R5940,支出,摘要或备注,包含,釉沙款,,,经营类,主营业务,采购支出,710,词库
R5941,支出,摘要或备注,包含,像款,,,经营类,主营业务,采购支出,710,词库
R5942,支出,摘要或备注,包含,焊管,,,经营类,主营业务,采购支出,710,词库
R5943,支出,摘要或备注,包含,古牌款,,,经营类,主营业务,采购支出,710,词库
R5944,支出,摘要或备注,包含,泡沫款,,,经营类,主营业务,采购支出,710,词库
R5945,支出,摘要或备注,包含,招牌字,,,经营类,主营业务,采购支出,710,词库
R5946,支出,摘要或备注,包含,探头,,,经营类,主营业务,采购支出,710,词库
R5947,支出,摘要或备注,包含,体训费,,,经营类,主营业务,采购支出,710,词库
R5948,支出,摘要或备注,包含,活动经费,,,经营类,主营业务,采购支出,710,词库
R5949,支出,摘要或备注,包含,木托费,,,经营类,主营业务,采购支出,710,词库
R5950,支出,摘要或备注,包含,工作经费,,,经营类,主营业务,采购支出,710,词库
R5951,支出,摘要或备注,包含,个工费,,,经营类,主营业务,采购支出,710,词库
R5952,支出,摘要或备注,包含,表演,,,经营类,主营业务,采购支出,710,词库
R5953,支出,摘要或备注,包含,卸土,,,经营类,主营业务,采购支出,710,词库
R5954,支出,摘要或备注,包含,流转费,,,经营类,主营业务,采购支出,710,词库
R5955,支出,摘要或备注,包含,快件费,,,经营类,主营业务,采购支出,710,词库
R5956,支出,摘要或备注,包含,表计费,,,经营类,主营业务,采购支出,710,词库
R5957,支出,摘要或备注,包含,基地经费,,,经营类,主营业务,采购支出,710,词库
R5958,支出,摘要或备注,包含,整改费,,,经营类,主营业务,采购支出,710,词库
R5959,支出,摘要或备注,包含,运杂费,,,经营类,主营业务,采购支出,710,词库
R5960,支出,摘要或备注,包含,修复费,,,经营类,主营业务,采购支出,710,词库
R5961,支出,摘要或备注,包含,研究经费,,,经营类,主营业务,采购支出,710,词库
R5962,支出,摘要或备注,包含,工装费,,,经营类,主营业务,采购支出,710,词库
R5963,支出,摘要或备注,包含,接站费,,,经营类,主营业务,采购支出,710,词库
R5964,支出,摘要或备注,包含,端午节,,,经营类,主营业务,采购支出,710,词库
R5965,支出,摘要或备注,包含,书集费,,,经营类,主营业务,采购支出,710,词库
R5966,支出,摘要或备注,包含,放线费,,,经营类,主营业务,采购支出,710,词库
R5967,支出,摘要或备注,包含,植被,,,经营类,主营业务,采购支出,710,词库
R5968,支出,摘要或备注,包含,建造师,,,经营类,主营业务,采购支出,710,词库
R5969,支出,摘要或备注,包含,商检,,,经营类,主营业务,采购支出,710,词库
R5970,支出,摘要或备注,包含,彩铃费,,,经营类,主营业务,采购支出,710,词库
R5971,支出,摘要或备注,包含,域名,,,经营类,主营业务,采购支出,710,词库
R5972,支出,摘要或备注,包含,上户费,,,经营类,主营业务,采购支出,710,词库
R5973,支出,摘要或备注,包含,软装费,,,经营类,主营业务,采购支出,710,词库
R5974,支出,摘要或备注,包含,喷画,,,经营类,主营业务,采购支出,710,词库
R5975,支出,摘要或备注,包含,评标,,,经营类,主营业务,采购支出,710,词库
R5976,支出,摘要或备注,包含,文学,,,经营类,主营业务,采购支出,710,词库
R5977,支出,摘要或备注,包含,试听费,,,经营类,主营业务,采购支出,710,词库
R5978,支出,摘要或备注,包含,地暖款,,,经营类,主营业务,采购支出,710,词库
R5979,支出,摘要或备注,包含,铝窗,,,经营类,主营业务,采购支出,710,词库
R5980,支出,摘要或备注,包含,瓷片,,,经营类,主营业务,采购支出,710,词库
R5981,支出,摘要或备注,包含,政府款项,,,经营类,主营业务,采购支出,710,词库
R5982,支出,摘要或备注,包含,烧结炉,,,经营类,主营业务,采购支出,710,词库
R5983,支出,摘要或备注,包含,预算款,,,经营类,主营业务,采购支出,710,词库
R5984,支出,摘要或备注,包含,管子,,,经营类,主营业务,采购支出,710,词库
R5985,支出,摘要或备注,包含,加热款,,,经营类,主营业务,采购支出,710,词库
R5986,支出,摘要或备注,包含,方管,,,经营类,主营业务,采购支出,710,词库
R5987,支出,摘要或备注,包含,钢带管,,,经营类,主营业务,采购支出,710,词库
R5988,支出,摘要或备注,包含,电子屏,,,经营类,主营业务,采购支出,710,词库
R5989,支出,摘要或备注,包含,甲酰胺,,,经营类,主营业务,采购支出,710,词库
R5990,支出,摘要或备注,包含,纯碱,,,经营类,主营业务,采购支出,710,词库
R5991,支出,摘要或备注,包含,速凝剂,,,经营类,主营业务,采购支出,710,词库
R5992,支出,摘要或备注,包含,釆购款,,,经营类,主营业务,采购支出,710,词库
R5993,支出,摘要或备注,包含,编织线,,,经营类,主营业务,采购支出,710,词库
R5994,支出,摘要或备注,包含,供热,,,经营类,主营业务,采购支出,710,词库
R5995,支出,摘要或备注,包含,绿豆沙,,,经营类,主营业务,采购支出,710,词库
R5996,支出,摘要或备注,包含,竹款,,,经营类,主营业务,采购支出,710,词库
R5997,支出,摘要或备注,包含,屏幕,,,经营类,主营业务,采购支出,710,词库
R5998,支出,摘要或备注,包含,生鲜,,,经营类,主营业务,采购支出,710,词库
R5999,支出,摘要或备注,包含,字画,,,经营类,主营业务,采购支出,710,词库
R6000,支出,摘要或备注,包含,氧化铝,,,经营类,主营业务,采购支出,710,词库
R6001,支出,摘要或备注,包含,双氰胺,,,经营类,主营业务,采购支出,710,词库
R6002,支出,摘要或备注,包含,竞拍款,,,经营类,主营业务,采购支出,710,词库
R6003,支出,摘要或备注,包含,服套,,,经营类,主营业务,采购支出,710,词库
R6004,支出,摘要或备注,包含,管款,,,经营类,主营业务,采购支出,710,词库
R6005,支出,摘要或备注,包含,字幕,,,经营类,主营业务,采购支出,710,词库
R6006,支出,摘要或备注,包含,厂服,,,经营类,主营业务,采购支出,710,词库
R6007,支出,摘要或备注,包含,铜箔,,,经营类,主营业务,采购支出,710,词库
R6008,支出,摘要或备注,包含,打画款,,,经营类,主营业务,采购支出,710,词库
R6009,支出,摘要或备注,包含,技校,,,经营类,主营业务,采购支出,710,词库
R6010,支出,摘要或备注,包含,草籽,,,经营类,主营业务,采购支出,710,词库
R6011,支出,摘要或备注,包含,筒钻,,,经营类,主营业务,采购支出,710,词库
R6012,支出,摘要或备注,包含,摄制款,,,经营类,主营业务,采购支出,710,词库
R6013,支出,摘要或备注,包含,电炒锅,,,经营类,主营业务,采购支出,710,词库
R6014,支出,摘要或备注,包含,铁矿,,,经营类,主营业务,采购支出,710,词库
R6015,支出,摘要或备注,包含,木工,,,经营类,主营业务,采购支出,710,词库
R6016,支出,摘要或备注,包含,栏杆,,,经营类,主营业务,采购支出,710,词库
R6017,支出,摘要或备注,包含,圆片款,,,经营类,主营业务,采购支出,710,词库
R6018,支出,摘要或备注,包含,水塔,,,经营类,主营业务,采购支出,710,词库
R6019,支出,摘要或备注,包含,轨道,,,经营类,主营业务,采购支出,710,词库
R6020,支出,摘要或备注,包含,大方款,,,经营类,主营业务,采购支出,710,词库
R6021,支出,摘要或备注,包含,定架款,,,经营类,主营业务,采购支出,710,词库
R6022,支出,摘要或备注,包含,青苗,,,经营类,主营业务,采购支出,710,词库
R6023,支出,摘要或备注,包含,海带,,,经营类,主营业务,采购支出,710,词库
R6024,支出,摘要或备注,包含,扁钢,,,经营类,主营业务,采购支出,710,词库
R6025,支出,摘要或备注,包含,王老吉,,,经营类,主营业务,采购支出,710,词库
R6026,支出,摘要或备注,包含,辅材,,,经营类,主营业务,采购支出,710,词库
R6027,支出,摘要或备注,包含,接待,,,经营类,主营业务,采购支出,710,词库
R6028,支出,摘要或备注,包含,万科金色梦想,,,经营类,主营业务,采购支出,710,词库
R6029,支出,摘要或备注,包含,君合新城玺樾,,,经营类,主营业务,采购支出,710,词库
R6030,支出,摘要或备注,包含,新城悦隽,,,经营类,主营业务,采购支出,710,词库
R6031,支出,摘要或备注,包含,涟钢,,,经营类,主营业务,采购支出,710,词库
R6032,支出,摘要或备注,包含,金色梦想,,,经营类,主营业务,采购支出,710,词库
R6033,支出,摘要或备注,包含,轻循环,,,经营类,主营业务,采购支出,710,词库
R6034,支出,摘要或备注,包含,盛康托养,,,经营类,主营业务,采购支出,710,词库
R6035,支出,摘要或备注,包含,莱那珂,,,经营类,主营业务,采购支出,710,词库
R6036,支出,摘要或备注,包含,微信收单,,,经营类,主营业务,采购支出,710,词库
R6037,支出,摘要或备注,包含,条码收单实时,,,经营类,主营业务,采购支出,710,词库
R6038,支出,摘要或备注,包含,商户资金入账,,,经营类,主营业务,采购支出,710,词库
R6039,支出,摘要或备注,包含,呼啦收单,,,经营类,主营业务,采购支出,710,词库
R6040,支出,摘要或备注,包含,银联扫码收单,,,经营类,主营业务,采购支出,710,词库
R6041,支出,摘要或备注,包含,银联入账,,,经营类,主营业务,采购支出,710,词库
R6042,支出,摘要或备注,包含,通行费,,,经营类,主营业务,采购支出,710,词库
R6043,支出,摘要或备注,包含,费元,,,经营类,主营业务,采购支出,710,词库
R6044,支出,摘要或备注,包含,膜料,,,经营类,主营业务,采购支出,710,词库
R6045,支出,摘要或备注,包含,靶材,,,经营类,主营业务,采购支出,710,词库
R6046,支出,摘要或备注,包含,队费,,,经营类,主营业务,采购支出,710,词库
R6047,支出,摘要或备注,包含,购套网,,,经营类,主营业务,采购支出,710,词库
R6048,支出,摘要或备注,包含,花生米,,,经营类,主营业务,采购支出,710,词库
R6049,支出,摘要或备注,包含,办理费,,,经营类,主营业务,采购支出,710,词库
R6050,支出,摘要或备注,包含,加密卡,,,经营类,主营业务,采购支出,710,词库
R6051,支出,摘要或备注,包含,氧化三钛,,,经营类,主营业务,采购支出,710,词库
R6052,支出,摘要或备注,包含,饮品,,,经营类,主营业务,采购支出,710,词库
R6053,支出,摘要或备注,包含,信息费,,,经营类,主营业务,采购支出,710,词库
R6054,支出,摘要或备注,包含,加密码,,,经营类,主营业务,采购支出,710,词库
R6055,支出,摘要或备注,包含,场装,,,经营类,主营业务,采购支出,710,词库
R6056,支出,摘要或备注,包含,糕点,,,经营类,主营业务,采购支出,710,词库
R6057,支出,摘要或备注,包含,取暖,,,经营类,主营业务,采购支出,710,词库
R6058,支出,摘要或备注,包含,票据,,,经营类,主营业务,采购支出,710,词库
R6059,支出,摘要或备注,包含,密码卡,,,经营类,主营业务,采购支出,710,词库
R6060,支出,摘要或备注,包含,港杂费,,,经营类,主营业务,采购支出,710,词库
R6061,支出,摘要或备注,包含,购系统,,,经营类,主营业务,采购支出,710,词库
R6062,支出,摘要或备注,包含,蚬子,,,经营类,主营业务,采购支出,710,词库
R6063,支出,摘要或备注,包含,密钥,,,经营类,主营业务,采购支出,710,词库
R6064,支出,摘要或备注,包含,栉孔贝,,,经营类,主营业务,采购支出,710,词库
R6065,支出,摘要或备注,包含,金线款,,,经营类,主营业务,采购支出,710,词库
R6066,支出,摘要或备注,包含,贝苗,,,经营类,主营业务,采购支出,710,词库
R6067,支出,摘要或备注,包含,口令卡,,,经营类,主营业务,采购支出,710,词库
R6068,支出,摘要或备注,包含,端口,,,经营类,主营业务,采购支出,710,词库
R6069,支出,摘要或备注,包含,装备,,,经营类,主营业务,采购支出,710,词库
R6070,支出,摘要或备注,包含,购物,,,经营类,主营业务,采购支出,710,词库
R6071,支出,摘要或备注,包含,购件款,,,经营类,主营业务,采购支出,710,词库
R6072,支出,摘要或备注,包含,葡萄,,,经营类,主营业务,采购支出,710,词库
R6073,支出,摘要或备注,包含,浆粉,,,经营类,主营业务,采购支出,710,词库
R6074,支出,摘要或备注,包含,皮革,,,经营类,主营业务,采购支出,710,词库
R6075,支出,摘要或备注,包含,轮件,,,经营类,主营业务,采购支出,710,词库
R6076,支出,摘要或备注,包含,坩埚,,,经营类,主营业务,采购支出,710,词库
R6077,支出,摘要或备注,包含,生蚝,,,经营类,主营业务,采购支出,710,词库
R6078,支出,摘要或备注,包含,样品,,,经营类,主营业务,采购支出,710,词库
R6079,支出,摘要或备注,包含,盾款,,,经营类,主营业务,采购支出,710,词库
R6080,支出,摘要或备注,包含,保密卡,,,经营类,主营业务,采购支出,710,词库
R6081,支出,摘要或备注,包含,热缩膜,,,经营类,主营业务,采购支出,710,词库
R6082,支出,摘要或备注,包含,黄金,,,经营类,主营业务,采购支出,710,词库
R6083,支出,摘要或备注,包含,色蛤,,,经营类,主营业务,采购支出,710,词库
R6084,支出,摘要或备注,包含,购煤,,,经营类,主营业务,采购支出,710,词库
R6085,支出,摘要或备注,包含,购网笼,,,经营类,主营业务,采购支出,710,词库
R6086,支出,摘要或备注,包含,尼龙,,,经营类,主营业务,采购支出,710,词库
R6087,支出,摘要或备注,包含,过滤罐,,,经营类,主营业务,采购支出,710,词库
R6088,支出,摘要或备注,包含,劳保,,,经营类,主营业务,采购支出,710,词库
R6089,支出,摘要或备注,包含,加密狗,,,经营类,主营业务,采购支出,710,词库
R6090,支出,摘要或备注,包含,虾,,,经营类,主营业务,采购支出,710,词库
R6091,支出,摘要或备注,包含,初装费,,,经营类,主营业务,采购支出,710,词库
R6092,支出,摘要或备注,包含,淡水产品,,,经营类,主营业务,采购支出,710,词库
R6093,支出,摘要或备注,包含,盾费,,,经营类,主营业务,采购支出,710,词库
R6094,支出,摘要或备注,包含,散泥,,,经营类,主营业务,采购支出,710,词库
R6095,支出,摘要或备注,包含,镀膜,,,经营类,主营业务,采购支出,710,词库
R6096,支出,摘要或备注,包含,色片款,,,经营类,主营业务,采购支出,710,词库
R6097,支出,摘要或备注,包含,面包,,,经营类,主营业务,采购支出,710,词库
R6098,支出,摘要或备注,包含,社区,,,经营类,主营业务,采购支出,710,词库
R6099,支出,摘要或备注,包含,工艺品,,,经营类,主营业务,采购支出,710,词库
R6100,支出,摘要或备注,包含,船舶,,,经营类,主营业务,采购支出,710,词库
R6101,支出,摘要或备注,包含,党徽,,,经营类,主营业务,采购支出,710,词库
R6102,支出,摘要或备注,包含,海鲜,,,经营类,主营业务,采购支出,710,词库
R6103,支出,摘要或备注,包含,建材,,,经营类,主营业务,采购支出,710,词库
R6104,支出,摘要或备注,包含,废钢,,,经营类,主营业务,采购支出,710,词库
R6105,支出,摘要或备注,包含,更新费,,,经营类,主营业务,采购支出,710,词库
R6106,支出,摘要或备注,包含,海参,,,经营类,主营业务,采购支出,710,词库
R6107,支出,摘要或备注,包含,散泥款,,,经营类,主营业务,采购支出,710,词库
R6108,支出,摘要或备注,包含,电子化系统,,,经营类,主营业务,采购支出,710,词库
R6109,支出,摘要或备注,包含,原件款,,,经营类,主营业务,采购支出,710,词库
R6110,支出,摘要或备注,包含,样费,,,经营类,主营业务,采购支出,710,词库
R6111,支出,摘要或备注,包含,淘宝,,,经营类,主营业务,采购支出,710,词库
R6112,支出,摘要或备注,包含,邮盾款,,,经营类,主营业务,采购支出,710,词库
R6113,支出,摘要或备注,包含,径材,,,经营类,主营业务,采购支出,710,词库
R6114,支出,摘要或备注,包含,苹果,,,经营类,主营业务,采购支出,710,词库
R6115,支出,摘要或备注,包含,锻坯款,,,经营类,主营业务,采购支出,710,词库
R6116,支出,摘要或备注,包含,餐炉,,,经营类,主营业务,采购支出,710,词库
R6117,支出,摘要或备注,包含,购卡,,,经营类,主营业务,采购支出,710,词库
R6118,支出,摘要或备注,包含,袋装水,,,经营类,主营业务,采购支出,710,词库
R6119,支出,摘要或备注,包含,电子收据费,,,经营类,主营业务,采购支出,710,词库
R6120,支出,摘要或备注,包含,日报,,,经营类,主营业务,采购支出,710,词库
R6121,支出,摘要或备注,包含,硅靶,,,经营类,主营业务,采购支出,710,词库
R6122,支出,摘要或备注,包含,保水剂,,,经营类,主营业务,采购支出,710,词库
R6123,支出,摘要或备注,包含,精煤,,,经营类,主营业务,采购支出,710,词库
R6124,支出,摘要或备注,包含,马桶,,,经营类,主营业务,采购支出,710,词库
R6125,支出,摘要或备注,包含,编织袋,,,经营类,主营业务,采购支出,710,词库
R6126,支出,摘要或备注,包含,杏鲍菇,,,经营类,主营业务,采购支出,710,词库
R6127,支出,摘要或备注,包含,购盘,,,经营类,主营业务,采购支出,710,词库
R6128,支出,摘要或备注,包含,绳款,,,经营类,主营业务,采购支出,710,词库
R6129,支出,摘要或备注,包含,教学用品,,,经营类,主营业务,采购支出,710,词库
R6130,支出,摘要或备注,包含,收据用盾,,,经营类,主营业务,采购支出,710,词库
R6131,支出,摘要或备注,包含,植绒革,,,经营类,主营业务,采购支出,710,词库
R6132,支出,摘要或备注,包含,大米,,,经营类,主营业务,采购支出,710,词库
R6133,支出,摘要或备注,包含,系统套款,,,经营类,主营业务,采购支出,710,词库
R6134,支出,摘要或备注,包含,专用收据,,,经营类,主营业务,采购支出,710,词库
R6135,支出,摘要或备注,包含,备品,,,经营类,主营业务,采购支出,710,词库
R6136,支出,摘要或备注,包含,树脂,,,经营类,主营业务,采购支出,710,词库
R6137,支出,摘要或备注,包含,面粉,,,经营类,主营业务,采购支出,710,词库
R6138,支出,摘要或备注,包含,电子系统,,,经营类,主营业务,采购支出,710,词库
R6139,支出,摘要或备注,包含,优盘,,,经营类,主营业务,采购支出,710,词库
R6140,支出,摘要或备注,包含,回款,,,经营类,主营业务,采购支出,710,词库
R6141,支出,摘要或备注,包含,厂商,,,经营类,主营业务,采购支出,710,词库
R6142,支出,摘要或备注,包含,提标款,,,经营类,主营业务,采购支出,710,词库
R6143,支出,摘要或备注,包含,实验费,,,经营类,主营业务,采购支出,710,词库
R6144,支出,摘要或备注,包含,注塑费,,,经营类,主营业务,采购支出,710,词库
R6145,支出,摘要或备注,包含,陈列费,,,经营类,主营业务,采购支出,710,词库
R6146,支出,摘要或备注,包含,保障经费,,,经营类,主营业务,采购支出,710,词库
R6147,支出,摘要或备注,包含,铬铁,,,经营类,主营业务,采购支出,710,词库
R6148,支出,摘要或备注,包含,次钠款,,,经营类,主营业务,采购支出,710,词库
R6149,支出,摘要或备注,包含,炸药,,,经营类,主营业务,采购支出,710,词库
R6150,支出,摘要或备注,包含,殡仪,,,经营类,主营业务,采购支出,710,词库
R6151,支出,摘要或备注,包含,排款,,,经营类,主营业务,采购支出,710,词库
R6152,支出,摘要或备注,包含,桩款,,,经营类,主营业务,采购支出,710,词库
R6153,支出,摘要或备注,包含,拆表费,,,经营类,主营业务,采购支出,710,词库
R6154,支出,摘要或备注,包含,捐赠费,,,经营类,主营业务,采购支出,710,词库
R6155,支出,摘要或备注,包含,盆景费,,,经营类,主营业务,采购支出,710,词库
R6156,支出,摘要或备注,包含,电影,,,经营类,主营业务,采购支出,710,词库
R6157,支出,摘要或备注,包含,花边,,,经营类,主营业务,采购支出,710,词库
R6158,支出,摘要或备注,包含,通知费,,,经营类,主营业务,采购支出,710,词库
R6159,支出,摘要或备注,包含,低耗款,,,经营类,主营业务,采购支出,710,词库
R6160,支出,摘要或备注,包含,软管,,,经营类,主营业务,采购支出,710,词库
R6161,支出,摘要或备注,包含,维务费,,,经营类,主营业务,采购支出,710,词库
R6162,支出,摘要或备注,包含,阻燃剂,,,经营类,主营业务,采购支出,710,词库
R6163,支出,摘要或备注,包含,版费,,,经营类,主营业务,采购支出,710,词库
R6164,支出,摘要或备注,包含,监护仪,,,经营类,主营业务,采购支出,710,词库
R6165,支出,摘要或备注,包含,疾控款,,,经营类,主营业务,采购支出,710,词库
R6166,支出,摘要或备注,包含,喷枪,,,经营类,主营业务,采购支出,710,词库
R6167,支出,摘要或备注,包含,购锌锭,,,经营类,主营业务,采购支出,710,词库
R6168,支出,摘要或备注,包含,焊条,,,经营类,主营业务,采购支出,710,词库
R6169,支出,摘要或备注,包含,异常费,,,经营类,主营业务,采购支出,710,词库
R6170,支出,摘要或备注,包含,派件,,,经营类,主营业务,采购支出,710,词库
R6171,支出,摘要或备注,包含,铣样款,,,经营类,主营业务,采购支出,710,词库
R6172,支出,摘要或备注,包含,配套款,,,经营类,主营业务,采购支出,710,词库
R6173,支出,摘要或备注,包含,阻燃款,,,经营类,主营业务,采购支出,710,词库
R6174,支出,摘要或备注,包含,补牌费,,,经营类,主营业务,采购支出,710,词库
R6175,支出,摘要或备注,包含,密匙,,,经营类,主营业务,采购支出,710,词库
R6176,支出,摘要或备注,包含,带钢,,,经营类,主营业务,采购支出,710,词库
R6177,支出,摘要或备注,包含,财务费,,,经营类,主营业务,采购支出,710,词库
R6178,支出,摘要或备注,包含,续约费,,,经营类,主营业务,采购支出,710,词库
R6179,支出,摘要或备注,包含,评信费,,,经营类,主营业务,采购支出,710,词库
R6180,支出,摘要或备注,包含,购优盾,,,经营类,主营业务,采购支出,710,词库
R6181,支出,摘要或备注,包含,苏挂,,,经营类,主营业务,采购支出,710,词库
R6182,支出,摘要或备注,包含,宣传经费,,,经营类,主营业务,采购支出,710,词库
R6183,支出,摘要或备注,包含,四角袋,,,经营类,主营业务,采购支出,710,词库
R6184,支出,摘要或备注,包含,网站费,,,经营类,主营业务,采购支出,710,词库
R6185,支出,摘要或备注,包含,会刊,,,经营类,主营业务,采购支出,710,词库
R6186,支出,摘要或备注,包含,钢绞线,,,经营类,主营业务,采购支出,710,词库
R6187,支出,摘要或备注,包含,绳子,,,经营类,主营业务,采购支出,710,词库
R6188,支出,摘要或备注,包含,喷涂,,,经营类,主营业务,采购支出,710,词库
R6189,支出,摘要或备注,包含,火媒款,,,经营类,主营业务,采购支出,710,词库
R6190,支出,摘要或备注,包含,课时费,,,经营类,主营业务,采购支出,710,词库
R6191,支出,摘要或备注,包含,邮务费,,,经营类,主营业务,采购支出,710,词库
R6192,支出,摘要或备注,包含,水平仪,,,经营类,主营业务,采购支出,710,词库
R6193,支出,摘要或备注,包含,控芯款,,,经营类,主营业务,采购支出,710,词库
R6194,支出,摘要或备注,包含,调查经费,,,经营类,主营业务,采购支出,710,词库
R6195,支出,摘要或备注,包含,钢钉,,,经营类,主营业务,采购支出,710,词库
R6196,支出,摘要或备注,包含,染费,,,经营类,主营业务,采购支出,710,词库
R6197,支出,摘要或备注,包含,料子,,,经营类,主营业务,采购支出,710,词库
R6198,支出,摘要或备注,包含,购棉,,,经营类,主营业务,采购支出,710,词库
R6199,支出,摘要或备注,包含,调质费,,,经营类,主营业务,采购支出,710,词库
R6200,支出,摘要或备注,包含,喷漆费,,,经营类,主营业务,采购支出,710,词库
R6201,支出,摘要或备注,包含,氨纶款,,,经营类,主营业务,采购支出,710,词库
R6202,支出,摘要或备注,包含,年货,,,经营类,主营业务,采购支出,710,词库
R6203,支出,摘要或备注,包含,防护,,,经营类,主营业务,采购支出,710,词库
R6204,支出,摘要或备注,包含,装潢,,,经营类,主营业务,采购支出,710,词库
R6205,支出,摘要或备注,包含,热汽款,,,经营类,主营业务,采购支出,710,词库
R6206,支出,摘要或备注,包含,硅袋,,,经营类,主营业务,采购支出,710,词库
R6207,支出,摘要或备注,包含,氧化二梯,,,经营类,主营业务,采购支出,710,词库
R6208,支出,摘要或备注,包含,铝带,,,经营类,主营业务,采购支出,710,词库
R6209,支出,摘要或备注,包含,除垢剂,,,经营类,主营业务,采购支出,710,词库
R6210,支出,摘要或备注,包含,疼痛贴,,,经营类,主营业务,采购支出,710,词库
R6211,支出,摘要或备注,包含,改签费,,,经营类,主营业务,采购支出,710,词库
R6212,支出,摘要或备注,包含,标费,,,经营类,主营业务,采购支出,710,词库
R6213,支出,摘要或备注,包含,首款,,,经营类,主营业务,采购支出,710,词库
R6214,支出,摘要或备注,包含,导电布,,,经营类,主营业务,采购支出,710,词库
R6215,支出,摘要或备注,包含,柜费,,,经营类,主营业务,采购支出,710,词库
R6216,支出,摘要或备注,包含,兰炭,,,经营类,主营业务,采购支出,710,词库
R6217,支出,摘要或备注,包含,盘子,,,经营类,主营业务,采购支出,710,词库
R6218,支出,摘要或备注,包含,包材,,,经营类,主营业务,采购支出,710,词库
R6219,支出,摘要或备注,包含,布展,,,经营类,主营业务,采购支出,710,词库
R6220,支出,摘要或备注,包含,安维费,,,经营类,主营业务,采购支出,710,词库
R6221,支出,摘要或备注,包含,网维费,,,经营类,主营业务,采购支出,710,词库
R6222,支出,摘要或备注,包含,监测款,,,经营类,主营业务,采购支出,710,词库
R6223,支出,摘要或备注,包含,购桶,,,经营类,主营业务,采购支出,710,词库
R6224,支出,摘要或备注,包含,更正费,,,经营类,主营业务,采购支出,710,词库
R6225,支出,摘要或备注,包含,教育经费,,,经营类,主营业务,采购支出,710,词库
R6226,支出,摘要或备注,包含,转档费,,,经营类,主营业务,采购支出,710,词库
R6227,支出,摘要或备注,包含,买卡,,,经营类,主营业务,采购支出,710,词库
R6228,支出,摘要或备注,包含,拼柜费,,,经营类,主营业务,采购支出,710,词库
R6229,支出,摘要或备注,包含,试模费,,,经营类,主营业务,采购支出,710,词库
R6230,支出,摘要或备注,包含,装吊,,,经营类,主营业务,采购支出,710,词库
R6231,支出,摘要或备注,包含,刀头,,,经营类,主营业务,采购支出,710,词库
R6232,支出,摘要或备注,包含,制度牌,,,经营类,主营业务,采购支出,710,词库
R6233,支出,摘要或备注,包含,聚酯,,,经营类,主营业务,采购支出,710,词库
R6234,支出,摘要或备注,包含,气泵,,,经营类,主营业务,采购支出,710,词库
R6235,支出,摘要或备注,包含,收据费,,,经营类,主营业务,采购支出,710,词库
R6236,支出,摘要或备注,包含,热电偶,,,经营类,主营业务,采购支出,710,词库
R6237,支出,摘要或备注,包含,片碱费,,,经营类,主营业务,采购支出,710,词库
R6238,支出,摘要或备注,包含,白茶,,,经营类,主营业务,采购支出,710,词库
R6239,支出,摘要或备注,包含,加气块,,,经营类,主营业务,采购支出,710,词库
R6240,支出,摘要或备注,包含,淮稻款,,,经营类,主营业务,采购支出,710,词库
R6241,支出,摘要或备注,包含,正本费,,,经营类,主营业务,采购支出,710,词库
R6242,支出,摘要或备注,包含,信号缆,,,经营类,主营业务,采购支出,710,词库
R6243,支出,摘要或备注,包含,党刊,,,经营类,主营业务,采购支出,710,词库
R6244,支出,摘要或备注,包含,虚仓,,,经营类,主营业务,采购支出,710,词库
R6245,支出,摘要或备注,包含,氧化镁,,,经营类,主营业务,采购支出,710,词库
R6246,支出,摘要或备注,包含,模修费,,,经营类,主营业务,采购支出,710,词库
R6247,支出,摘要或备注,包含,种款,,,经营类,主营业务,采购支出,710,词库
R6248,支出,摘要或备注,包含,观影,,,经营类,主营业务,采购支出,710,词库
R6249,支出,摘要或备注,包含,铜带,,,经营类,主营业务,采购支出,710,词库
R6250,支出,摘要或备注,包含,破包,,,经营类,主营业务,采购支出,710,词库
R6251,支出,摘要或备注,包含,实施费,,,经营类,主营业务,采购支出,710,词库
R6252,支出,摘要或备注,包含,锅粥,,,经营类,主营业务,采购支出,710,词库
R6253,支出,摘要或备注,包含,毛坯款,,,经营类,主营业务,采购支出,710,词库
R6254,支出,摘要或备注,包含,复合助剂,,,经营类,主营业务,采购支出,710,词库
R6255,支出,摘要或备注,包含,栏目费,,,经营类,主营业务,采购支出,710,词库
R6256,支出,摘要或备注,包含,企业网站,,,经营类,主营业务,采购支出,710,词库
R6257,支出,摘要或备注,包含,蒸汽,,,经营类,主营业务,采购支出,710,词库
R6258,支出,摘要或备注,包含,废丝,,,经营类,主营业务,采购支出,710,词库
R6259,支出,摘要或备注,包含,外协费,,,经营类,主营业务,采购支出,710,词库
R6260,支出,摘要或备注,包含,灭菌,,,经营类,主营业务,采购支出,710,词库
R6261,支出,摘要或备注,包含,氧化二锑,,,经营类,主营业务,采购支出,710,词库
R6262,支出,摘要或备注,包含,生育费,,,经营类,主营业务,采购支出,710,词库
R6263,支出,摘要或备注,包含,业务经费,,,经营类,主营业务,采购支出,710,词库
R6264,支出,摘要或备注,包含,磨刀费,,,经营类,主营业务,采购支出,710,词库
R6265,支出,摘要或备注,包含,猎头,,,经营类,主营业务,采购支出,710,词库
R6266,支出,摘要或备注,包含,铝杆,,,经营类,主营业务,采购支出,710,词库
R6267,支出,摘要或备注,包含,购船,,,经营类,主营业务,采购支出,710,词库
R6268,支出,摘要或备注,包含,开证费,,,经营类,主营业务,采购支出,710,词库
R6269,支出,摘要或备注,包含,考务费,,,经营类,主营业务,采购支出,710,词库
R6270,支出,摘要或备注,包含,乙炔,,,经营类,主营业务,采购支出,710,词库
R6271,支出,摘要或备注,包含,疗养费,,,经营类,主营业务,采购支出,710,词库
R6272,支出,摘要或备注,包含,明糯款,,,经营类,主营业务,采购支出,710,词库
R6273,支出,摘要或备注,包含,秘钥款,,,经营类,主营业务,采购支出,710,词库
R6274,支出,摘要或备注,包含,大麦,,,经营类,主营业务,采购支出,710,词库
R6275,支出,摘要或备注,包含,报务费,,,经营类,主营业务,采购支出,710,词库
R6276,支出,摘要或备注,包含,供暖,,,经营类,主营业务,采购支出,710,词库
R6277,支出,摘要或备注,包含,铜条,,,经营类,主营业务,采购支出,710,词库
R6278,支出,摘要或备注,包含,焊片,,,经营类,主营业务,采购支出,710,词库
R6279,支出,摘要或备注,包含,理事费,,,经营类,主营业务,采购支出,710,词库
R6280,支出,摘要或备注,包含,手提袋,,,经营类,主营业务,采购支出,710,词库
R6281,支出,摘要或备注,包含,冻库费,,,经营类,主营业务,采购支出,710,词库
R6282,支出,摘要或备注,包含,检尺费,,,经营类,主营业务,采购支出,710,词库
R6283,支出,摘要或备注,包含,硫磺,,,经营类,主营业务,采购支出,710,词库
R6284,支出,摘要或备注,包含,隔氧带,,,经营类,主营业务,采购支出,710,词库
R6285,支出,摘要或备注,包含,秘钥,,,经营类,主营业务,采购支出,710,词库
R6286,支出,摘要或备注,包含,化纤,,,经营类,主营业务,采购支出,710,词库
R6287,支出,摘要或备注,包含,设点费,,,经营类,主营业务,采购支出,710,词库
R6288,支出,摘要或备注,包含,派送费,,,经营类,主营业务,采购支出,710,词库
R6289,支出,摘要或备注,包含,电站,,,经营类,主营业务,采购支出,710,词库
R6290,支出,摘要或备注,包含,构建费,,,经营类,主营业务,采购支出,710,词库
R6291,支出,摘要或备注,包含,护套线,,,经营类,主营业务,采购支出,710,词库
R6292,支出,摘要或备注,包含,农稻,,,经营类,主营业务,采购支出,710,词库
R6293,支出,摘要或备注,包含,养老事业费,,,经营类,主营业务,采购支出,710,词库
R6294,支出,摘要或备注,包含,炸材,,,经营类,主营业务,采购支出,710,词库
R6295,支出,摘要或备注,包含,月票款,,,经营类,主营业务,采购支出,710,词库
R6296,支出,摘要或备注,包含,柜子,,,经营类,主营业务,采购支出,710,词库
R6297,支出,摘要或备注,包含,鲜奶,,,经营类,主营业务,采购支出,710,词库
R6298,支出,摘要或备注,包含,补胎,,,经营类,主营业务,采购支出,710,词库
R6299,支出,摘要或备注,包含,白酒,,,经营类,主营业务,采购支出,710,词库
R6300,支出,摘要或备注,包含,膜片,,,经营类,主营业务,采购支出,710,词库
R6301,支出,摘要或备注,包含,镀镍,,,经营类,主营业务,采购支出,710,词库
R6302,支出,摘要或备注,包含,丙酮,,,经营类,主营业务,采购支出,710,词库
R6303,支出,摘要或备注,包含,低耗品,,,经营类,主营业务,采购支出,710,词库
R6304,支出,摘要或备注,包含,购药,,,经营类,主营业务,采购支出,710,词库
R6305,支出,摘要或备注,包含,碳源,,,经营类,主营业务,采购支出,710,词库
R6306,支出,摘要或备注,包含,媒款,,,经营类,主营业务,采购支出,710,词库
R6307,支出,摘要或备注,包含,加固费,,,经营类,主营业务,采购支出,710,词库
R6308,支出,摘要或备注,包含,兰碳,,,经营类,主营业务,采购支出,710,词库
R6309,支出,摘要或备注,包含,海产品,,,经营类,主营业务,采购支出,710,词库
R6310,支出,摘要或备注,包含,秘钥费,,,经营类,主营业务,采购支出,710,词库
R6311,支出,摘要或备注,包含,织染,,,经营类,主营业务,采购支出,710,词库
R6312,支出,摘要或备注,包含,粳种款,,,经营类,主营业务,采购支出,710,词库
R6313,支出,摘要或备注,包含,珊瑚,,,经营类,主营业务,采购支出,710,词库
R6314,支出,摘要或备注,包含,查验费,,,经营类,主营业务,采购支出,710,词库
R6315,支出,摘要或备注,包含,化肥,,,经营类,主营业务,采购支出,710,词库
R6316,支出,摘要或备注,包含,复核费修订费,,,经营类,主营业务,采购支出,710,词库
R6317,支出,摘要或备注,包含,伞架,,,经营类,主营业务,采购支出,710,词库
R6318,支出,摘要或备注,包含,密锁,,,经营类,主营业务,采购支出,710,词库
R6319,支出,摘要或备注,包含,助剂费,,,经营类,主营业务,采购支出,710,词库
R6320,支出,摘要或备注,包含,粒子款,,,经营类,主营业务,采购支出,710,词库
R6321,支出,摘要或备注,包含,制证费,,,经营类,主营业务,采购支出,710,词库
R6322,支出,摘要或备注,包含,撕裂带,,,经营类,主营业务,采购支出,710,词库
R6323,支出,摘要或备注,包含,桔子,,,经营类,主营业务,采购支出,710,词库
R6324,支出,摘要或备注,包含,国库费,,,经营类,主营业务,采购支出,710,词库
R6325,支出,摘要或备注,包含,漂染,,,经营类,主营业务,采购支出,710,词库
R6326,支出,摘要或备注,包含,防腐木,,,经营类,主营业务,采购支出,710,词库
R6327,支出,摘要或备注,包含,复合剂密匙,,,经营类,主营业务,采购支出,710,词库
R6328,支出,摘要或备注,包含,验收合格,,,经营类,主营业务,采购支出,710,词库
R6329,支出,摘要或备注,包含,学时费,,,经营类,主营业务,采购支出,710,词库
R6330,支出,摘要或备注,包含,水壶,,,经营类,主营业务,采购支出,710,词库
R6331,支出,摘要或备注,包含,购纱,,,经营类,主营业务,采购支出,710,词库
R6332,支出,摘要或备注,包含,盆景,,,经营类,主营业务,采购支出,710,词库
R6333,支出,摘要或备注,包含,氩气,,,经营类,主营业务,采购支出,710,词库
R6334,支出,摘要或备注,包含,合金,,,经营类,主营业务,采购支出,710,词库
R6335,支出,摘要或备注,包含,复合带,,,经营类,主营业务,采购支出,710,词库
R6336,支出,摘要或备注,包含,售后款,,,经营类,主营业务,采购支出,710,词库
R6337,支出,摘要或备注,包含,生产费,,,经营类,主营业务,采购支出,710,词库
R6338,支出,摘要或备注,包含,点心,,,经营类,主营业务,采购支出,710,词库
R6339,支出,摘要或备注,包含,冷柜费,,,经营类,主营业务,采购支出,710,词库
R6340,支出,摘要或备注,包含,各项工费,,,经营类,主营业务,采购支出,710,词库
R6341,支出,摘要或备注,包含,热处理,,,经营类,主营业务,采购支出,710,词库
R6342,支出,摘要或备注,包含,电阻款,,,经营类,主营业务,采购支出,710,词库
R6343,支出,摘要或备注,包含,木浆,,,经营类,主营业务,采购支出,710,词库
R6344,支出,摘要或备注,包含,电票款,,,经营类,主营业务,采购支出,710,词库
R6345,支出,摘要或备注,包含,衣柜,,,经营类,主营业务,采购支出,710,词库
R6346,支出,摘要或备注,包含,公司款项,,,经营类,主营业务,采购支出,710,词库
R6347,支出,摘要或备注,包含,答辨费,,,经营类,主营业务,采购支出,710,词库
R6348,支出,摘要或备注,包含,奖励费,,,经营类,主营业务,采购支出,710,词库
R6349,支出,摘要或备注,包含,征购款,,,经营类,主营业务,采购支出,710,词库
R6350,支出,摘要或备注,包含,钾醛,,,经营类,主营业务,采购支出,710,词库
R6351,支出,摘要或备注,包含,保育费,,,经营类,主营业务,采购支出,710,词库
R6352,支出,摘要或备注,包含,打磨费,,,经营类,主营业务,采购支出,710,词库
R6353,支出,摘要或备注,包含,造价费,,,经营类,主营业务,采购支出,710,词库
R6354,支出,摘要或备注,包含,网布,,,经营类,主营业务,采购支出,710,词库
R6355,支出,摘要或备注,包含,钢钉款,,,经营类,主营业务,采购支出,710,词库
R6356,支出,摘要或备注,包含,盐,,,经营类,主营业务,采购支出,710,词库
R6357,支出,摘要或备注,包含,旗帜,,,经营类,主营业务,采购支出,710,词库
R6358,支出,摘要或备注,包含,节能款,,,经营类,主营业务,采购支出,710,词库
R6359,支出,摘要或备注,包含,香精,,,经营类,主营业务,采购支出,710,词库
R6360,支出,摘要或备注,包含,片碱,,,经营类,主营业务,采购支出,710,词库
R6361,支出,摘要或备注,包含,加盟费,,,经营类,主营业务,采购支出,710,词库
R6362,支出,摘要或备注,包含,桩检费,,,经营类,主营业务,采购支出,710,词库
R6363,支出,摘要或备注,包含,博思款,,,经营类,主营业务,采购支出,710,词库
R6364,支出,摘要或备注,包含,吨袋款,,,经营类,主营业务,采购支出,710,词库
R6365,支出,摘要或备注,包含,涤纶,,,经营类,主营业务,采购支出,710,词库
R6366,支出,摘要或备注,包含,筛选费,,,经营类,主营业务,采购支出,710,词库
R6367,支出,摘要或备注,包含,人参,,,经营类,主营业务,采购支出,710,词库
R6368,支出,摘要或备注,包含,公杂费,,,经营类,主营业务,采购支出,710,词库
R6369,支出,摘要或备注,包含,艺术品,,,经营类,主营业务,采购支出,710,词库
R6370,支出,摘要或备注,包含,速遣费,,,经营类,主营业务,采购支出,710,词库
R6371,支出,摘要或备注,包含,免表费,,,经营类,主营业务,采购支出,710,词库
R6372,支出,摘要或备注,包含,行门楣字,,,经营类,主营业务,采购支出,710,词库
R6373,支出,摘要或备注,包含,奶款,,,经营类,主营业务,采购支出,710,词库
R6374,支出,摘要或备注,包含,瓦楞款,,,经营类,主营业务,采购支出,710,词库
R6375,支出,摘要或备注,包含,预定款,,,经营类,主营业务,采购支出,710,词库
R6376,支出,摘要或备注,包含,石雕,,,经营类,主营业务,采购支出,710,词库
R6377,支出,摘要或备注,包含,寄件,,,经营类,主营业务,采购支出,710,词库
R6378,支出,摘要或备注,包含,通勤,,,经营类,主营业务,采购支出,710,词库
R6379,支出,摘要或备注,包含,购糖,,,经营类,主营业务,采购支出,710,词库
R6380,支出,摘要或备注,包含,印染,,,经营类,主营业务,采购支出,710,词库
R6381,支出,摘要或备注,包含,资信费,,,经营类,主营业务,采购支出,710,词库
R6382,支出,摘要或备注,包含,洗浴,,,经营类,主营业务,采购支出,710,词库
R6383,支出,摘要或备注,包含,生晒,,,经营类,主营业务,采购支出,710,词库
R6384,支出,摘要或备注,包含,月排款,,,经营类,主营业务,采购支出,710,词库
R6385,支出,摘要或备注,包含,冷库费,,,经营类,主营业务,采购支出,710,词库
R6386,支出,摘要或备注,包含,防疫,,,经营类,主营业务,采购支出,710,词库
R6387,支出,摘要或备注,包含,康倍松,,,经营类,主营业务,采购支出,710,词库
R6388,支出,摘要或备注,包含,鲜花,,,经营类,主营业务,采购支出,710,词库
R6389,支出,摘要或备注,包含,加装,,,经营类,主营业务,采购支出,710,词库
R6390,支出,摘要或备注,包含,翻译款,,,经营类,主营业务,采购支出,710,词库
R6391,支出,摘要或备注,包含,展厅,,,经营类,主营业务,采购支出,710,词库
R6392,支出,摘要或备注,包含,装璜,,,经营类,主营业务,采购支出,710,词库
R6393,支出,摘要或备注,包含,公费,,,经营类,主营业务,采购支出,710,词库
R6394,支出,摘要或备注,包含,炭黑,,,经营类,主营业务,采购支出,710,词库
R6395,支出,摘要或备注,包含,电力款,,,经营类,主营业务,采购支出,710,词库
R6396,支出,摘要或备注,包含,茶具,,,经营类,主营业务,采购支出,710,词库
R6397,支出,摘要或备注,包含,标签费,,,经营类,主营业务,采购支出,710,词库
R6398,支出,摘要或备注,包含,电热圈,,,经营类,主营业务,采购支出,710,词库
R6399,支出,摘要或备注,包含,补偿款,,,经营类,主营业务,采购支出,710,词库
R6400,支出,摘要或备注,包含,短纤,,,经营类,主营业务,采购支出,710,词库
R6401,支出,摘要或备注,包含,修复款,,,经营类,主营业务,采购支出,710,词库
R6402,支出,摘要或备注,包含,铜条款,,,经营类,主营业务,采购支出,710,词库
R6403,支出,摘要或备注,包含,浆料,,,经营类,主营业务,采购支出,710,词库
R6404,支出,摘要或备注,包含,保密费,,,经营类,主营业务,采购支出,710,词库
R6405,支出,摘要或备注,包含,检品费,,,经营类,主营业务,采购支出,710,词库
R6406,支出,摘要或备注,包含,铝硅,,,经营类,主营业务,采购支出,710,词库
R6407,支出,摘要或备注,包含,铜管,,,经营类,主营业务,采购支出,710,词库
R6408,支出,摘要或备注,包含,钥匙,,,经营类,主营业务,采购支出,710,词库
R6409,支出,摘要或备注,包含,包带,,,经营类,主营业务,采购支出,710,词库
R6410,支出,摘要或备注,包含,味精,,,经营类,主营业务,采购支出,710,词库
R6411,支出,摘要或备注,包含,镁锭,,,经营类,主营业务,采购支出,710,词库
R6412,支出,摘要或备注,包含,烟花,,,经营类,主营业务,采购支出,710,词库
R6413,支出,摘要或备注,包含,铜锭款,,,经营类,主营业务,采购支出,710,词库
R6414,支出,摘要或备注,包含,冷作件,,,经营类,主营业务,采购支出,710,词库
R6415,支出,摘要或备注,包含,消泡剂,,,经营类,主营业务,采购支出,710,词库
R6416,支出,摘要或备注,包含,防暑,,,经营类,主营业务,采购支出,710,词库
R6417,支出,摘要或备注,包含,财政局经费,,,经营类,主营业务,采购支出,710,词库
R6418,支出,摘要或备注,包含,转播费,,,经营类,主营业务,采购支出,710,词库
R6419,支出,摘要或备注,包含,扬麦,,,经营类,主营业务,采购支出,710,词库
R6420,支出,摘要或备注,包含,标签款,,,经营类,主营业务,采购支出,710,词库
R6421,支出,摘要或备注,包含,购花,,,经营类,主营业务,采购支出,710,词库
R6422,支出,摘要或备注,包含,贸易款,,,经营类,主营业务,采购支出,710,词库
R6423,支出,摘要或备注,包含,仓款,,,经营类,主营业务,采购支出,710,词库
R6424,支出,摘要或备注,包含,短帘,,,经营类,主营业务,采购支出,710,词库
R6425,支出,摘要或备注,包含,铸件,,,经营类,主营业务,采购支出,710,词库
R6426,支出,摘要或备注,包含,预肘款,,,经营类,主营业务,采购支出,710,词库
R6427,支出,摘要或备注,包含,加热棒,,,经营类,主营业务,采购支出,710,词库
R6428,支出,摘要或备注,包含,甲醇,,,经营类,主营业务,采购支出,710,词库
R6429,支出,摘要或备注,包含,代工费,,,经营类,主营业务,采购支出,710,词库
R6430,支出,摘要或备注,包含,学习卡,,,经营类,主营业务,采购支出,710,词库
R6431,支出,摘要或备注,包含,云母带,,,经营类,主营业务,采购支出,710,词库
R6432,支出,摘要或备注,包含,排炮费,,,经营类,主营业务,采购支出,710,词库
R6433,支出,摘要或备注,包含,采暖,,,经营类,主营业务,采购支出,710,词库
R6434,支出,摘要或备注,包含,密码,,,经营类,主营业务,采购支出,710,词库
R6435,支出,摘要或备注,包含,询证费,,,经营类,主营业务,采购支出,710,词库
R6436,支出,摘要或备注,包含,奖励款,,,经营类,主营业务,采购支出,710,词库
R6437,支出,摘要或备注,包含,线芯,,,经营类,主营业务,采购支出,710,词库
R6438,支出,摘要或备注,包含,添加剂,,,经营类,主营业务,采购支出,710,词库
R6439,支出,摘要或备注,包含,桶件,,,经营类,主营业务,采购支出,710,词库
R6440,支出,摘要或备注,包含,购泵,,,经营类,主营业务,采购支出,710,词库
R6441,支出,摘要或备注,包含,咀嚼片,,,经营类,主营业务,采购支出,710,词库
R6442,支出,摘要或备注,包含,甲醛,,,经营类,主营业务,采购支出,710,词库
R6443,支出,摘要或备注,包含,暖气,,,经营类,主营业务,采购支出,710,词库
R6444,支出,摘要或备注,包含,生物颗粒,,,经营类,主营业务,采购支出,710,词库
R6445,支出,摘要或备注,包含,建设经费,,,经营类,主营业务,采购支出,710,词库
R6446,支出,摘要或备注,包含,客票款,,,经营类,主营业务,采购支出,710,词库
R6447,支出,摘要或备注,包含,铜杆,,,经营类,主营业务,采购支出,710,词库
R6448,支出,摘要或备注,包含,馒头,,,经营类,主营业务,采购支出,710,词库
R6449,支出,摘要或备注,包含,作业本,,,经营类,主营业务,采购支出,710,词库
R6450,支出,摘要或备注,包含,竹片款,,,经营类,主营业务,采购支出,710,词库
R6451,支出,摘要或备注,包含,火工款,,,经营类,主营业务,采购支出,710,词库
R6452,支出,摘要或备注,包含,纱边款,,,经营类,主营业务,采购支出,710,词库
R6453,支出,摘要或备注,包含,三幼费,,,经营类,主营业务,采购支出,710,词库
R6454,支出,摘要或备注,包含,中速带,,,经营类,主营业务,采购支出,710,词库
R6455,支出,摘要或备注,包含,噪费,,,经营类,主营业务,采购支出,710,词库
R6456,支出,摘要或备注,包含,降温,,,经营类,主营业务,采购支出,710,词库
R6457,支出,摘要或备注,包含,丙烯,,,经营类,主营业务,采购支出,710,词库
R6458,支出,摘要或备注,包含,防寒,,,经营类,主营业务,采购支出,710,词库
R6459,支出,摘要或备注,包含,竹帘,,,经营类,主营业务,采购支出,710,词库
R6460,支出,摘要或备注,包含,虚舱款,,,经营类,主营业务,采购支出,710,词库
R6461,支出,摘要或备注,包含,集散仓,,,经营类,主营业务,采购支出,710,词库
R6462,支出,摘要或备注,包含,三包,,,经营类,主营业务,采购支出,710,词库
R6463,支出,摘要或备注,包含,电子称,,,经营类,主营业务,采购支出,710,词库
R6464,支出,摘要或备注,包含,担倚费,,,经营类,主营业务,采购支出,710,词库
R6465,支出,摘要或备注,包含,氯酸钠,,,经营类,主营业务,采购支出,710,词库
R6466,支出,摘要或备注,包含,扩容,,,经营类,主营业务,采购支出,710,词库
R6467,支出,摘要或备注,包含,网管费,,,经营类,主营业务,采购支出,710,词库
R6468,支出,摘要或备注,包含,管件,,,经营类,主营业务,采购支出,710,词库
R6469,支出,摘要或备注,包含,水票费,,,经营类,主营业务,采购支出,710,词库
R6470,支出,摘要或备注,包含,证费,,,经营类,主营业务,采购支出,710,词库
R6471,支出,摘要或备注,包含,电夹款,,,经营类,主营业务,采购支出,710,词库
R6472,支出,摘要或备注,包含,建筑费,,,经营类,主营业务,采购支出,710,词库
R6473,支出,摘要或备注,包含,杂费,,,经营类,主营业务,采购支出,710,词库
R6474,支出,摘要或备注,包含,介绍费,,,经营类,主营业务,采购支出,710,词库
R6475,支出,摘要或备注,包含,月染费,,,经营类,主营业务,采购支出,710,词库
R6476,支出,摘要或备注,包含,竹炭,,,经营类,主营业务,采购支出,710,词库
R6477,支出,摘要或备注,包含,稻种,,,经营类,主营业务,采购支出,710,词库
R6478,支出,摘要或备注,包含,石蜡,,,经营类,主营业务,采购支出,710,词库
R6479,支出,摘要或备注,包含,腊味,,,经营类,主营业务,采购支出,710,词库
R6480,支出,摘要或备注,包含,教科费,,,经营类,主营业务,采购支出,710,词库
R6481,支出,摘要或备注,包含,竹条,,,经营类,主营业务,采购支出,710,词库
R6482,支出,摘要或备注,包含,船款,,,经营类,主营业务,采购支出,710,词库
R6483,支出,摘要或备注,包含,接单费,,,经营类,主营业务,采购支出,710,词库
R6484,支出,摘要或备注,包含,袜子,,,经营类,主营业务,采购支出,710,词库
R6485,支出,摘要或备注,包含,评定费,,,经营类,主营业务,采购支出,710,词库
R6486,支出,摘要或备注,包含,艺品,,,经营类,主营业务,采购支出,710,词库
R6487,支出,摘要或备注,包含,授权费,,,经营类,主营业务,采购支出,710,词库
R6488,支出,摘要或备注,包含,石膏,,,经营类,主营业务,采购支出,710,词库
R6489,支出,摘要或备注,包含,网购,,,经营类,主营业务,采购支出,710,词库
R6490,支出,摘要或备注,包含,麦种,,,经营类,主营业务,采购支出,710,词库
R6491,支出,摘要或备注,包含,托工费,,,经营类,主营业务,采购支出,710,词库
R6492,支出,摘要或备注,包含,球场,,,经营类,主营业务,采购支出,710,词库
R6493,支出,摘要或备注,包含,雷管,,,经营类,主营业务,采购支出,710,词库
R6494,支出,摘要或备注,包含,电放费,,,经营类,主营业务,采购支出,710,词库
R6495,支出,摘要或备注,包含,分析仪,,,经营类,主营业务,采购支出,710,词库
R6496,支出,摘要或备注,包含,二氧化碳,,,经营类,主营业务,采购支出,710,词库
R6497,支出,摘要或备注,包含,心电图,,,经营类,主营业务,采购支出,710,词库
R6498,支出,摘要或备注,包含,光伏款,,,经营类,主营业务,采购支出,710,词库
R6499,支出,摘要或备注,包含,盆栽,,,经营类,主营业务,采购支出,710,词库
R6500,支出,摘要或备注,包含,衔牌,,,经营类,主营业务,采购支出,710,词库
R6501,支出,摘要或备注,包含,记帐款,,,经营类,主营业务,采购支出,710,词库
R6502,支出,摘要或备注,包含,烧腊,,,经营类,主营业务,采购支出,710,词库
R6503,支出,摘要或备注,包含,茶杯,,,经营类,主营业务,采购支出,710,词库
R6504,支出,摘要或备注,包含,托架,,,经营类,主营业务,采购支出,710,词库
R6505,支出,摘要或备注,包含,收单入账,,,经营类,主营业务,采购支出,710,词库
R6506,支出,摘要或备注,包含,入金,,,经营类,主营业务,采购支出,710,词库
R6507,支出,摘要或备注,包含,进账单,,,经营类,主营业务,采购支出,710,词库
R6508,支出,摘要或备注,包含,企医月结,,,经营类,主营业务,采购支出,710,词库
R6509,支出,摘要或备注,包含,城医月结,,,经营类,主营业务,采购支出,710,词库
R6510,支出,摘要或备注,包含,企普月结,,,经营类,主营业务,采购支出,710,词库
R6511,支出,摘要或备注,包含,公医月结,,,经营类,主营业务,采购支出,710,词库
R6512,支出,摘要或备注,包含,公普月结,,,经营类,主营业务,采购支出,710,词库
R6513,支出,摘要或备注,包含,单证业务,,,经营类,主营业务,采购支出,710,词库
R6514,支出,摘要或备注,包含,粉刷费,,,经营类,主营业务,采购支出,710,词库
R6515,支出,摘要或备注,包含,装表费,,,经营类,主营业务,采购支出,710,词库
R6516,支出,摘要或备注,包含,装袋费,,,经营类,主营业务,采购支出,710,词库
R6517,支出,摘要或备注,包含,装具费,,,经营类,主营业务,采购支出,710,词库
R6518,支出,摘要或备注,包含,改建费,,,经营类,主营业务,采购支出,710,词库
R6519,支出,摘要或备注,包含,投放费,,,经营类,主营业务,采购支出,710,词库
R6520,支出,摘要或备注,包含,接线费,,,经营类,主营业务,采购支出,710,词库
R6521,支出,摘要或备注,包含,措施费,,,经营类,主营业务,采购支出,710,词库
R6522,支出,摘要或备注,包含,翻新费,,,经营类,主营业务,采购支出,710,词库
R6523,支出,摘要或备注,包含,冷媒费,,,经营类,主营业务,采购支出,710,词库
R6524,支出,摘要或备注,包含,装置费,,,经营类,主营业务,采购支出,710,词库
R6525,支出,摘要或备注,包含,茶歇,,,经营类,主营业务,采购支出,710,词库
R6526,支出,摘要或备注,包含,条形码,,,经营类,主营业务,采购支出,710,词库
R6527,支出,摘要或备注,包含,耕地费,,,经营类,主营业务,采购支出,710,词库
R6528,支出,摘要或备注,包含,裁切费,,,经营类,主营业务,采购支出,710,词库
R6529,支出,摘要或备注,包含,冰块,,,经营类,主营业务,采购支出,710,词库
R6530,支出,摘要或备注,包含,化喷费,,,经营类,主营业务,采购支出,710,词库
R6531,支出,摘要或备注,包含,修补费,,,经营类,主营业务,采购支出,710,词库
R6532,支出,摘要或备注,包含,出门费,,,经营类,主营业务,采购支出,710,词库
R6533,支出,摘要或备注,包含,拆迁,,,经营类,主营业务,采购支出,710,词库
R6534,支出,摘要或备注,包含,钻头,,,经营类,主营业务,采购支出,710,词库
R6535,支出,摘要或备注,包含,弹簧,,,经营类,主营业务,采购支出,710,词库
R6536,支出,摘要或备注,包含,外修,,,经营类,主营业务,采购支出,710,词库
R6537,支出,摘要或备注,包含,吊费,,,经营类,主营业务,采购支出,710,词库
R6538,支出,摘要或备注,包含,尽调费,,,经营类,主营业务,采购支出,710,词库
R6539,支出,摘要或备注,包含,购烟,,,经营类,主营业务,采购支出,710,词库
R6540,支出,摘要或备注,包含,制品款,,,经营类,主营业务,采购支出,710,词库
R6541,支出,摘要或备注,包含,毛巾,,,经营类,主营业务,采购支出,710,词库
R6542,支出,摘要或备注,包含,冷饮,,,经营类,主营业务,采购支出,710,词库
R6543,支出,摘要或备注,包含,棒冰,,,经营类,主营业务,采购支出,710,词库
R6544,支出,摘要或备注,包含,冰棒,,,经营类,主营业务,采购支出,710,词库
R6545,支出,摘要或备注,包含,粉刷,,,经营类,主营业务,采购支出,710,词库
R6546,支出,摘要或备注,包含,大厢款,,,经营类,主营业务,采购支出,710,词库
R6547,支出,摘要或备注,包含,衬衫,,,经营类,主营业务,采购支出,710,词库
R6548,支出,摘要或备注,包含,商务款,,,经营类,主营业务,采购支出,710,词库
R6549,支出,摘要或备注,包含,高温,,,经营类,主营业务,采购支出,710,词库
R6550,支出,摘要或备注,包含,房补,,,经营类,主营业务,采购支出,710,词库
R6551,支出,摘要或备注,包含,冰洗款,,,经营类,主营业务,采购支出,710,词库
R6552,支出,摘要或备注,包含,火工品,,,经营类,主营业务,采购支出,710,词库
R6553,支出,摘要或备注,包含,气泡袋,,,经营类,主营业务,采购支出,710,词库
R6554,支出,摘要或备注,包含,洗洁精,,,经营类,主营业务,采购支出,710,词库
R6555,支出,摘要或备注,包含,罐头,,,经营类,主营业务,采购支出,710,词库
R6556,支出,摘要或备注,包含,药业收款,,,经营类,主营业务,采购支出,710,词库
R6557,支出,摘要或备注,包含,光源款,,,经营类,主营业务,采购支出,710,词库
R6558,支出,摘要或备注,包含,产品款,,,经营类,主营业务,采购支出,710,词库
R6559,支出,摘要或备注,包含,团票款,,,经营类,主营业务,采购支出,710,词库
R6560,支出,摘要或备注,包含,讲解费,,,经营类,主营业务,采购支出,710,词库
R6561,支出,摘要或备注,包含,药材,,,经营类,主营业务,采购支出,710,词库
R6562,支出,摘要或备注,包含,背包,,,经营类,主营业务,采购支出,710,词库
R6563,支出,摘要或备注,包含,会员,,,经营类,主营业务,采购支出,710,词库
R6564,支出,摘要或备注,包含,灭虫,,,经营类,主营业务,采购支出,710,词库
R6565,支出,摘要或备注,包含,泵头款,,,经营类,主营业务,采购支出,710,词库
R6566,支出,摘要或备注,包含,税服费,,,经营类,主营业务,采购支出,710,词库
R6567,支出,摘要或备注,包含,门头,,,经营类,主营业务,采购支出,710,词库
R6568,支出,摘要或备注,包含,低硫费,,,经营类,主营业务,采购支出,710,词库
R6569,支出,摘要或备注,包含,废料,,,经营类,主营业务,采购支出,710,词库
R6570,支出,摘要或备注,包含,船检费,,,经营类,主营业务,采购支出,710,词库
R6571,支出,摘要或备注,包含,勘探费,,,经营类,主营业务,采购支出,710,词库
R6572,支出,摘要或备注,包含,木片,,,经营类,主营业务,采购支出,710,词库
R6573,支出,摘要或备注,包含,卡尺,,,经营类,主营业务,采购支出,710,词库
R6574,支出,摘要或备注,包含,分成费,,,经营类,主营业务,采购支出,710,词库
R6575,支出,摘要或备注,包含,面单款,,,经营类,主营业务,采购支出,710,词库
R6576,支出,摘要或备注,包含,型材款,,,经营类,主营业务,采购支出,710,词库
R6577,支出,摘要或备注,包含,宣传片,,,经营类,主营业务,采购支出,710,词库
R6578,支出,摘要或备注,包含,报件费,,,经营类,主营业务,采购支出,710,词库
R6579,支出,摘要或备注,包含,耗用品,,,经营类,主营业务,采购支出,710,词库
R6580,支出,摘要或备注,包含,铜件,,,经营类,主营业务,采购支出,710,词库
R6581,支出,摘要或备注,包含,展销,,,经营类,主营业务,采购支出,710,词库
R6582,支出,摘要或备注,包含,绳轮,,,经营类,主营业务,采购支出,710,词库
R6583,支出,摘要或备注,包含,店庆费,,,经营类,主营业务,采购支出,710,词库
R6584,支出,摘要或备注,包含,扫描费,,,经营类,主营业务,采购支出,710,词库
R6585,支出,摘要或备注,包含,工人费,,,经营类,主营业务,采购支出,710,词库
R6586,支出,摘要或备注,包含,人员费,,,经营类,主营业务,采购支出,710,词库
R6587,支出,摘要或备注,包含,中空费,,,经营类,主营业务,采购支出,710,词库
R6588,支出,摘要或备注,包含,演示费,,,经营类,主营业务,采购支出,710,词库
R6589,支出,摘要或备注,包含,公用费,,,经营类,主营业务,采购支出,710,词库
R6590,支出,摘要或备注,包含,清罐,,,经营类,主营业务,采购支出,710,词库
R6591,支出,摘要或备注,包含,冲针,,,经营类,主营业务,采购支出,710,词库
R6592,支出,摘要或备注,包含,法码费,,,经营类,主营业务,采购支出,710,词库
R6593,支出,摘要或备注,包含,返利款,,,经营类,主营业务,采购支出,710,词库
R6594,支出,摘要或备注,包含,封皮费,,,经营类,主营业务,采购支出,710,词库
R6595,支出,摘要或备注,包含,样块,,,经营类,主营业务,采购支出,710,词库
R6596,支出,摘要或备注,包含,单页费,,,经营类,主营业务,采购支出,710,词库
R6597,支出,摘要或备注,包含,中医馆,,,经营类,主营业务,采购支出,710,词库
R6598,支出,摘要或备注,包含,临检费,,,经营类,主营业务,采购支出,710,词库
R6599,支出,摘要或备注,包含,完工款,,,经营类,主营业务,采购支出,710,词库
R6600,支出,摘要或备注,包含,剩料,,,经营类,主营业务,采购支出,710,词库
R6601,支出,摘要或备注,包含,制冷,,,经营类,主营业务,采购支出,710,词库
R6602,支出,摘要或备注,包含,进仓费,,,经营类,主营业务,采购支出,710,词库
R6603,支出,摘要或备注,包含,抄表费,,,经营类,主营业务,采购支出,710,词库
R6604,支出,摘要或备注,包含,滴滴,,,经营类,主营业务,采购支出,710,词库
R6605,支出,摘要或备注,包含,地接费,,,经营类,主营业务,采购支出,710,词库
R6606,支出,摘要或备注,包含,部分款,,,经营类,主营业务,采购支出,710,词库
R6607,支出,摘要或备注,包含,基材款,,,经营类,主营业务,采购支出,710,词库
R6608,支出,摘要或备注,包含,硼酸,,,经营类,主营业务,采购支出,710,词库
R6609,支出,摘要或备注,包含,种苗,,,经营类,主营业务,采购支出,710,词库
R6610,支出,摘要或备注,包含,礼包,,,经营类,主营业务,采购支出,710,词库
R6611,支出,摘要或备注,包含,通渠费,,,经营类,主营业务,采购支出,710,词库
R6612,支出,摘要或备注,包含,宴请,,,经营类,主营业务,采购支出,710,词库
R6613,支出,摘要或备注,包含,调校费,,,经营类,主营业务,采购支出,710,词库
R6614,支出,摘要或备注,包含,超限费,,,经营类,主营业务,采购支出,710,词库
R6615,支出,摘要或备注,包含,尿素,,,经营类,主营业务,采购支出,710,词库
R6616,支出,摘要或备注,包含,奖品,,,经营类,主营业务,采购支出,710,词库
R6617,支出,摘要或备注,包含,中检费,,,经营类,主营业务,采购支出,710,词库
R6618,支出,摘要或备注,包含,资占费,,,经营类,主营业务,采购支出,710,词库
R6619,支出,摘要或备注,包含,勘测,,,经营类,主营业务,采购支出,710,词库
R6620,支出,摘要或备注,包含,延保款,,,经营类,主营业务,采购支出,710,词库
R6621,支出,摘要或备注,包含,鞭炮,,,经营类,主营业务,采购支出,710,词库
R6622,支出,摘要或备注,包含,修布费,,,经营类,主营业务,采购支出,710,词库
R6623,支出,摘要或备注,包含,团建,,,经营类,主营业务,采购支出,710,词库
R6624,支出,摘要或备注,包含,碘款,,,经营类,主营业务,采购支出,710,词库
R6625,支出,摘要或备注,包含,孔枪,,,经营类,主营业务,采购支出,710,词库
R6626,支出,摘要或备注,包含,光伏费,,,经营类,主营业务,采购支出,710,词库
R6627,支出,摘要或备注,包含,跟拍费,,,经营类,主营业务,采购支出,710,词库
R6628,支出,摘要或备注,包含,新品费,,,经营类,主营业务,采购支出,710,词库
R6629,支出,摘要或备注,包含,精碘款,,,经营类,主营业务,采购支出,710,词库
R6630,支出,摘要或备注,包含,数据整合,,,经营类,主营业务,采购支出,710,词库
R6631,支出,摘要或备注,包含,坐便款,,,经营类,主营业务,采购支出,710,词库
R6632,支出,摘要或备注,包含,桶款,,,经营类,主营业务,采购支出,710,词库
R6633,支出,摘要或备注,包含,划线费,,,经营类,主营业务,采购支出,710,词库
R6634,支出,摘要或备注,包含,红茶,,,经营类,主营业务,采购支出,710,词库
R6635,支出,摘要或备注,包含,刊费,,,经营类,主营业务,采购支出,710,词库
R6636,支出,摘要或备注,包含,春联,,,经营类,主营业务,采购支出,710,词库
R6637,支出,摘要或备注,包含,化工费,,,经营类,主营业务,采购支出,710,词库
R6638,支出,摘要或备注,包含,全站仪,,,经营类,主营业务,采购支出,710,词库
R6639,支出,摘要或备注,包含,地垫款,,,经营类,主营业务,采购支出,710,词库
R6640,支出,摘要或备注,包含,用品费,,,经营类,主营业务,采购支出,710,词库
R6641,支出,摘要或备注,包含,诊所,,,经营类,主营业务,采购支出,710,词库
R6642,支出,摘要或备注,包含,汤圆,,,经营类,主营业务,采购支出,710,词库
R6643,支出,摘要或备注,包含,检校费,,,经营类,主营业务,采购支出,710,词库
R6644,支出,摘要或备注,包含,施救,,,经营类,主营业务,采购支出,710,词库
R6645,支出,摘要或备注,包含,临时牌,,,经营类,主营业务,采购支出,710,词库
R6646,支出,摘要或备注,包含,滞港费,,,经营类,主营业务,采购支出,710,词库
R6647,支出,摘要或备注,包含,寸屏款,,,经营类,主营业务,采购支出,710,词库
R6648,支出,摘要或备注,包含,预售款,,,经营类,主营业务,采购支出,710,词库
R6649,支出,摘要或备注,包含,碘片,,,经营类,主营业务,采购支出,710,词库
R6650,支出,摘要或备注,包含,电榄,,,经营类,主营业务,采购支出,710,词库
R6651,支出,摘要或备注,包含,邀请函,,,经营类,主营业务,采购支出,710,词库
R6652,支出,摘要或备注,包含,广促费,,,经营类,主营业务,采购支出,710,词库
R6653,支出,摘要或备注,包含,代垫费,,,经营类,主营业务,采购支出,710,词库
R6654,支出,摘要或备注,包含,打包费,,,经营类,主营业务,采购支出,710,词库
R6655,支出,摘要或备注,包含,储存,,,经营类,主营业务,采购支出,710,词库
R6656,支出,摘要或备注,包含,阻容款,,,经营类,主营业务,采购支出,710,词库
R6657,支出,摘要或备注,包含,展览,,,经营类,主营业务,采购支出,710,词库
R6658,支出,摘要或备注,包含,整备费,,,经营类,主营业务,采购支出,710,词库
R6659,支出,摘要或备注,包含,种子,,,经营类,主营业务,采购支出,710,词库
R6660,支出,摘要或备注,包含,演员费,,,经营类,主营业务,采购支出,710,词库
R6661,支出,摘要或备注,包含,猫眼款,,,经营类,主营业务,采购支出,710,词库
R6662,支出,摘要或备注,包含,意外险,,,经营类,主营业务,采购支出,710,词库
R6663,支出,摘要或备注,包含,特产,,,经营类,主营业务,采购支出,710,词库
R6664,支出,摘要或备注,包含,水票,,,经营类,主营业务,采购支出,710,词库
R6665,支出,摘要或备注,包含,芝麻款,,,经营类,主营业务,采购支出,710,词库
R6666,支出,摘要或备注,包含,锚具,,,经营类,主营业务,采购支出,710,词库
R6667,支出,摘要或备注,包含,拉皮费,,,经营类,主营业务,采购支出,710,词库
R6668,支出,摘要或备注,包含,答辩费,,,经营类,主营业务,采购支出,710,词库
R6669,支出,摘要或备注,包含,陈酿,,,经营类,主营业务,采购支出,710,词库
R6670,支出,摘要或备注,包含,苏务费,,,经营类,主营业务,采购支出,710,词库
R6671,支出,摘要或备注,包含,预评费,,,经营类,主营业务,采购支出,710,词库
R6672,支出,摘要或备注,包含,解算费,,,经营类,主营业务,采购支出,710,词库
R6673,支出,摘要或备注,包含,搪瓷款,,,经营类,主营业务,采购支出,710,词库
R6674,支出,摘要或备注,包含,经营费,,,经营类,主营业务,采购支出,710,词库
R6675,支出,摘要或备注,包含,购销款,,,经营类,主营业务,采购支出,710,词库
R6676,支出,摘要或备注,包含,入驻费,,,经营类,主营业务,采购支出,710,词库
R6677,支出,摘要或备注,包含,门店收款,,,经营类,主营业务,采购支出,710,词库
R6678,支出,摘要或备注,包含,铁塔款,,,经营类,主营业务,采购支出,710,词库
R6679,支出,摘要或备注,包含,锅圈,,,经营类,主营业务,采购支出,710,词库
R6680,支出,摘要或备注,包含,娱乐,,,经营类,主营业务,采购支出,710,词库
R6681,支出,摘要或备注,包含,异色粒,,,经营类,主营业务,采购支出,710,词库
R6682,支出,摘要或备注,包含,底炉,,,经营类,主营业务,采购支出,710,词库
R6683,支出,摘要或备注,包含,帐篷,,,经营类,主营业务,采购支出,710,词库
R6684,支出,摘要或备注,包含,猪蹄子,,,经营类,主营业务,采购支出,710,词库
R6685,支出,摘要或备注,包含,桌,,,经营类,主营业务,采购支出,710,词库
R6686,支出,摘要或备注,包含,屏蔽罩,,,经营类,主营业务,采购支出,710,词库
R6687,支出,摘要或备注,包含,数据线,,,经营类,主营业务,采购支出,710,词库
R6688,支出,摘要或备注,包含,喷绘,,,经营类,主营业务,采购支出,710,词库
R6689,支出,摘要或备注,包含,灶具,,,经营类,主营业务,采购支出,710,词库
R6690,支出,摘要或备注,包含,电具,,,经营类,主营业务,采购支出,710,词库
R6691,支出,摘要或备注,包含,电阻,,,经营类,主营业务,采购支出,710,词库
R6692,支出,摘要或备注,包含,电容,,,经营类,主营业务,采购支出,710,词库
R6693,支出,摘要或备注,包含,标牌,,,经营类,主营业务,采购支出,710,词库
R6694,支出,摘要或备注,包含,电筒,,,经营类,主营业务,采购支出,710,词库
R6695,支出,摘要或备注,包含,扫描头,,,经营类,主营业务,采购支出,710,词库
R6696,支出,摘要或备注,包含,扫描,,,经营类,主营业务,采购支出,710,词库
R6697,支出,摘要或备注,包含,触摸屏,,,经营类,主营业务,采购支出,710,词库
R6698,支出,摘要或备注,包含,标准物质,,,经营类,主营业务,采购支出,710,词库
R6699,支出,摘要或备注,包含,购茶,,,经营类,主营业务,采购支出,710,词库
R6700,支出,摘要或备注,包含,调试,,,经营类,主营业务,采购支出,710,词库
R6701,支出,摘要或备注,包含,壳件,,,经营类,主营业务,采购支出,710,词库
R6702,支出,摘要或备注,包含,顶针,,,经营类,主营业务,采购支出,710,词库
R6703,支出,摘要或备注,包含,茶款,,,经营类,主营业务,采购支出,710,词库
R6704,支出,摘要或备注,包含,茶费,,,经营类,主营业务,采购支出,710,词库
R6705,支出,摘要或备注,包含,水稻,,,经营类,主营业务,采购支出,710,词库
R6706,支出,摘要或备注,包含,寸片,,,经营类,主营业务,采购支出,710,词库
R6707,支出,摘要或备注,包含,电场变频,,,经营类,主营业务,采购支出,710,词库
R6708,支出,摘要或备注,包含,药用,,,经营类,主营业务,采购支出,710,词库
R6709,支出,摘要或备注,包含,营业,,,经营类,主营业务,采购支出,710,词库
R6710,支出,摘要或备注,包含,防火,,,经营类,主营业务,采购支出,710,词库
R6711,支出,摘要或备注,包含,防盗,,,经营类,主营业务,采购支出,710,词库
R6712,支出,摘要或备注,包含,保暖,,,经营类,主营业务,采购支出,710,词库
R6713,支出,摘要或备注,包含,行政,,,经营类,主营业务,采购支出,710,词库
R6714,支出,摘要或备注,包含,补漏,,,经营类,主营业务,采购支出,710,词库
R6715,支出,摘要或备注,包含,屠宰,,,经营类,主营业务,采购支出,710,词库
R6716,支出,摘要或备注,包含,画费,,,经营类,主营业务,采购支出,710,词库
R6717,支出,摘要或备注,包含,出库,,,经营类,主营业务,采购支出,710,词库
R6718,支出,摘要或备注,包含,数据费,,,经营类,主营业务,采购支出,710,词库
R6719,支出,摘要或备注,包含,电管,,,经营类,主营业务,采购支出,710,词库
R6720,支出,摘要或备注,包含,桶装,,,经营类,主营业务,采购支出,710,词库
R6721,支出,摘要或备注,包含,税单交换,,,经营类,主营业务,采购支出,710,词库
R6722,支出,摘要或备注,包含,商票交换,,,经营类,主营业务,采购支出,710,词库
R6723,支出,摘要或备注,包含,银票交换,,,经营类,主营业务,采购支出,710,词库
R6724,支出,摘要或备注,包含,贷记交换,,,经营类,主营业务,采购支出,710,词库
R6725,支出,摘要或备注,包含,银联商户贷记,,,经营类,主营业务,采购支出,710,词库
R6726,支出,摘要或备注,包含,银联贷记,,,经营类,主营业务,采购支出,710,词库
R6727,支出,摘要或备注,包含,苏宁易购,,,经营类,主营业务,采购支出,710,词库
R6728,支出,摘要或备注,包含,饿了么,,,经营类,主营业务,采购支出,710,词库
R6729,支出,摘要或备注,包含,饭票,,,经营类,主营业务,采购支出,710,词库
R6730,支出,摘要或备注,包含,工业萘,,,经营类,主营业务,采购支出,710,词库
R6731,支出,摘要或备注,包含,店日销,,,经营类,主营业务,采购支出,710,词库
R6732,支出,摘要或备注,包含,用品,,,经营类,主营业务,采购支出,710,词库
R6733,支出,摘要或备注,包含,美食,,,经营类,主营业务,采购支出,710,词库
R6734,支出,摘要或备注,包含,大货,,,经营类,主营业务,采购支出,710,词库
R6735,支出,摘要或备注,包含,二甘醇,,,经营类,主营业务,采购支出,710,词库
R6736,支出,摘要或备注,包含,水暖费,,,经营类,主营业务,采购支出,710,词库
R6737,支出,摘要或备注,包含,儿童,,,经营类,主营业务,采购支出,710,词库
R6738,支出,摘要或备注,包含,中国移动,,,经营类,主营业务,采购支出,710,词库
R6739,支出,摘要或备注,包含,焖锅,,,经营类,主营业务,采购支出,710,词库
R6740,支出,摘要或备注,包含,万达,,,经营类,主营业务,采购支出,710,词库
R6741,支出,摘要或备注,包含,高露洁,,,经营类,主营业务,采购支出,710,词库
R6742,支出,摘要或备注,包含,大桶水,,,经营类,主营业务,采购支出,710,词库
R6743,支出,摘要或备注,包含,童装,,,经营类,主营业务,采购支出,710,词库
R6744,支出,摘要或备注,包含,营业额,,,经营类,主营业务,采购支出,710,词库
R6745,支出,摘要或备注,包含,牙刷,,,经营类,主营业务,采购支出,710,词库
R6746,支出,摘要或备注,包含,后勤,,,经营类,主营业务,采购支出,710,词库
R6747,支出,摘要或备注,包含,奖励金,,,经营类,主营业务,采购支出,710,词库
R6748,支出,摘要或备注,包含,打井费,,,经营类,主营业务,采购支出,710,词库
R6749,支出,摘要或备注,包含,产品,,,经营类,主营业务,采购支出,710,词库
R6750,支出,摘要或备注,包含,打结刀,,,经营类,主营业务,采购支出,710,词库
R6751,支出,摘要或备注,包含,固定片,,,经营类,主营业务,采购支出,710,词库
R6752,支出,摘要或备注,包含,外服费,,,经营类,主营业务,采购支出,710,词库
R6753,支出,摘要或备注,包含,红土款,,,经营类,主营业务,采购支出,710,词库
R6754,支出,摘要或备注,包含,基地保温,,,经营类,主营业务,采购支出,710,词库
R6755,支出,摘要或备注,包含,更名费,,,经营类,主营业务,采购支出,710,词库
R6756,支出,摘要或备注,包含,供应商结款,,,经营类,主营业务,采购支出,710,词库
R6757,支出,摘要或备注,包含,承销费,,,经营类,主营业务,采购支出,710,词库
R6758,支出,摘要或备注,包含,测色仪,,,经营类,主营业务,采购支出,710,词库
R6759,支出,摘要或备注,包含,购气,,,经营类,主营业务,采购支出,710,词库
R6760,支出,摘要或备注,包含,进店费,,,经营类,主营业务,采购支出,710,词库
R6761,支出,摘要或备注,包含,资材费,,,经营类,主营业务,采购支出,710,词库
R6762,支出,摘要或备注,包含,干洗,,,经营类,主营业务,采购支出,710,词库
R6763,支出,摘要或备注,包含,带宽费,,,经营类,主营业务,采购支出,710,词库
R6764,支出,摘要或备注,包含,年稿费,,,经营类,主营业务,采购支出,710,词库
R6765,支出,摘要或备注,包含,扎丝款,,,经营类,主营业务,采购支出,710,词库
R6766,支出,摘要或备注,包含,细纱管,,,经营类,主营业务,采购支出,710,词库
R6767,支出,摘要或备注,包含,展款,,,经营类,主营业务,采购支出,710,词库
R6768,支出,摘要或备注,包含,劈刀,,,经营类,主营业务,采购支出,710,词库
R6769,支出,摘要或备注,包含,吸嘴,,,经营类,主营业务,采购支出,710,词库
R6770,支出,摘要或备注,包含,球阀费,,,经营类,主营业务,采购支出,710,词库
R6771,支出,摘要或备注,包含,异丙醇胺,,,经营类,主营业务,采购支出,710,词库
R6772,支出,摘要或备注,包含,化工品,,,经营类,主营业务,采购支出,710,词库
R6773,支出,摘要或备注,包含,琴,,,经营类,主营业务,采购支出,710,词库
R6774,支出,摘要或备注,包含,挂图费,,,经营类,主营业务,采购支出,710,词库
R6775,支出,摘要或备注,包含,温度计,,,经营类,主营业务,采购支出,710,词库
R6776,支出,摘要或备注,包含,电磁阀,,,经营类,主营业务,采购支出,710,词库
R6777,支出,摘要或备注,包含,氨氮,,,经营类,主营业务,采购支出,710,词库
R6778,支出,摘要或备注,包含,买单,,,经营类,主营业务,采购支出,710,词库
R6779,支出,摘要或备注,包含,罩棚,,,经营类,主营业务,采购支出,710,词库
R6780,支出,摘要或备注,包含,点工费,,,经营类,主营业务,采购支出,710,词库
R6781,支出,摘要或备注,包含,工作台,,,经营类,主营业务,采购支出,710,词库
R6782,支出,摘要或备注,包含,开户费,,,经营类,主营业务,采购支出,710,词库
R6783,支出,摘要或备注,包含,兼职费,,,经营类,主营业务,采购支出,710,词库
R6784,支出,摘要或备注,包含,苏打水,,,经营类,主营业务,采购支出,710,词库
R6785,支出,摘要或备注,包含,网格圈,,,经营类,主营业务,采购支出,710,词库
R6786,支出,摘要或备注,包含,厨余费,,,经营类,主营业务,采购支出,710,词库
R6787,支出,摘要或备注,包含,噪音,,,经营类,主营业务,采购支出,710,词库
R6788,支出,摘要或备注,包含,焊带,,,经营类,主营业务,采购支出,710,词库
R6789,支出,摘要或备注,包含,插画,,,经营类,主营业务,采购支出,710,词库
R6790,支出,摘要或备注,包含,聚醚多元醇,,,经营类,主营业务,采购支出,710,词库
R6791,支出,摘要或备注,包含,贴片费,,,经营类,主营业务,采购支出,710,词库
R6792,支出,摘要或备注,包含,购膜,,,经营类,主营业务,采购支出,710,词库
R6793,支出,摘要或备注,包含,财务交款,,,经营类,主营业务,采购支出,710,词库
R6794,支出,摘要或备注,包含,劈款,,,经营类,主营业务,采购支出,710,词库
R6795,支出,摘要或备注,包含,扎带,,,经营类,主营业务,采购支出,710,词库
R6796,支出,摘要或备注,包含,诊疗费,,,经营类,主营业务,采购支出,710,词库
R6797,支出,摘要或备注,包含,席位费,,,经营类,主营业务,采购支出,710,词库
R6798,支出,摘要或备注,包含,砂带,,,经营类,主营业务,采购支出,710,词库
R6799,支出,摘要或备注,包含,办登费,,,经营类,主营业务,采购支出,710,词库
R6800,支出,摘要或备注,包含,外套,,,经营类,主营业务,采购支出,710,词库
R6801,支出,摘要或备注,包含,土建费,,,经营类,主营业务,采购支出,710,词库
R6802,支出,摘要或备注,包含,外部拉新,,,经营类,主营业务,采购支出,710,词库
R6803,支出,摘要或备注,包含,安全费,,,经营类,主营业务,采购支出,710,词库
R6804,支出,摘要或备注,包含,反光片,,,经营类,主营业务,采购支出,710,词库
R6805,支出,摘要或备注,包含,饲养费,,,经营类,主营业务,采购支出,710,词库
R6806,支出,摘要或备注,包含,围档,,,经营类,主营业务,采购支出,710,词库
R6807,支出,摘要或备注,包含,著作费,,,经营类,主营业务,采购支出,710,词库
R6808,支出,摘要或备注,包含,牙膏,,,经营类,主营业务,采购支出,710,词库
R6809,支出,摘要或备注,包含,冷柜,,,经营类,主营业务,采购支出,710,词库
R6810,支出,摘要或备注,包含,租摆费,,,经营类,主营业务,采购支出,710,词库
R6811,支出,摘要或备注,包含,冷链费,,,经营类,主营业务,采购支出,710,词库
R6812,支出,摘要或备注,包含,客服费,,,经营类,主营业务,采购支出,710,词库
R6813,支出,摘要或备注,包含,装裱费,,,经营类,主营业务,采购支出,710,词库
R6814,支出,摘要或备注,包含,开发款,,,经营类,主营业务,采购支出,710,词库
R6815,支出,摘要或备注,包含,砂轮,,,经营类,主营业务,采购支出,710,词库
R6816,支出,摘要或备注,包含,茶壶,,,经营类,主营业务,采购支出,710,词库
R6817,支出,摘要或备注,包含,耐腐蚀泵,,,经营类,主营业务,采购支出,710,词库
R6818,支出,摘要或备注,包含,购热力,,,经营类,主营业务,采购支出,710,词库
R6819,支出,摘要或备注,包含,熟食,,,经营类,主营业务,采购支出,710,词库
R6820,支出,摘要或备注,包含,树酯,,,经营类,主营业务,采购支出,710,词库
R6821,支出,摘要或备注,包含,买膜,,,经营类,主营业务,采购支出,710,词库
R6822,支出,摘要或备注,包含,螺母,,,经营类,主营业务,采购支出,710,词库
R6823,支出,摘要或备注,包含,犬粮,,,经营类,主营业务,采购支出,710,词库
R6824,支出,摘要或备注,包含,云梯,,,经营类,主营业务,采购支出,710,词库
R6825,支出,摘要或备注,包含,报备费,,,经营类,主营业务,采购支出,710,词库
R6826,支出,摘要或备注,包含,聚酰胺,,,经营类,主营业务,采购支出,710,词库
R6827,支出,摘要或备注,包含,审验费,,,经营类,主营业务,采购支出,710,词库
R6828,支出,摘要或备注,包含,证件,,,经营类,主营业务,采购支出,710,词库
R6829,支出,摘要或备注,包含,课堂费,,,经营类,主营业务,采购支出,710,词库
R6830,支出,摘要或备注,包含,螺柱扣件,,,经营类,主营业务,采购支出,710,词库
R6831,支出,摘要或备注,包含,针布,,,经营类,主营业务,采购支出,710,词库
R6832,支出,摘要或备注,包含,购券款,,,经营类,主营业务,采购支出,710,词库
R6833,支出,摘要或备注,包含,空间费,,,经营类,主营业务,采购支出,710,词库
R6834,支出,摘要或备注,包含,乳化款,,,经营类,主营业务,采购支出,710,词库
R6835,支出,摘要或备注,包含,光幕,,,经营类,主营业务,采购支出,710,词库
R6836,支出,摘要或备注,包含,保温炉,,,经营类,主营业务,采购支出,710,词库
R6837,支出,摘要或备注,包含,报废处置,,,经营类,主营业务,采购支出,710,词库
R6838,支出,摘要或备注,包含,叉子,,,经营类,主营业务,采购支出,710,词库
R6839,支出,摘要或备注,包含,售后费,,,经营类,主营业务,采购支出,710,词库
R6840,支出,摘要或备注,包含,护肤品,,,经营类,主营业务,采购支出,710,词库
R6841,支出,摘要或备注,包含,打字费,,,经营类,主营业务,采购支出,710,词库
R6842,支出,摘要或备注,包含,闪送,,,经营类,主营业务,采购支出,710,词库
R6843,支出,摘要或备注,包含,芝士款,,,经营类,主营业务,采购支出,710,词库
R6844,支出,摘要或备注,包含,实验款,,,经营类,主营业务,采购支出,710,词库
R6845,支出,摘要或备注,包含,课题费,,,经营类,主营业务,采购支出,710,词库
R6846,支出,摘要或备注,包含,勘探钻井,,,经营类,主营业务,采购支出,710,词库
R6847,支出,摘要或备注,包含,碳块,,,经营类,主营业务,采购支出,710,词库
R6848,支出,摘要或备注,包含,软著费,,,经营类,主营业务,采购支出,710,词库
R6849,支出,摘要或备注,包含,标贴费,,,经营类,主营业务,采购支出,710,词库
R6850,支出,摘要或备注,包含,螃蟹,,,经营类,主营业务,采购支出,710,词库
R6851,支出,摘要或备注,包含,保关费,,,经营类,主营业务,采购支出,710,词库
R6852,支出,摘要或备注,包含,保健品,,,经营类,主营业务,采购支出,710,词库
R6853,支出,摘要或备注,包含,到期帐款,,,经营类,主营业务,采购支出,710,词库
R6854,支出,摘要或备注,包含,钢坯,,,经营类,主营业务,采购支出,710,词库
R6855,支出,摘要或备注,包含,匠工场,,,经营类,主营业务,采购支出,710,词库
R6856,支出,摘要或备注,包含,图审费,,,经营类,主营业务,采购支出,710,词库
R6857,支出,摘要或备注,包含,二硫化碳,,,经营类,主营业务,采购支出,710,词库
R6858,支出,摘要或备注,包含,吊锭,,,经营类,主营业务,采购支出,710,词库
R6859,支出,摘要或备注,包含,苯酐,,,经营类,主营业务,采购支出,710,词库
R6860,支出,摘要或备注,包含,百叶帘,,,经营类,主营业务,采购支出,710,词库
R6861,支出,摘要或备注,包含,隔离网,,,经营类,主营业务,采购支出,710,词库
R6862,支出,摘要或备注,包含,滋补品,,,经营类,主营业务,采购支出,710,词库
R6863,支出,摘要或备注,包含,出库费,,,经营类,主营业务,采购支出,710,词库
R6864,支出,摘要或备注,包含,认购费,,,经营类,主营业务,采购支出,710,词库
R6865,支出,摘要或备注,包含,杨木,,,经营类,主营业务,采购支出,710,词库
R6866,支出,摘要或备注,包含,复评费,,,经营类,主营业务,采购支出,710,词库
R6867,支出,摘要或备注,包含,芝士,,,经营类,主营业务,采购支出,710,词库
R6868,支出,摘要或备注,包含,桩基款,,,经营类,主营业务,采购支出,710,词库
R6869,支出,摘要或备注,包含,用能费,,,经营类,主营业务,采购支出,710,词库
R6870,支出,摘要或备注,包含,除草剂,,,经营类,主营业务,采购支出,710,词库
R6871,支出,摘要或备注,包含,摄制费,,,经营类,主营业务,采购支出,710,词库
R6872,支出,摘要或备注,包含,厕所,,,经营类,主营业务,采购支出,710,词库
R6873,支出,摘要或备注,包含,抱箍,,,经营类,主营业务,采购支出,710,词库
R6874,支出,摘要或备注,包含,检具款,,,经营类,主营业务,采购支出,710,词库
R6875,支出,摘要或备注,包含,预订费,,,经营类,主营业务,采购支出,710,词库
R6876,支出,摘要或备注,包含,印名片,,,经营类,主营业务,采购支出,710,词库
R6877,支出,摘要或备注,包含,氟利昂,,,经营类,主营业务,采购支出,710,词库
R6878,支出,摘要或备注,包含,买漆,,,经营类,主营业务,采购支出,710,词库
R6879,支出,摘要或备注,包含,原煤,,,经营类,主营业务,采购支出,710,词库
R6880,支出,摘要或备注,包含,冲孔网,,,经营类,主营业务,采购支出,710,词库
R6881,支出,摘要或备注,包含,直播款,,,经营类,主营业务,采购支出,710,词库
R6882,支出,摘要或备注,包含,速记费,,,经营类,主营业务,采购支出,710,词库
R6883,支出,摘要或备注,包含,香烟,,,经营类,主营业务,采购支出,710,词库
R6884,支出,摘要或备注,包含,促销品,,,经营类,主营业务,采购支出,710,词库
R6885,支出,摘要或备注,包含,破碎分拣,,,经营类,主营业务,采购支出,710,词库
R6886,支出,摘要或备注,包含,氟化铝,,,经营类,主营业务,采购支出,710,词库
R6887,支出,摘要或备注,包含,小工,,,经营类,主营业务,采购支出,710,词库
R6888,支出,摘要或备注,包含,翻修,,,经营类,主营业务,采购支出,710,词库
R6889,支出,摘要或备注,包含,付供应商,,,经营类,主营业务,采购支出,710,词库
R6890,支出,摘要或备注,包含,汽费,,,经营类,主营业务,采购支出,710,词库
R6891,支出,摘要或备注,包含,查体费,,,经营类,主营业务,采购支出,710,词库
R6892,支出,摘要或备注,包含,接口调用,,,经营类,主营业务,采购支出,710,词库
R6893,支出,摘要或备注,包含,软门帘,,,经营类,主营业务,采购支出,710,词库
R6894,支出,摘要或备注,包含,插芯款,,,经营类,主营业务,采购支出,710,词库
R6895,支出,摘要或备注,包含,打的,,,经营类,主营业务,采购支出,710,词库
R6896,支出,摘要或备注,包含,石灰,,,经营类,主营业务,采购支出,710,词库
R6897,支出,摘要或备注,包含,司庆费,,,经营类,主营业务,采购支出,710,词库
R6898,支出,摘要或备注,包含,购塔香,,,经营类,主营业务,采购支出,710,词库
R6899,支出,摘要或备注,包含,警犬,,,经营类,主营业务,采购支出,710,词库
R6900,支出,摘要或备注,包含,喷费,,,经营类,主营业务,采购支出,710,词库
R6901,支出,摘要或备注,包含,遮阴网,,,经营类,主营业务,采购支出,710,词库
R6902,支出,摘要或备注,包含,硬脂酸,,,经营类,主营业务,采购支出,710,词库
R6903,支出,摘要或备注,包含,稿费杂工,,,经营类,主营业务,采购支出,710,词库
R6904,支出,摘要或备注,包含,购管,,,经营类,主营业务,采购支出,710,词库
R6905,支出,摘要或备注,包含,闸蟹,,,经营类,主营业务,采购支出,710,词库
R6906,支出,摘要或备注,包含,监测仪,,,经营类,主营业务,采购支出,710,词库
R6907,支出,摘要或备注,包含,下料,,,经营类,主营业务,采购支出,710,词库
R6908,支出,摘要或备注,包含,煤碳,,,经营类,主营业务,采购支出,710,词库
R6909,支出,摘要或备注,包含,聚醚,,,经营类,主营业务,采购支出,710,词库
R6910,支出,摘要或备注,包含,供应款,,,经营类,主营业务,采购支出,710,词库
R6911,支出,摘要或备注,包含,修漆费,,,经营类,主营业务,采购支出,710,词库
R6912,支出,摘要或备注,包含,外包客服,,,经营类,主营业务,采购支出,710,词库
R6913,支出,摘要或备注,包含,主食,,,经营类,主营业务,采购支出,710,词库
R6914,支出,摘要或备注,包含,样件费,,,经营类,主营业务,采购支出,710,词库
R6915,支出,摘要或备注,包含,诊查费,,,经营类,主营业务,采购支出,710,词库
R6916,支出,摘要或备注,包含,儿童款,,,经营类,主营业务,采购支出,710,词库
R6917,支出,摘要或备注,包含,燃汽费,,,经营类,主营业务,采购支出,710,词库
R6918,支出,摘要或备注,包含,敷贴,,,经营类,主营业务,采购支出,710,词库
R6919,支出,摘要或备注,包含,讲师费,,,经营类,主营业务,采购支出,710,词库
R6920,支出,摘要或备注,包含,御寒费,,,经营类,主营业务,采购支出,710,词库
R6921,支出,摘要或备注,包含,搅拌站,,,经营类,主营业务,采购支出,710,词库
R6922,支出,摘要或备注,包含,维养费,,,经营类,主营业务,采购支出,710,词库
R6923,支出,摘要或备注,包含,实拍费,,,经营类,主营业务,采购支出,710,词库
R6924,支出,摘要或备注,包含,加氨费,,,经营类,主营业务,采购支出,710,词库
R6925,支出,摘要或备注,包含,联通费,,,经营类,主营业务,采购支出,710,词库
R6926,支出,摘要或备注,包含,土工格栅,,,经营类,主营业务,采购支出,710,词库
R6927,支出,摘要或备注,包含,家用款,,,经营类,主营业务,采购支出,710,词库
R6928,支出,摘要或备注,包含,下单款,,,经营类,主营业务,采购支出,710,词库
R6929,支出,摘要或备注,包含,赠品款,,,经营类,主营业务,采购支出,710,词库
R6930,支出,摘要或备注,包含,包裹,,,经营类,主营业务,采购支出,710,词库
R6931,支出,摘要或备注,包含,邮政电讯,,,经营类,主营业务,采购支出,710,词库
R6932,支出,摘要或备注,包含,名片,,,经营类,主营业务,采购支出,710,词库
R6933,支出,摘要或备注,包含,航空费,,,经营类,主营业务,采购支出,710,词库
R6934,支出,摘要或备注,包含,代垫款,,,经营类,主营业务,采购支出,710,词库
R6935,支出,摘要或备注,包含,挖掘费,,,经营类,主营业务,采购支出,710,词库
R6936,支出,摘要或备注,包含,投票费,,,经营类,主营业务,采购支出,710,词库
R6937,支出,摘要或备注,包含,摇架,,,经营类,主营业务,采购支出,710,词库
R6938,支出,摘要或备注,包含,湿巾,,,经营类,主营业务,采购支出,710,词库
R6939,支出,摘要或备注,包含,封装费,,,经营类,主营业务,采购支出,710,词库
R6940,支出,摘要或备注,包含,稿费,,,经营类,主营业务,采购支出,710,词库
R6941,支出,摘要或备注,包含,标志牌,,,经营类,主营业务,采购支出,710,词库
R6942,支出,摘要或备注,包含,脐橙,,,经营类,主营业务,采购支出,710,词库
R6943,支出,摘要或备注,包含,日常开支,,,经营类,主营业务,采购支出,710,词库
R6944,支出,摘要或备注,包含,照明,,,经营类,主营业务,采购支出,710,词库
R6945,支出,摘要或备注,包含,硬质酸锌,,,经营类,主营业务,采购支出,710,词库
R6946,支出,摘要或备注,包含,磁通计,,,经营类,主营业务,采购支出,710,词库
R6947,支出,摘要或备注,包含,党员费,,,经营类,主营业务,采购支出,710,词库
R6948,支出,摘要或备注,包含,檩条,,,经营类,主营业务,采购支出,710,词库
R6949,支出,摘要或备注,包含,熔纤费,,,经营类,主营业务,采购支出,710,词库
R6950,支出,摘要或备注,包含,喷头,,,经营类,主营业务,采购支出,710,词库
R6951,支出,摘要或备注,包含,代驾费,,,经营类,主营业务,采购支出,710,词库
R6952,支出,摘要或备注,包含,湿喷款,,,经营类,主营业务,采购支出,710,词库
R6953,支出,摘要或备注,包含,环保用款,,,经营类,主营业务,采购支出,710,词库
R6954,支出,摘要或备注,包含,开发对接,,,经营类,主营业务,采购支出,710,词库
R6955,支出,摘要或备注,包含,弃土费,,,经营类,主营业务,采购支出,710,词库
R6956,支出,摘要或备注,包含,盖土网,,,经营类,主营业务,采购支出,710,词库
R6957,支出,摘要或备注,包含,短视频,,,经营类,主营业务,采购支出,710,词库
R6958,支出,摘要或备注,包含,窗款,,,经营类,主营业务,采购支出,710,词库
R6959,支出,摘要或备注,包含,海蜇,,,经营类,主营业务,采购支出,710,词库
R6960,支出,摘要或备注,包含,签约费,,,经营类,主营业务,采购支出,710,词库
R6961,支出,摘要或备注,包含,水产,,,经营类,主营业务,采购支出,710,词库
R6962,支出,摘要或备注,包含,采集终端,,,经营类,主营业务,采购支出,710,词库
R6963,支出,摘要或备注,包含,竹篮,,,经营类,主营业务,采购支出,710,词库
R6964,支出,摘要或备注,包含,进修款,,,经营类,主营业务,采购支出,710,词库
R6965,支出,摘要或备注,包含,工地用款,,,经营类,主营业务,采购支出,710,词库
R6966,支出,摘要或备注,包含,润滑脂,,,经营类,主营业务,采购支出,710,词库
R6967,支出,摘要或备注,包含,量具,,,经营类,主营业务,采购支出,710,词库
R6968,支出,摘要或备注,包含,剪辑,,,经营类,主营业务,采购支出,710,词库
R6969,支出,摘要或备注,包含,打桩费,,,经营类,主营业务,采购支出,710,词库
R6970,支出,摘要或备注,包含,包舱款,,,经营类,主营业务,采购支出,710,词库
R6971,支出,摘要或备注,包含,粉尘仪,,,经营类,主营业务,采购支出,710,词库
R6972,支出,摘要或备注,包含,购袋,,,经营类,主营业务,采购支出,710,词库
R6973,支出,摘要或备注,包含,招特费,,,经营类,主营业务,采购支出,710,词库
R6974,支出,摘要或备注,包含,出席费,,,经营类,主营业务,采购支出,710,词库
R6975,支出,摘要或备注,包含,铝塑袋,,,经营类,主营业务,采购支出,710,词库
R6976,支出,摘要或备注,包含,竹针,,,经营类,主营业务,采购支出,710,词库
R6977,支出,摘要或备注,包含,营地费,,,经营类,主营业务,采购支出,710,词库
R6978,支出,摘要或备注,包含,熔化炉,,,经营类,主营业务,采购支出,710,词库
R6979,支出,摘要或备注,包含,记录仪,,,经营类,主营业务,采购支出,710,词库
R6980,支出,摘要或备注,包含,下午茶,,,经营类,主营业务,采购支出,710,词库
R6981,支出,摘要或备注,包含,原木,,,经营类,主营业务,采购支出,710,词库
R6982,支出,摘要或备注,包含,抗阻燃,,,经营类,主营业务,采购支出,710,词库
R6983,支出,摘要或备注,包含,三乙醇胺,,,经营类,主营业务,采购支出,710,词库
R6984,支出,摘要或备注,包含,订票款,,,经营类,主营业务,采购支出,710,词库
R6985,支出,摘要或备注,包含,商铺,,,经营类,主营业务,采购支出,710,词库
R6986,支出,摘要或备注,包含,脱模剂,,,经营类,主营业务,采购支出,710,词库
R6987,支出,摘要或备注,包含,水准仪,,,经营类,主营业务,采购支出,710,词库
R6988,支出,摘要或备注,包含,遮阳网,,,经营类,主营业务,采购支出,710,词库
R6989,支出,摘要或备注,包含,报澥款,,,经营类,主营业务,采购支出,710,词库
R6990,支出,摘要或备注,包含,行服款,,,经营类,主营业务,采购支出,710,词库
R6991,支出,摘要或备注,包含,开锁,,,经营类,主营业务,采购支出,710,词库
R6992,支出,摘要或备注,包含,工位费,,,经营类,主营业务,采购支出,710,词库
R6993,支出,摘要或备注,包含,公共耗能,,,经营类,主营业务,采购支出,710,词库
R6994,支出,摘要或备注,包含,脱硝,,,经营类,主营业务,采购支出,710,词库
R6995,支出,摘要或备注,包含,刊款,,,经营类,主营业务,采购支出,710,词库
R6996,支出,摘要或备注,包含,校验棒款,,,经营类,主营业务,采购支出,710,词库
R6997,支出,摘要或备注,包含,桦木,,,经营类,主营业务,采购支出,710,词库
R6998,支出,摘要或备注,包含,车,,,经营类,主营业务,采购支出,710,词库
R6999,支出,摘要或备注,包含,课题经费,,,经营类,主营业务,采购支出,710,词库
R7000,支出,摘要或备注,包含,皮辊,,,经营类,主营业务,采购支出,710,词库
R7001,支出,摘要或备注,包含,白铁皮,,,经营类,主营业务,采购支出,710,词库
R7002,支出,摘要或备注,包含,钢包针,,,经营类,主营业务,采购支出,710,词库
R7003,支出,摘要或备注,包含,制装费,,,经营类,主营业务,采购支出,710,词库
R7004,支出,摘要或备注,包含,被服款,,,经营类,主营业务,采购支出,710,词库
R7005,支出,摘要或备注,包含,防火窗,,,经营类,主营业务,采购支出,710,词库
R7006,支出,摘要或备注,包含,钢结,,,经营类,主营业务,采购支出,710,词库
R7007,支出,摘要或备注,包含,资质,,,经营类,主营业务,采购支出,710,词库
R7008,支出,摘要或备注,包含,网站开发,,,经营类,主营业务,采购支出,710,词库
R7009,支出,摘要或备注,包含,静电地坪,,,经营类,主营业务,采购支出,710,词库
R7010,支出,摘要或备注,包含,硅碳,,,经营类,主营业务,采购支出,710,词库
R7011,支出,摘要或备注,包含,三险二金,,,经营类,主营业务,采购支出,710,词库
R7012,支出,摘要或备注,包含,客户费,,,经营类,主营业务,采购支出,710,词库
R7013,支出,摘要或备注,包含,舞蹈,,,经营类,主营业务,采购支出,710,词库
R7014,支出,摘要或备注,包含,虫害,,,经营类,主营业务,采购支出,710,词库
R7015,支出,摘要或备注,包含,展柜款,,,经营类,主营业务,采购支出,710,词库
R7016,支出,摘要或备注,包含,橱窗,,,经营类,主营业务,采购支出,710,词库
R7017,支出,摘要或备注,包含,业党建经费,,,经营类,主营业务,采购支出,710,词库
R7018,支出,摘要或备注,包含,门帘,,,经营类,主营业务,采购支出,710,词库
R7019,支出,摘要或备注,包含,磁片,,,经营类,主营业务,采购支出,710,词库
R7020,支出,摘要或备注,包含,背心,,,经营类,主营业务,采购支出,710,词库
R7021,支出,摘要或备注,包含,衬衣,,,经营类,主营业务,采购支出,710,词库
R7022,支出,摘要或备注,包含,头盔,,,经营类,主营业务,采购支出,710,词库
R7023,支出,摘要或备注,包含,入户费,,,经营类,主营业务,采购支出,710,词库
R7024,支出,摘要或备注,包含,安踏,,,经营类,主营业务,采购支出,710,词库
R7025,支出,摘要或备注,包含,盘具,,,经营类,主营业务,采购支出,710,词库
R7026,支出,摘要或备注,包含,牙签,,,经营类,主营业务,采购支出,710,词库
R7027,支出,摘要或备注,包含,煤灰,,,经营类,主营业务,采购支出,710,词库
R7028,支出,摘要或备注,包含,游戏费,,,经营类,主营业务,采购支出,710,词库
R7029,支出,摘要或备注,包含,奶酪,,,经营类,主营业务,采购支出,710,词库
R7030,支出,摘要或备注,包含,蜡环,,,经营类,主营业务,采购支出,710,词库
R7031,支出,摘要或备注,包含,电子元件,,,经营类,主营业务,采购支出,710,词库
R7032,支出,摘要或备注,包含,生产线款,,,经营类,主营业务,采购支出,710,词库
R7033,支出,摘要或备注,包含,课题款,,,经营类,主营业务,采购支出,710,词库
R7034,支出,摘要或备注,包含,产品交费,,,经营类,主营业务,采购支出,710,词库
R7035,支出,摘要或备注,包含,磁盘,,,经营类,主营业务,采购支出,710,词库
R7036,支出,摘要或备注,包含,排采费,,,经营类,主营业务,采购支出,710,词库
R7037,支出,摘要或备注,包含,代拍费,,,经营类,主营业务,采购支出,710,词库
R7038,支出,摘要或备注,包含,培养经费,,,经营类,主营业务,采购支出,710,词库
R7039,支出,摘要或备注,包含,环境费,,,经营类,主营业务,采购支出,710,词库
R7040,支出,摘要或备注,包含,养老费,,,经营类,主营业务,采购支出,710,词库
R7041,支出,摘要或备注,包含,鼠标,,,经营类,主营业务,采购支出,710,词库
R7042,支出,摘要或备注,包含,授权款,,,经营类,主营业务,采购支出,710,词库
R7043,支出,摘要或备注,包含,声呐探摸,,,经营类,主营业务,采购支出,710,词库
R7044,支出,摘要或备注,包含,人力费,,,经营类,主营业务,采购支出,710,词库
R7045,支出,摘要或备注,包含,坐诊费,,,经营类,主营业务,采购支出,710,词库
R7046,支出,摘要或备注,包含,磁力锚,,,经营类,主营业务,采购支出,710,词库
R7047,支出,摘要或备注,包含,西服,,,经营类,主营业务,采购支出,710,词库
R7048,支出,摘要或备注,包含,蚕丝被,,,经营类,主营业务,采购支出,710,词库
R7049,支出,摘要或备注,包含,出场费,,,经营类,主营业务,采购支出,710,词库
R7050,支出,摘要或备注,包含,热疗费,,,经营类,主营业务,采购支出,710,词库
R7051,支出,摘要或备注,包含,套筒,,,经营类,主营业务,采购支出,710,词库
R7052,支出,摘要或备注,包含,放线款,,,经营类,主营业务,采购支出,710,词库
R7053,支出,摘要或备注,包含,回购款,,,经营类,主营业务,采购支出,710,词库
R7054,支出,摘要或备注,包含,线款,,,经营类,主营业务,采购支出,710,词库
R7055,支出,摘要或备注,包含,购热费,,,经营类,主营业务,采购支出,710,词库
R7056,支出,摘要或备注,包含,电表,,,经营类,主营业务,采购支出,710,词库
R7057,支出,摘要或备注,包含,剪辑费,,,经营类,主营业务,采购支出,710,词库
R7058,支出,摘要或备注,包含,杂品款,,,经营类,主营业务,采购支出,710,词库
R7059,支出,摘要或备注,包含,气象站,,,经营类,主营业务,采购支出,710,词库
R7060,支出,摘要或备注,包含,脱硫,,,经营类,主营业务,采购支出,710,词库
R7061,支出,摘要或备注,包含,厨房用具,,,经营类,主营业务,采购支出,710,词库
R7062,支出,摘要或备注,包含,紫薯,,,经营类,主营业务,采购支出,710,词库
R7063,支出,摘要或备注,包含,识别门禁,,,经营类,主营业务,采购支出,710,词库
R7064,支出,摘要或备注,包含,炭款,,,经营类,主营业务,采购支出,710,词库
R7065,支出,摘要或备注,包含,复核费,,,经营类,主营业务,采购支出,710,词库
R7066,支出,摘要或备注,包含,栗子,,,经营类,主营业务,采购支出,710,词库
R7067,支出,摘要或备注,包含,百洁布,,,经营类,主营业务,采购支出,710,词库
R7068,支出,摘要或备注,包含,测评款,,,经营类,主营业务,采购支出,710,词库
R7069,支出,摘要或备注,包含,铁皮,,,经营类,主营业务,采购支出,710,词库
R7070,支出,摘要或备注,包含,隔断费,,,经营类,主营业务,采购支出,710,词库
R7071,支出,摘要或备注,包含,水蜜桃,,,经营类,主营业务,采购支出,710,词库
R7072,支出,摘要或备注,包含,超声款,,,经营类,主营业务,采购支出,710,词库
R7073,支出,摘要或备注,包含,地库费,,,经营类,主营业务,采购支出,710,词库
R7074,支出,摘要或备注,包含,督察费,,,经营类,主营业务,采购支出,710,词库
R7075,支出,摘要或备注,包含,货运,,,经营类,主营业务,采购支出,710,词库
R7076,支出,摘要或备注,包含,行政费,,,经营类,主营业务,采购支出,710,词库
R7077,支出,摘要或备注,包含,预订款,,,经营类,主营业务,采购支出,710,词库
R7078,支出,摘要或备注,包含,隔音屏,,,经营类,主营业务,采购支出,710,词库
R7079,支出,摘要或备注,包含,考官费,,,经营类,主营业务,采购支出,710,词库
R7080,支出,摘要或备注,包含,照明装置,,,经营类,主营业务,采购支出,710,词库
R7081,支出,摘要或备注,包含,质检费,,,经营类,主营业务,采购支出,710,词库
R7082,支出,摘要或备注,包含,抛锚款,,,经营类,主营业务,采购支出,710,词库
R7083,支出,摘要或备注,包含,二甲胺款,,,经营类,主营业务,采购支出,710,词库
R7084,支出,摘要或备注,包含,审批费,,,经营类,主营业务,采购支出,710,词库
R7085,支出,摘要或备注,包含,粉墨款,,,经营类,主营业务,采购支出,710,词库
R7086,支出,摘要或备注,包含,返修款,,,经营类,主营业务,采购支出,710,词库
R7087,支出,摘要或备注,包含,泡沫品,,,经营类,主营业务,采购支出,710,词库
R7088,支出,摘要或备注,包含,电表费,,,经营类,主营业务,采购支出,710,词库
R7089,支出,摘要或备注,包含,厂检费,,,经营类,主营业务,采购支出,710,词库
R7090,支出,摘要或备注,包含,石斛,,,经营类,主营业务,采购支出,710,词库
R7091,支出,摘要或备注,包含,领带,,,经营类,主营业务,采购支出,710,词库
R7092,支出,摘要或备注,包含,维稳费,,,经营类,主营业务,采购支出,710,词库
R7093,支出,摘要或备注,包含,跑腿费,,,经营类,主营业务,采购支出,710,词库
R7094,支出,摘要或备注,包含,返修费,,,经营类,主营业务,采购支出,710,词库
R7095,支出,摘要或备注,包含,原木款,,,经营类,主营业务,采购支出,710,词库
R7096,支出,摘要或备注,包含,改造优化款,,,经营类,主营业务,采购支出,710,词库
R7097,支出,摘要或备注,包含,整修费,,,经营类,主营业务,采购支出,710,词库
R7098,支出,摘要或备注,包含,刷漆费,,,经营类,主营业务,采购支出,710,词库
R7099,支出,摘要或备注,包含,处置款,,,经营类,主营业务,采购支出,710,词库
R7100,支出,摘要或备注,包含,提名费,,,经营类,主营业务,采购支出,710,词库
R7101,支出,摘要或备注,包含,体系建设,,,经营类,主营业务,采购支出,710,词库
R7102,支出,摘要或备注,包含,高铁,,,经营类,主营业务,采购支出,710,词库
R7103,支出,摘要或备注,包含,联运款,,,经营类,主营业务,采购支出,710,词库
R7104,支出,摘要或备注,包含,电容款,,,经营类,主营业务,采购支出,710,词库
R7105,支出,摘要或备注,包含,水手柄,,,经营类,主营业务,采购支出,710,词库
R7106,支出,摘要或备注,包含,交割款,,,经营类,主营业务,采购支出,710,词库
R7107,支出,摘要或备注,包含,互动费,,,经营类,主营业务,采购支出,710,词库
R7108,支出,摘要或备注,包含,活动支撑,,,经营类,主营业务,采购支出,710,词库
R7109,支出,摘要或备注,包含,肥皂,,,经营类,主营业务,采购支出,710,词库
R7110,支出,摘要或备注,包含,器,,,经营类,主营业务,采购支出,710,词库
R7111,支出,摘要或备注,包含,早点,,,经营类,主营业务,采购支出,710,词库
R7112,支出,摘要或备注,包含,代收微信,,,经营类,主营业务,采购支出,710,词库
R7113,支出,摘要或备注,包含,日常经费,,,经营类,主营业务,采购支出,710,词库
R7114,支出,摘要或备注,包含,采配,,,经营类,主营业务,采购支出,710,词库
R7115,支出,摘要或备注,包含,零采,,,经营类,主营业务,采购支出,710,词库
R7116,支出,摘要或备注,包含,集采,,,经营类,主营业务,采购支出,710,词库
R7117,支出,摘要或备注,包含,直采,,,经营类,主营业务,采购支出,710,词库
R7118,支出,摘要或备注,包含,預付,,,经营类,主营业务,采购支出,710,词库
R7119,支出,摘要或备注,包含,板,,,经营类,主营业务,采购支出,710,词库
R7120,支出,摘要或备注,包含,销售款,,,经营类,主营业务,采购支出,710,词库
R7121,支出,摘要或备注,包含,锂电,,,经营类,主营业务,采购支出,710,词库
R7122,支出,摘要或备注,包含,打样,,,经营类,主营业务,采购支出,710,词库
R7123,支出,摘要或备注,包含,套,,,经营类,主营业务,采购支出,710,词库
R7124,支出,摘要或备注,包含,吊牌,,,经营类,主营业务,采购支出,710,词库
R7125,支出,摘要或备注,包含,布,,,经营类,主营业务,采购支出,710,词库
R7126,支出,摘要或备注,包含,料,,,经营类,主营业务,采购支出,710,词库
R7127,支出,摘要或备注,包含,书,,,经营类,主营业务,采购支出,710,词库
R7128,支出,摘要或备注,包含,钉钮,,,经营类,主营业务,采购支出,710,词库
R7129,支出,摘要或备注,包含,拉链,,,经营类,主营业务,采购支出,710,词库
R7130,支出,摘要或备注,包含,合同款,,,经营类,主营业务,采购支出,710,词库
R7131,支出,摘要或备注,包含,锁,,,经营类,主营业务,采购支出,710,词库
R7132,支出,摘要或备注,包含,筷子,,,经营类,主营业务,采购支出,710,词库
R7133,支出,摘要或备注,包含,货,,,经营类,主营业务,采购支出,710,词库
R7134,支出,摘要或备注,包含,纸,,,经营类,主营业务,采购支出,710,词库
R7135,支出,摘要或备注,包含,铜,,,经营类,主营业务,采购支出,710,词库
R7136,支出,摘要或备注,包含,代销,,,经营类,主营业务,采购支出,710,词库
R7137,支出,摘要或备注,包含,押金,,,经营类,主营业务,采购支出,710,词库
R7138,支出,摘要或备注,包含,运货费,,,经营类,主营业务,采购支出,710,词库
R7139,支出,摘要或备注,包含,包装费,,,经营类,主营业务,采购支出,710,词库
R7140,支出,摘要或备注,包含,包装款,,,经营类,主营业务,采购支出,710,词库
R7141,支出,摘要或备注,包含,保安,,,经营类,主营业务,采购支出,710,词库
R7142,支出,摘要或备注,包含,快递,,,经营类,主营业务,采购支出,710,词库
R7143,支出,摘要或备注,包含,培训,,,经营类,主营业务,采购支出,710,词库
R7144,支出,摘要或备注,包含,设计费,,,经营类,主营业务,采购支出,710,词库
R7145,支出,摘要或备注,包含,售后,,,经营类,主营业务,采购支出,710,词库
R7146,支出,摘要或备注,包含,印刷费,,,经营类,主营业务,采购支出,710,词库
R7147,支出,摘要或备注,包含,招聘费,,,经营类,主营业务,采购支出,710,词库
R7148,支出,摘要或备注,包含,会展位费,,,经营类,主营业务,采购支出,710,词库
R7149,支出,摘要或备注,包含,安保费,,,经营类,主营业务,采购支出,710,词库
R7150,支出,摘要或备注,包含,充电费,,,经营类,主营业务,采购支出,710,词库
R7151,支出,摘要或备注,包含,会务费,,,经营类,主营业务,采购支出,710,词库
R7152,支出,摘要或备注,包含,会展,,,经营类,主营业务,采购支出,710,词库
R7153,支出,摘要或备注,包含,招聘,,,经营类,主营业务,采购支出,710,词库
R7154,支出,摘要或备注,包含,FOB费,,,经营类,主营业务,采购支出,710,词库
R7155,支出,摘要或备注,包含,检修,,,经营类,主营业务,采购支出,710,词库
R7156,支出,摘要或备注,包含,修理费,,,经营类,主营业务,采购支出,710,词库
R7157,支出,摘要或备注,包含,速递款,,,经营类,主营业务,采购支出,710,词库
R7158,支出,摘要或备注,包含,广告费,,,经营类,主营业务,采购支出,710,词库
R7159,支出,摘要或备注,包含,推广费,,,经营类,主营业务,采购支出,710,词库
R7160,支出,摘要或备注,包含,管理费,,,经营类,主营业务,采购支出,710,词库
R7161,支出,摘要或备注,包含,体检费,,,经营类,主营业务,采购支出,710,词库
R7162,支出,摘要或备注,包含,减薄费,,,经营类,主营业务,采购支出,710,词库
R7163,支出,摘要或备注,包含,pvc管,,,经营类,主营业务,采购支出,710,词库
R7164,支出,摘要或备注,包含,PVC管,,,经营类,主营业务,采购支出,710,词库
R7165,支出,摘要或备注,包含,面膜费,,,经营类,主营业务,采购支出,710,词库
R7166,支出,摘要或备注,包含,写真费,,,经营类,主营业务,采购支出,710,词库
R7167,支出,摘要或备注,包含,经营性支出,,,经营类,主营业务,采购支出,710,词库
R7168,支出,摘要或备注,包含,拉手,,,经营类,主营业务,采购支出,710,词库
R7169,支出,摘要或备注,包含,铰链,,,经营类,主营业务,采购支出,710,词库
R7170,支出,摘要或备注,包含,脚轮,,,经营类,主营业务,采购支出,710,词库
R7171,支出,摘要或备注,包含,转接线,,,经营类,主营业务,采购支出,710,词库
R7172,支出,摘要或备注,包含,固定资产,,,经营类,主营业务,采购支出,710,词库
R7173,支出,摘要或备注,包含,电泳,,,经营类,主营业务,采购支出,710,词库
R7174,支出,摘要或备注,包含,订单,,,经营类,主营业务,采购支出,710,词库
R7175,支出,摘要或备注,包含,质保金,,,经营类,主营业务,采购支出,710,词库
R7176,支出,摘要或备注,包含,剂,,,经营类,主营业务,采购支出,710,词库
R7177,支出,摘要或备注,包含,轮,,,经营类,主营业务,采购支出,710,词库
R7178,支出,摘要或备注,包含,油,,,经营类,主营业务,采购支出,710,词库
R7179,支出,摘要或备注,包含,奥克斯,,,经营类,主营业务,采购支出,710,词库
R7180,支出,摘要或备注,包含,美的,,,经营类,主营业务,采购支出,710,词库
R7181,支出,摘要或备注,包含,粉,,,经营类,主营业务,采购支出,710,词库
R7182,支出,摘要或备注,包含,编目费,,,经营类,主营业务,采购支出,710,词库
R7183,支出,摘要或备注,包含,改造,,,经营类,主营业务,采购支出,710,词库
R7184,支出,摘要或备注,包含,机,,,经营类,主营业务,采购支出,710,词库
R7185,支出,摘要或备注,包含,提单号,,,经营类,主营业务,采购支出,710,词库
R7186,支出,摘要或备注,包含,工作室,,,经营类,主营业务,采购支出,710,词库
R7187,支出,摘要或备注,包含,脚撑,,,经营类,主营业务,采购支出,710,词库
R7188,支出,摘要或备注,包含,展示柜,,,经营类,主营业务,采购支出,710,词库
R7189,支出,摘要或备注,包含,银联代理商户入帐,,,经营类,主营业务,采购支出,710,词库
R7190,支出,摘要或备注,包含,代理费,,,经营类,主营业务,采购支出,710,词库
R7191,支出,摘要或备注,包含,代理出口,,,经营类,主营业务,采购支出,710,词库
R7192,支出,摘要或备注,包含,货运代理,,,经营类,主营业务,采购支出,710,词库
R7193,支出,摘要或备注,包含,代理金,,,经营类,主营业务,采购支出,710,词库
R7194,支出,摘要或备注,包含,ml,,,经营类,主营业务,采购支出,710,词库
R7195,支出,摘要或备注,包含,kg,,,经营类,主营业务,采购支出,710,词库
R7196,支出,摘要或备注,包含,载体,,,经营类,主营业务,采购支出,710,词库
R7197,支出,摘要或备注,包含,霉素,,,经营类,主营业务,采购支出,710,词库
R7198,支出,摘要或备注,包含,离子,,,经营类,主营业务,采购支出,710,词库
R7199,支出,摘要或备注,包含,沙星,,,经营类,主营业务,采购支出,710,词库
R7200,支出,摘要或备注,包含,教装,,,经营类,主营业务,采购支出,710,词库
R7201,支出,摘要或备注,包含,结账,,,经营类,主营业务,采购支出,710,词库
R7202,支出,摘要或备注,包含,B2B,,,经营类,主营业务,采购支出,710,词库
R7203,支出,摘要或备注,包含,商户结算,,,经营类,主营业务,采购支出,710,词库
R7204,支出,摘要或备注,包含,租凭费,,,经营类,主营业务,采购支出,710,词库
R7205,支出,摘要或备注,包含,石化卡,,,经营类,主营业务,采购支出,710,词库
R7206,支出,摘要或备注,包含,定做,,,经营类,主营业务,采购支出,710,词库
R7207,支出,摘要或备注,包含,参评费,,,经营类,主营业务,采购支出,710,词库
R7208,支出,摘要或备注,包含,内存条,,,经营类,主营业务,采购支出,710,词库
R7209,支出,摘要或备注,包含,电商支付,,,经营类,主营业务,采购支出,710,词库
R7210,支出,摘要或备注,包含,ＦＯＢ费,,,经营类,主营业务,采购支出,710,词库
R7211,支出,摘要或备注,包含,起运港费,,,经营类,主营业务,采购支出,710,词库
R7212,支出,摘要或备注,包含,活动柜,,,经营类,主营业务,采购支出,710,词库
R7213,支出,摘要或备注,包含,饰品,,,经营类,主营业务,采购支出,710,词库
R7214,支出,摘要或备注,包含,支付款,,,经营类,主营业务,采购支出,710,词库
R7215,支出,摘要或备注,包含,港前费,,,经营类,主营业务,采购支出,710,词库
R7216,支出,摘要或备注,包含,支票,,,经营类,往来款,往来款支出,700,词库
R7217,支出,摘要或备注,包含,往款,,,经营类,往来款,往来款支出,700,词库
R7218,支出,摘要或备注,包含,徍来,,,经营类,往来款,往来款支出,700,词库
R7219,支出,摘要或备注,包含,住来,,,经营类,往来款,往来款支出,700,词库
R7220,支出,摘要或备注,包含,往來,,,经营类,往来款,往来款支出,700,词库
R7221,支出,摘要或备注,包含,往来,,,经营类,往来款,往来款支出,700,词库
R7222,支出,摘要或备注,包含,wl,,,经营类,往来款,往来款支出,700,词库
R7223,支出,摘要或备注,包含,wanglai,,,经营类,往来款,往来款支出,700,词库
R7224,支出,摘要或备注,包含,wangali,,,经营类,往来款,往来款支出,700,词库
R7225,支出,摘要或备注,包含,电汇,,,经营类,往来款,往来款支出,700,词库
R7226,支出,摘要或备注,包含,票汇,,,经营类,往来款,往来款支出,700,词库
R7227,支出,摘要或备注,包含,放款,,,经营类,其他经营类,其他经营类支出,690,词库
R7228,支出,摘要或备注,包含,POS,,,经营类,其他经营类,其他经营类支出,690,词库
R7229,支出,摘要或备注,包含,提现,,,经营类,其他经营类,其他经营类支出,690,词库
R7230,支出,对手名称,包含,个人／单位存款,,,经营类,其他经营类,其他经营类支出,690,词库
R7231,支出,对手名称,包含,受托支付,,,内部调拨类,自有资金调拨,其他支出,680,词库
R7232,支出,摘要或备注,包含,受托支付,,,内部调拨类,自有资金调拨,其他支出,680,词库
