交易唯一编号,客户名称,主体名称,账户类型,本方名称,本方账户,开户行,交易时间,对手名称,对手账户,收入金额,支出金额,交易金额,账户余额,虚拟账户余额,银行备注,账户方附言,收支方向,一级标签,二级标签,三级标签,标签来源,标签置信度,命中关键词,交易渠道,来源文件名,来源行号
TX000001,上海恒道国际物流,上海恒道国际物流,对公,上海恒道国际物流,622202***8888,工商银行,2024-01-01 16:06:00,报关行甲,,,166224.27,-166224.27,333775.73,,货款,,支,经营类,运营成本,采购支出,规则,0.9,,网银,sample.xlsx,1
TX000002,上海恒道国际物流,上海恒道国际物流,对公,上海恒道国际物流,622202***8888,工商银行,2024-01-01 09:27:00,北京诚栋集成房屋,,365687.54,,365687.54,699463.27,,货款,,收,经营类,主营业务,销售收入,规则,0.9,,网银,sample.xlsx,2
TX000003,上海恒道国际物流,上海恒道国际物流,对公,上海恒道国际物流,622202***8888,工商银行,2024-01-02 17:07:00,北京诚栋集成房屋,,229397.96,,229397.96,928861.23,,货款,,收,经营类,主营业务,销售收入,规则,0.9,,网银,sample.xlsx,3
TX000004,上海恒道国际物流,上海恒道国际物流,对公,上海恒道国际物流,622202***8888,工商银行,2024-01-02 14:03:00,物流仓储乙,,,237450.15,-237450.15,691411.08,,货款,,支,经营类,运营成本,采购支出,规则,0.9,,网银,sample.xlsx,4
TX000005,上海恒道国际物流,上海恒道国际物流,对公,上海恒道国际物流,622202***8888,工商银行,2024-01-02 14:09:00,中远海运,,,143599.58,-143599.58,547811.5,,货款,,支,经营类,运营成本,采购支出,规则,0.9,,网银,sample.xlsx,5
TX000006,上海恒道国际物流,上海恒道国际物流,对公,上海恒道国际物流,622202***8888,工商银行,2024-01-04 11:23:00,上海港务,,,34733.37,-34733.37,513078.13,,货款,,支,经营类,运营成本,采购支出,规则,0.9,,网银,sample.xlsx,6
TX000007,上海恒道国际物流,上海恒道国际物流,对公,上海恒道国际物流,622202***8888,工商银行,2024-01-04 15:43:00,北京诚栋集成房屋,,234459.95,,234459.95,747538.08,,货款,,收,经营类,主营业务,销售收入,规则,0.9,,网银,sample.xlsx,7
TX000008,上海恒道国际物流,上海恒道国际物流,对公,上海恒道国际物流,622202***8888,工商银行,2024-01-05 12:15:00,报关行甲,,,150534.85,-150534.85,597003.23,,货款,,支,经营类,运营成本,采购支出,规则,0.9,,网银,sample.xlsx,8
TX000009,上海恒道国际物流,上海恒道国际物流,对公,上海恒道国际物流,622202***8888,工商银行,2024-01-05 15:56:00,上海港务,,,29645.2,-29645.2,567358.03,,货款,,支,经营类,运营成本,采购支出,规则,0.9,,网银,sample.xlsx,9
TX000010,上海恒道国际物流,上海恒道国际物流,对公,上海恒道国际物流,622202***8888,工商银行,2024-01-05 09:32:00,合肥中南光电,,129416.35,,129416.35,696774.38,,货款,,收,经营类,主营业务,销售收入,规则,0.9,,网银,sample.xlsx,10
TX000011,上海恒道国际物流,上海恒道国际物流,对公,上海恒道国际物流,622202***8888,工商银行,2024-01-06 08:42:00,西轮国运代理,,77754.12,,77754.12,774528.5,,货款,,收,经营类,主营业务,销售收入,规则,0.9,,网银,sample.xlsx,11
TX000012,上海恒道国际物流,上海恒道国际物流,对公,上海恒道国际物流,622202***8888,工商银行,2024-01-06 13:21:00,江苏锦祺供应链,,237749.86,,237749.86,1012278.36,,货款,,收,经营类,主营业务,销售收入,规则,0.9,,网银,sample.xlsx,12
TX000013,上海恒道国际物流,上海恒道国际物流,对公,上海恒道国际物流,622202***8888,工商银行,2024-01-06 09:53:00,物流仓储乙,,,129201.95,-129201.95,883076.41,,货款,,支,经营类,运营成本,采购支出,规则,0.9,,网银,sample.xlsx,13
TX000014,上海恒道国际物流,上海恒道国际物流,对公,上海恒道国际物流,622202***8888,工商银行,2024-01-08 18:36:00,北京诚栋集成房屋,,43054.38,,43054.38,926130.79,,货款,,收,经营类,主营业务,销售收入,规则,0.9,,网银,sample.xlsx,14
TX000015,上海恒道国际物流,上海恒道国际物流,对公,上海恒道国际物流,622202***8888,工商银行,2024-01-08 18:22:00,报关行甲,,,78302.93,-78302.93,847827.86,,货款,,支,经营类,运营成本,采购支出,规则,0.9,,网银,sample.xlsx,15
TX000016,上海恒道国际物流,上海恒道国际物流,对公,上海恒道国际物流,622202***8888,工商银行,2024-01-10 12:08:00,江苏锦祺供应链,,64496.4,,64496.4,912324.26,,货款,,收,经营类,主营业务,销售收入,规则,0.9,,网银,sample.xlsx,16
TX000017,上海恒道国际物流,上海恒道国际物流,对公,上海恒道国际物流,622202***8888,工商银行,2024-01-10 09:10:00,报关行甲,,,103827.93,-103827.93,808496.33,,货款,,支,经营类,运营成本,采购支出,规则,0.9,,网银,sample.xlsx,17
TX000018,上海恒道国际物流,上海恒道国际物流,对公,上海恒道国际物流,622202***8888,工商银行,2024-01-10 14:55:00,江苏锦祺供应链,,125578.87,,125578.87,934075.2,,货款,,收,经营类,主营业务,销售收入,规则,0.9,,网银,sample.xlsx,18
TX000019,上海恒道国际物流,上海恒道国际物流,对公,上海恒道国际物流,622202***8888,工商银行,2024-01-11 11:09:00,燃油供应公司,,,173853.53,-173853.53,760221.67,,货款,,支,经营类,运营成本,采购支出,规则,0.9,,网银,sample.xlsx,19
TX000020,上海恒道国际物流,上海恒道国际物流,对公,上海恒道国际物流,622202***8888,工商银行,2024-01-11 15:53:00,上海建工集团,,108143.61,,108143.61,868365.28,,货款,,收,经营类,主营业务,销售收入,规则,0.9,,网银,sample.xlsx,20
TX000021,上海恒道国际物流,上海恒道国际物流,对公,上海恒道国际物流,622202***8888,工商银行,2024-01-12 17:36:00,北京诚栋集成房屋,,75357.03,,75357.03,943722.31,,货款,,收,经营类,主营业务,销售收入,规则,0.9,,网银,sample.xlsx,21
TX000022,上海恒道国际物流,上海恒道国际物流,对公,上海恒道国际物流,622202***8888,工商银行,2024-01-13 08:29:00,物流仓储乙,,,238053.75,-238053.75,705668.56,,货款,,支,经营类,运营成本,采购支出,规则,0.9,,网银,sample.xlsx,22
TX000023,上海恒道国际物流,上海恒道国际物流,对公,上海恒道国际物流,622202***8888,工商银行,2024-01-13 09:30:00,物流仓储乙,,,104170.94,-104170.94,601497.62,,货款,,支,经营类,运营成本,采购支出,规则,0.9,,网银,sample.xlsx,23
TX000024,上海恒道国际物流,上海恒道国际物流,对公,上海恒道国际物流,622202***8888,工商银行,2024-01-14 09:21:00,北京诚栋集成房屋,,394173.69,,394173.69,995671.31,,货款,,收,经营类,主营业务,销售收入,规则,0.9,,网银,sample.xlsx,24
TX000025,上海恒道国际物流,上海恒道国际物流,对公,上海恒道国际物流,622202***8888,工商银行,2024-01-14 09:23:00,中远海运,,,10055.99,-10055.99,985615.32,,货款,,支,经营类,运营成本,采购支出,规则,0.9,,网银,sample.xlsx,25
TX000026,上海恒道国际物流,上海恒道国际物流,对公,上海恒道国际物流,622202***8888,工商银行,2024-01-14 10:40:00,中远海运,,,219839.77,-219839.77,765775.55,,货款,,支,经营类,运营成本,采购支出,规则,0.9,,网银,sample.xlsx,26
TX000027,上海恒道国际物流,上海恒道国际物流,对公,上海恒道国际物流,622202***8888,工商银行,2024-01-15 15:29:00,物流仓储乙,,,97399.23,-97399.23,668376.32,,货款,,支,经营类,运营成本,采购支出,规则,0.9,,网银,sample.xlsx,27
TX000028,上海恒道国际物流,上海恒道国际物流,对公,上海恒道国际物流,622202***8888,工商银行,2024-01-15 13:47:00,西轮国运代理,,52636.17,,52636.17,721012.49,,货款,,收,经营类,主营业务,销售收入,规则,0.9,,网银,sample.xlsx,28
TX000029,上海恒道国际物流,上海恒道国际物流,对公,上海恒道国际物流,622202***8888,工商银行,2024-01-16 16:23:00,上海建工集团,,216207.12,,216207.12,937219.61,,货款,,收,经营类,主营业务,销售收入,规则,0.9,,网银,sample.xlsx,29
TX000030,上海恒道国际物流,上海恒道国际物流,对公,上海恒道国际物流,622202***8888,工商银行,2024-01-16 12:41:00,江苏锦祺供应链,,367375.4,,367375.4,1304595.01,,货款,,收,经营类,主营业务,销售收入,规则,0.9,,网银,sample.xlsx,30
TX000031,上海恒道国际物流,上海恒道国际物流,对公,上海恒道国际物流,622202***8888,工商银行,2024-01-18 16:49:00,上海建工集团,,155164.54,,155164.54,1459759.55,,货款,,收,经营类,主营业务,销售收入,规则,0.9,,网银,sample.xlsx,31
TX000032,上海恒道国际物流,上海恒道国际物流,对公,上海恒道国际物流,622202***8888,工商银行,2024-01-18 11:51:00,上海建工集团,,253026.72,,253026.72,1712786.27,,货款,,收,经营类,主营业务,销售收入,规则,0.9,,网银,sample.xlsx,32
TX000033,上海恒道国际物流,上海恒道国际物流,对公,上海恒道国际物流,622202***8888,工商银行,2024-01-19 08:01:00,上海港务,,,57980.32,-57980.32,1654805.95,,货款,,支,经营类,运营成本,采购支出,规则,0.9,,网银,sample.xlsx,33
TX000034,上海恒道国际物流,上海恒道国际物流,对公,上海恒道国际物流,622202***8888,工商银行,2024-01-20 15:51:00,上海建工集团,,283158.34,,283158.34,1937964.29,,货款,,收,经营类,主营业务,销售收入,规则,0.9,,网银,sample.xlsx,34
TX000035,上海恒道国际物流,上海恒道国际物流,对公,上海恒道国际物流,622202***8888,工商银行,2024-01-20 11:06:00,燃油供应公司,,,239200.15,-239200.15,1698764.14,,货款,,支,经营类,运营成本,采购支出,规则,0.9,,网银,sample.xlsx,35
TX000036,上海恒道国际物流,上海恒道国际物流,对公,上海恒道国际物流,622202***8888,工商银行,2024-01-21 17:53:00,西轮国运代理,,97661.88,,97661.88,1796426.02,,货款,,收,经营类,主营业务,销售收入,规则,0.9,,网银,sample.xlsx,36
TX000037,上海恒道国际物流,上海恒道国际物流,对公,上海恒道国际物流,622202***8888,工商银行,2024-01-23 18:07:00,燃油供应公司,,,201914.5,-201914.5,1594511.52,,货款,,支,经营类,运营成本,采购支出,规则,0.9,,网银,sample.xlsx,37
TX000038,上海恒道国际物流,上海恒道国际物流,对公,上海恒道国际物流,622202***8888,工商银行,2024-01-23 18:21:00,上海港务,,,124727.86,-124727.86,1469783.66,,货款,,支,经营类,运营成本,采购支出,规则,0.9,,网银,sample.xlsx,38
TX000039,上海恒道国际物流,上海恒道国际物流,对公,上海恒道国际物流,622202***8888,工商银行,2024-01-23 09:46:00,合肥中南光电,,196001.01,,196001.01,1665784.67,,货款,,收,经营类,主营业务,销售收入,规则,0.9,,网银,sample.xlsx,39
TX000040,上海恒道国际物流,上海恒道国际物流,对公,上海恒道国际物流,622202***8888,工商银行,2024-01-24 15:51:00,上海建工集团,,30468.56,,30468.56,1696253.23,,货款,,收,经营类,主营业务,销售收入,规则,0.9,,网银,sample.xlsx,40
TX000041,上海恒道国际物流,上海恒道国际物流,对公,上海恒道国际物流,622202***8888,工商银行,2024-01-25 13:09:00,物流仓储乙,,,245273.43,-245273.43,1450979.8,,货款,,支,经营类,运营成本,采购支出,规则,0.9,,网银,sample.xlsx,41
TX000042,上海恒道国际物流,上海恒道国际物流,对公,上海恒道国际物流,622202***8888,工商银行,2024-01-26 14:55:00,北京诚栋集成房屋,,220100.8,,220100.8,1671080.6,,货款,,收,经营类,主营业务,销售收入,规则,0.9,,网银,sample.xlsx,42
TX000043,上海恒道国际物流,上海恒道国际物流,对公,上海恒道国际物流,622202***8888,工商银行,2024-01-27 16:15:00,上海港务,,,16718.49,-16718.49,1654362.11,,货款,,支,经营类,运营成本,采购支出,规则,0.9,,网银,sample.xlsx,43
TX000044,上海恒道国际物流,上海恒道国际物流,对公,上海恒道国际物流,622202***8888,工商银行,2024-01-28 13:57:00,合肥中南光电,,336994.1,,336994.1,1991356.21,,货款,,收,经营类,主营业务,销售收入,规则,0.9,,网银,sample.xlsx,44
TX000045,上海恒道国际物流,上海恒道国际物流,对公,上海恒道国际物流,622202***8888,工商银行,2024-01-28 16:08:00,江苏锦祺供应链,,329717.87,,329717.87,2321074.08,,货款,,收,经营类,主营业务,销售收入,规则,0.9,,网银,sample.xlsx,45
TX000046,上海恒道国际物流,上海恒道国际物流,对公,上海恒道国际物流,622202***8888,工商银行,2024-01-29 17:00:00,北京诚栋集成房屋,,351666.13,,351666.13,2672740.21,,货款,,收,经营类,主营业务,销售收入,规则,0.9,,网银,sample.xlsx,46
TX000047,上海恒道国际物流,上海恒道国际物流,对公,上海恒道国际物流,622202***8888,工商银行,2024-01-30 08:20:00,合肥中南光电,,255258.47,,255258.47,2927998.68,,货款,,收,经营类,主营业务,销售收入,规则,0.9,,网银,sample.xlsx,47
TX000048,上海恒道国际物流,上海恒道国际物流,对公,上海恒道国际物流,622202***8888,工商银行,2024-01-31 11:17:00,中远海运,,,221974.68,-221974.68,2706024.0,,货款,,支,经营类,运营成本,采购支出,规则,0.9,,网银,sample.xlsx,48
TX000049,上海恒道国际物流,上海恒道国际物流,对公,上海恒道国际物流,622202***8888,工商银行,2024-01-31 09:28:00,北京诚栋集成房屋,,212931.32,,212931.32,2918955.32,,货款,,收,经营类,主营业务,销售收入,规则,0.9,,网银,sample.xlsx,49
TX000050,上海恒道国际物流,上海恒道国际物流,对公,上海恒道国际物流,622202***8888,工商银行,2024-01-31 12:28:00,江苏锦祺供应链,,250332.32,,250332.32,3169287.64,,货款,,收,经营类,主营业务,销售收入,规则,0.9,,网银,sample.xlsx,50
TX000051,上海恒道国际物流,上海恒道国际物流,对公,上海恒道国际物流,622202***8888,工商银行,2024-02-01 12:59:00,上海建工集团,,285702.8,,285702.8,3454990.44,,货款,,收,经营类,主营业务,销售收入,规则,0.9,,网银,sample.xlsx,51
TX000052,上海恒道国际物流,上海恒道国际物流,对公,上海恒道国际物流,622202***8888,工商银行,2024-02-01 09:25:00,上海港务,,,211599.95,-211599.95,3243390.49,,货款,,支,经营类,运营成本,采购支出,规则,0.9,,网银,sample.xlsx,52
TX000053,上海恒道国际物流,上海恒道国际物流,对公,上海恒道国际物流,622202***8888,工商银行,2024-02-01 11:42:00,北京诚栋集成房屋,,275039.07,,275039.07,3518429.56,,货款,,收,经营类,主营业务,销售收入,规则,0.9,,网银,sample.xlsx,53
TX000054,上海恒道国际物流,上海恒道国际物流,对公,上海恒道国际物流,622202***8888,工商银行,2024-02-02 13:09:00,上海港务,,,235481.12,-235481.12,3282948.44,,货款,,支,经营类,运营成本,采购支出,规则,0.9,,网银,sample.xlsx,54
TX000055,上海恒道国际物流,上海恒道国际物流,对公,上海恒道国际物流,622202***8888,工商银行,2024-02-02 09:25:00,上海建工集团,,387667.02,,387667.02,3670615.46,,货款,,收,经营类,主营业务,销售收入,规则,0.9,,网银,sample.xlsx,55
TX000056,上海恒道国际物流,上海恒道国际物流,对公,上海恒道国际物流,622202***8888,工商银行,2024-02-03 16:25:00,上海建工集团,,81357.1,,81357.1,3751972.56,,货款,,收,经营类,主营业务,销售收入,规则,0.9,,网银,sample.xlsx,56
TX000057,上海恒道国际物流,上海恒道国际物流,对公,上海恒道国际物流,622202***8888,工商银行,2024-02-03 13:01:00,上海建工集团,,155513.62,,155513.62,3907486.18,,货款,,收,经营类,主营业务,销售收入,规则,0.9,,网银,sample.xlsx,57
TX000058,上海恒道国际物流,上海恒道国际物流,对公,上海恒道国际物流,622202***8888,工商银行,2024-02-03 13:33:00,现金,,187374.08,,187374.08,4094860.26,,货款,,收,现金类,现金,现金存入,规则,0.9,,网银,sample.xlsx,58
TX000059,上海恒道国际物流,上海恒道国际物流,对公,上海恒道国际物流,622202***8888,工商银行,2024-02-04 11:56:00,北京诚栋集成房屋,,62882.98,,62882.98,4157743.24,,货款,,收,经营类,主营业务,销售收入,规则,0.9,,网银,sample.xlsx,59
TX000060,上海恒道国际物流,上海恒道国际物流,对公,上海恒道国际物流,622202***8888,工商银行,2024-02-04 10:17:00,西轮国运代理,,123329.77,,123329.77,4281073.01,,货款,,收,经营类,主营业务,销售收入,规则,0.9,,网银,sample.xlsx,60
TX000061,上海恒道国际物流,上海恒道国际物流,对公,上海恒道国际物流,622202***8888,工商银行,2024-02-05 16:36:00,燃油供应公司,,,107427.48,-107427.48,4173645.53,,货款,,支,经营类,运营成本,采购支出,规则,0.9,,网银,sample.xlsx,61
TX000062,上海恒道国际物流,上海恒道国际物流,对公,上海恒道国际物流,622202***8888,工商银行,2024-02-06 10:27:00,中远海运,,,76974.95,-76974.95,4096670.58,,货款,,支,经营类,运营成本,采购支出,规则,0.9,,网银,sample.xlsx,62
TX000063,上海恒道国际物流,上海恒道国际物流,对公,上海恒道国际物流,622202***8888,工商银行,2024-02-06 12:05:00,燃油供应公司,,,235203.93,-235203.93,3861466.65,,货款,,支,经营类,运营成本,采购支出,规则,0.9,,网银,sample.xlsx,63
TX000064,上海恒道国际物流,上海恒道国际物流,对公,上海恒道国际物流,622202***8888,工商银行,2024-02-06 15:00:00,上海港务,,,25989.41,-25989.41,3835477.24,,货款,,支,经营类,运营成本,采购支出,规则,0.9,,网银,sample.xlsx,64
TX000065,上海恒道国际物流,上海恒道国际物流,对公,上海恒道国际物流,622202***8888,工商银行,2024-02-07 10:02:00,报关行甲,,,232400.63,-232400.63,3603076.61,,货款,,支,经营类,运营成本,采购支出,规则,0.9,,网银,sample.xlsx,65
TX000066,上海恒道国际物流,上海恒道国际物流,对公,上海恒道国际物流,622202***8888,工商银行,2024-02-07 12:03:00,上海建工集团,,376487.85,,376487.85,3979564.46,,货款,,收,经营类,主营业务,销售收入,规则,0.9,,网银,sample.xlsx,66
TX000067,上海恒道国际物流,上海恒道国际物流,对公,上海恒道国际物流,622202***8888,工商银行,2024-02-08 11:18:00,西轮国运代理,,258895.02,,258895.02,4238459.48,,货款,,收,经营类,主营业务,销售收入,规则,0.9,,网银,sample.xlsx,67
TX000068,上海恒道国际物流,上海恒道国际物流,对公,上海恒道国际物流,622202***8888,工商银行,2024-02-09 12:02:00,上海建工集团,,122798.5,,122798.5,4361257.98,,货款,,收,经营类,主营业务,销售收入,规则,0.9,,网银,sample.xlsx,68
TX000069,上海恒道国际物流,上海恒道国际物流,对公,上海恒道国际物流,622202***8888,工商银行,2024-02-09 15:15:00,江苏锦祺供应链,,229398.67,,229398.67,4590656.65,,货款,,收,经营类,主营业务,销售收入,规则,0.9,,网银,sample.xlsx,69
TX000070,上海恒道国际物流,上海恒道国际物流,对公,上海恒道国际物流,622202***8888,工商银行,2024-02-09 18:31:00,中远海运,,,167996.88,-167996.88,4422659.77,,货款,,支,经营类,运营成本,采购支出,规则,0.9,,网银,sample.xlsx,70
TX000071,上海恒道国际物流,上海恒道国际物流,对公,上海恒道国际物流,622202***8888,工商银行,2024-02-10 13:12:00,燃油供应公司,,,175058.02,-175058.02,4247601.75,,货款,,支,经营类,运营成本,采购支出,规则,0.9,,网银,sample.xlsx,71
TX000072,上海恒道国际物流,上海恒道国际物流,对公,上海恒道国际物流,622202***8888,工商银行,2024-02-10 08:53:00,上海港务,,,107127.45,-107127.45,4140474.3,,货款,,支,经营类,运营成本,采购支出,规则,0.9,,网银,sample.xlsx,72
TX000073,上海恒道国际物流,上海恒道国际物流,对公,上海恒道国际物流,622202***8888,工商银行,2024-02-10 14:10:00,北京诚栋集成房屋,,257670.36,,257670.36,4398144.66,,货款,,收,经营类,主营业务,销售收入,规则,0.9,,网银,sample.xlsx,73
TX000074,上海恒道国际物流,上海恒道国际物流,对公,上海恒道国际物流,622202***8888,工商银行,2024-02-13 08:29:00,燃油供应公司,,,153706.82,-153706.82,4244437.84,,货款,,支,经营类,运营成本,采购支出,规则,0.9,,网银,sample.xlsx,74
TX000075,上海恒道国际物流,上海恒道国际物流,对公,上海恒道国际物流,622202***8888,工商银行,2024-02-13 13:35:00,西轮国运代理,,189413.35,,189413.35,4433851.19,,货款,,收,经营类,主营业务,销售收入,规则,0.9,,网银,sample.xlsx,75
TX000076,上海恒道国际物流,上海恒道国际物流,对公,上海恒道国际物流,622202***8888,工商银行,2024-02-13 13:11:00,北京诚栋集成房屋,,386953.37,,386953.37,4820804.56,,货款,,收,经营类,主营业务,销售收入,规则,0.9,,网银,sample.xlsx,76
TX000077,上海恒道国际物流,上海恒道国际物流,对公,上海恒道国际物流,622202***8888,工商银行,2024-02-15 11:32:00,合肥中南光电,,125992.97,,125992.97,4946797.53,,货款,,收,经营类,主营业务,销售收入,规则,0.9,,网银,sample.xlsx,77
TX000078,上海恒道国际物流,上海恒道国际物流,对公,上海恒道国际物流,622202***8888,工商银行,2024-02-15 14:37:00,中远海运,,,73400.48,-73400.48,4873397.05,,货款,,支,经营类,运营成本,采购支出,规则,0.9,,网银,sample.xlsx,78
TX000079,上海恒道国际物流,上海恒道国际物流,对公,上海恒道国际物流,622202***8888,工商银行,2024-02-17 16:54:00,西轮国运代理,,259274.55,,259274.55,5132671.6,,货款,,收,经营类,主营业务,销售收入,规则,0.9,,网银,sample.xlsx,79
TX000080,上海恒道国际物流,上海恒道国际物流,对公,上海恒道国际物流,622202***8888,工商银行,2024-02-17 15:09:00,物流仓储乙,,,103483.95,-103483.95,5029187.65,,货款,,支,经营类,运营成本,采购支出,规则,0.9,,网银,sample.xlsx,80
TX000081,上海恒道国际物流,上海恒道国际物流,对公,上海恒道国际物流,622202***8888,工商银行,2024-02-17 16:40:00,现金,,264423.39,,264423.39,5293611.04,,货款,,收,现金类,现金,现金存入,规则,0.9,,网银,sample.xlsx,81
TX000082,上海恒道国际物流,上海恒道国际物流,对公,上海恒道国际物流,622202***8888,工商银行,2024-02-18 16:36:00,物流仓储乙,,,43433.83,-43433.83,5250177.21,,货款,,支,经营类,运营成本,采购支出,规则,0.9,,网银,sample.xlsx,82
TX000083,上海恒道国际物流,上海恒道国际物流,对公,上海恒道国际物流,622202***8888,工商银行,2024-02-18 18:44:00,中远海运,,,208338.19,-208338.19,5041839.02,,货款,,支,经营类,运营成本,采购支出,规则,0.9,,网银,sample.xlsx,83
TX000084,上海恒道国际物流,上海恒道国际物流,对公,上海恒道国际物流,622202***8888,工商银行,2024-02-18 13:06:00,中远海运,,,17478.53,-17478.53,5024360.49,,货款,,支,经营类,运营成本,采购支出,规则,0.9,,网银,sample.xlsx,84
TX000085,上海恒道国际物流,上海恒道国际物流,对公,上海恒道国际物流,622202***8888,工商银行,2024-02-19 16:43:00,现金,,,22187.28,-22187.28,5002173.21,,货款,,支,现金类,现金,现金取款,规则,0.9,,网银,sample.xlsx,85
TX000086,上海恒道国际物流,上海恒道国际物流,对公,上海恒道国际物流,622202***8888,工商银行,2024-02-19 16:57:00,西轮国运代理,,21259.44,,21259.44,5023432.65,,货款,,收,经营类,主营业务,销售收入,规则,0.9,,网银,sample.xlsx,86
TX000087,上海恒道国际物流,上海恒道国际物流,对公,上海恒道国际物流,622202***8888,工商银行,2024-02-19 12:51:00,江苏锦祺供应链,,45099.14,,45099.14,5068531.79,,货款,,收,经营类,主营业务,销售收入,规则,0.9,,网银,sample.xlsx,87
TX000088,上海恒道国际物流,上海恒道国际物流,对公,上海恒道国际物流,622202***8888,工商银行,2024-02-21 15:31:00,上海建工集团,,107679.73,,107679.73,5176211.52,,货款,,收,经营类,主营业务,销售收入,规则,0.9,,网银,sample.xlsx,88
TX000089,上海恒道国际物流,上海恒道国际物流,对公,上海恒道国际物流,622202***8888,工商银行,2024-02-21 08:39:00,中远海运,,,124962.44,-124962.44,5051249.08,,货款,,支,经营类,运营成本,采购支出,规则,0.9,,网银,sample.xlsx,89
TX000090,上海恒道国际物流,上海恒道国际物流,对公,上海恒道国际物流,622202***8888,工商银行,2024-02-22 12:39:00,上海建工集团,,146073.72,,146073.72,5197322.8,,货款,,收,经营类,主营业务,销售收入,规则,0.9,,网银,sample.xlsx,90
TX000091,上海恒道国际物流,上海恒道国际物流,对公,上海恒道国际物流,622202***8888,工商银行,2024-02-23 09:44:00,北京诚栋集成房屋,,204603.26,,204603.26,5401926.06,,货款,,收,经营类,主营业务,销售收入,规则,0.9,,网银,sample.xlsx,91
TX000092,上海恒道国际物流,上海恒道国际物流,对公,上海恒道国际物流,622202***8888,工商银行,2024-02-24 15:29:00,燃油供应公司,,,180129.02,-180129.02,5221797.04,,货款,,支,经营类,运营成本,采购支出,规则,0.9,,网银,sample.xlsx,92
TX000093,上海恒道国际物流,上海恒道国际物流,对公,上海恒道国际物流,622202***8888,工商银行,2024-02-26 15:04:00,现金,,375776.65,,375776.65,5597573.69,,货款,,收,现金类,现金,现金存入,规则,0.9,,网银,sample.xlsx,93
TX000094,上海恒道国际物流,上海恒道国际物流,对公,上海恒道国际物流,622202***8888,工商银行,2024-02-27 11:04:00,报关行甲,,,60360.93,-60360.93,5537212.76,,货款,,支,经营类,运营成本,采购支出,规则,0.9,,网银,sample.xlsx,94
TX000095,上海恒道国际物流,上海恒道国际物流,对公,上海恒道国际物流,622202***8888,工商银行,2024-02-27 13:08:00,上海港务,,,189396.68,-189396.68,5347816.08,,货款,,支,经营类,运营成本,采购支出,规则,0.9,,网银,sample.xlsx,95
TX000096,上海恒道国际物流,上海恒道国际物流,对公,上海恒道国际物流,622202***8888,工商银行,2024-02-27 13:14:00,物流仓储乙,,,77096.3,-77096.3,5270719.78,,货款,,支,经营类,运营成本,采购支出,规则,0.9,,网银,sample.xlsx,96
TX000097,上海恒道国际物流,上海恒道国际物流,对公,上海恒道国际物流,622202***8888,工商银行,2024-02-28 15:43:00,报关行甲,,,104579.32,-104579.32,5166140.46,,货款,,支,经营类,运营成本,采购支出,规则,0.9,,网银,sample.xlsx,97
TX000098,上海恒道国际物流,上海恒道国际物流,对公,上海恒道国际物流,622202***8888,工商银行,2024-02-28 14:20:00,西轮国运代理,,296329.45,,296329.45,5462469.91,,货款,,收,经营类,主营业务,销售收入,规则,0.9,,网银,sample.xlsx,98
TX000099,上海恒道国际物流,上海恒道国际物流,对公,上海恒道国际物流,622202***8888,工商银行,2024-02-28 14:07:00,西轮国运代理,,20661.73,,20661.73,5483131.64,,货款,,收,经营类,主营业务,销售收入,规则,0.9,,网银,sample.xlsx,99
TX000100,上海恒道国际物流,上海恒道国际物流,对公,上海恒道国际物流,622202***8888,工商银行,2024-02-29 14:55:00,燃油供应公司,,,70770.93,-70770.93,5412360.71,,货款,,支,经营类,运营成本,采购支出,规则,0.9,,网银,sample.xlsx,100
TX000101,上海恒道国际物流,上海恒道国际物流,对公,上海恒道国际物流,622202***8888,工商银行,2024-03-02 08:53:00,燃油供应公司,,,215021.26,-215021.26,5197339.45,,货款,,支,经营类,运营成本,采购支出,规则,0.9,,网银,sample.xlsx,101
TX000102,上海恒道国际物流,上海恒道国际物流,对公,上海恒道国际物流,622202***8888,工商银行,2024-03-02 16:20:00,上海港务,,,69837.93,-69837.93,5127501.52,,货款,,支,经营类,运营成本,采购支出,规则,0.9,,网银,sample.xlsx,102
TX000103,上海恒道国际物流,上海恒道国际物流,对公,上海恒道国际物流,622202***8888,工商银行,2024-03-03 18:25:00,报关行甲,,,222223.97,-222223.97,4905277.55,,货款,,支,经营类,运营成本,采购支出,规则,0.9,,网银,sample.xlsx,103
TX000104,上海恒道国际物流,上海恒道国际物流,对公,上海恒道国际物流,622202***8888,工商银行,2024-03-04 17:48:00,中远海运,,,234031.68,-234031.68,4671245.87,,货款,,支,经营类,运营成本,采购支出,规则,0.9,,网银,sample.xlsx,104
TX000105,上海恒道国际物流,上海恒道国际物流,对公,上海恒道国际物流,622202***8888,工商银行,2024-03-05 16:08:00,燃油供应公司,,,126538.02,-126538.02,4544707.85,,货款,,支,经营类,运营成本,采购支出,规则,0.9,,网银,sample.xlsx,105
TX000106,上海恒道国际物流,上海恒道国际物流,对公,上海恒道国际物流,622202***8888,工商银行,2024-03-06 18:16:00,西轮国运代理,,127063.5,,127063.5,4671771.35,,货款,,收,经营类,主营业务,销售收入,规则,0.9,,网银,sample.xlsx,106
TX000107,上海恒道国际物流,上海恒道国际物流,对公,上海恒道国际物流,622202***8888,工商银行,2024-03-07 09:10:00,燃油供应公司,,,125963.69,-125963.69,4545807.66,,货款,,支,经营类,运营成本,采购支出,规则,0.9,,网银,sample.xlsx,107
TX000108,上海恒道国际物流,上海恒道国际物流,对公,上海恒道国际物流,622202***8888,工商银行,2024-03-07 15:35:00,中远海运,,,59889.41,-59889.41,4485918.25,,货款,,支,经营类,运营成本,采购支出,规则,0.9,,网银,sample.xlsx,108
TX000109,上海恒道国际物流,上海恒道国际物流,对公,上海恒道国际物流,622202***8888,工商银行,2024-03-07 10:35:00,西轮国运代理,,398660.54,,398660.54,4884578.79,,货款,,收,经营类,主营业务,销售收入,规则,0.9,,网银,sample.xlsx,109
TX000110,上海恒道国际物流,上海恒道国际物流,对公,上海恒道国际物流,622202***8888,工商银行,2024-03-08 11:23:00,上海建工集团,,149942.99,,149942.99,5034521.78,,货款,,收,经营类,主营业务,销售收入,规则,0.9,,网银,sample.xlsx,110
TX000111,上海恒道国际物流,上海恒道国际物流,对公,上海恒道国际物流,622202***8888,工商银行,2024-03-09 14:24:00,上海港务,,,222940.35,-222940.35,4811581.43,,货款,,支,经营类,运营成本,采购支出,规则,0.9,,网银,sample.xlsx,111
TX000112,上海恒道国际物流,上海恒道国际物流,对公,上海恒道国际物流,622202***8888,工商银行,2024-03-09 08:31:00,江苏锦祺供应链,,99801.88,,99801.88,4911383.31,,货款,,收,经营类,主营业务,销售收入,规则,0.9,,网银,sample.xlsx,112
TX000113,上海恒道国际物流,上海恒道国际物流,对公,上海恒道国际物流,622202***8888,工商银行,2024-03-10 18:50:00,燃油供应公司,,,40209.71,-40209.71,4871173.6,,货款,,支,经营类,运营成本,采购支出,规则,0.9,,网银,sample.xlsx,113
TX000114,上海恒道国际物流,上海恒道国际物流,对公,上海恒道国际物流,622202***8888,工商银行,2024-03-10 14:25:00,上海港务,,,32223.56,-32223.56,4838950.04,,货款,,支,经营类,运营成本,采购支出,规则,0.9,,网银,sample.xlsx,114
TX000115,上海恒道国际物流,上海恒道国际物流,对公,上海恒道国际物流,622202***8888,工商银行,2024-03-11 08:08:00,西轮国运代理,,342499.8,,342499.8,5181449.84,,货款,,收,经营类,主营业务,销售收入,规则,0.9,,网银,sample.xlsx,115
TX000116,上海恒道国际物流,上海恒道国际物流,对公,上海恒道国际物流,622202***8888,工商银行,2024-03-11 09:25:00,合肥中南光电,,387946.88,,387946.88,5569396.72,,货款,,收,经营类,主营业务,销售收入,规则,0.9,,网银,sample.xlsx,116
TX000117,上海恒道国际物流,上海恒道国际物流,对公,上海恒道国际物流,622202***8888,工商银行,2024-03-11 11:50:00,物流仓储乙,,,215311.04,-215311.04,5354085.68,,货款,,支,经营类,运营成本,采购支出,规则,0.9,,网银,sample.xlsx,117
TX000118,上海恒道国际物流,上海恒道国际物流,对公,上海恒道国际物流,622202***8888,工商银行,2024-03-13 18:54:00,江苏锦祺供应链,,389317.26,,389317.26,5743402.94,,货款,,收,经营类,主营业务,销售收入,规则,0.9,,网银,sample.xlsx,118
TX000119,上海恒道国际物流,上海恒道国际物流,对公,上海恒道国际物流,622202***8888,工商银行,2024-03-14 17:58:00,北京诚栋集成房屋,,20519.1,,20519.1,5763922.04,,货款,,收,经营类,主营业务,销售收入,规则,0.9,,网银,sample.xlsx,119
TX000120,上海恒道国际物流,上海恒道国际物流,对公,上海恒道国际物流,622202***8888,工商银行,2024-03-14 16:40:00,西轮国运代理,,385725.26,,385725.26,6149647.3,,货款,,收,经营类,主营业务,销售收入,规则,0.9,,网银,sample.xlsx,120
TX000121,上海恒道国际物流,上海恒道国际物流,对公,上海恒道国际物流,622202***8888,工商银行,2024-03-14 17:12:00,北京诚栋集成房屋,,57789.02,,57789.02,6207436.32,,货款,,收,经营类,主营业务,销售收入,规则,0.9,,网银,sample.xlsx,121
TX000122,上海恒道国际物流,上海恒道国际物流,对公,上海恒道国际物流,622202***8888,工商银行,2024-03-15 15:17:00,江苏锦祺供应链,,20437.77,,20437.77,6227874.09,,货款,,收,经营类,主营业务,销售收入,规则,0.9,,网银,sample.xlsx,122
TX000123,上海恒道国际物流,上海恒道国际物流,对公,上海恒道国际物流,622202***8888,工商银行,2024-03-15 11:01:00,上海港务,,,124073.01,-124073.01,6103801.08,,货款,,支,经营类,运营成本,采购支出,规则,0.9,,网银,sample.xlsx,123
TX000124,上海恒道国际物流,上海恒道国际物流,对公,上海恒道国际物流,622202***8888,工商银行,2024-03-15 18:41:00,燃油供应公司,,,23274.09,-23274.09,6080526.99,,货款,,支,经营类,运营成本,采购支出,规则,0.9,,网银,sample.xlsx,124
TX000125,上海恒道国际物流,上海恒道国际物流,对公,上海恒道国际物流,622202***8888,工商银行,2024-03-16 11:31:00,上海建工集团,,273594.92,,273594.92,6354121.91,,货款,,收,经营类,主营业务,销售收入,规则,0.9,,网银,sample.xlsx,125
TX000126,上海恒道国际物流,上海恒道国际物流,对公,上海恒道国际物流,622202***8888,工商银行,2024-03-16 14:12:00,西轮国运代理,,292966.25,,292966.25,6647088.16,,货款,,收,经营类,主营业务,销售收入,规则,0.9,,网银,sample.xlsx,126
TX000127,上海恒道国际物流,上海恒道国际物流,对公,上海恒道国际物流,622202***8888,工商银行,2024-03-16 11:31:00,西轮国运代理,,300869.1,,300869.1,6947957.26,,货款,,收,经营类,主营业务,销售收入,规则,0.9,,网银,sample.xlsx,127
TX000128,上海恒道国际物流,上海恒道国际物流,对公,上海恒道国际物流,622202***8888,工商银行,2024-03-17 12:06:00,上海建工集团,,107707.35,,107707.35,7055664.61,,货款,,收,经营类,主营业务,销售收入,规则,0.9,,网银,sample.xlsx,128
TX000129,上海恒道国际物流,上海恒道国际物流,对公,上海恒道国际物流,622202***8888,工商银行,2024-03-18 08:38:00,上海港务,,,126412.66,-126412.66,6929251.95,,货款,,支,经营类,运营成本,采购支出,规则,0.9,,网银,sample.xlsx,129
TX000130,上海恒道国际物流,上海恒道国际物流,对公,上海恒道国际物流,622202***8888,工商银行,2024-03-18 17:09:00,现金,,40656.18,,40656.18,6969908.13,,货款,,收,现金类,现金,现金存入,规则,0.9,,网银,sample.xlsx,130
TX000131,上海恒道国际物流,上海恒道国际物流,对公,上海恒道国际物流,622202***8888,工商银行,2024-03-18 13:46:00,北京诚栋集成房屋,,89959.83,,89959.83,7059867.96,,货款,,收,经营类,主营业务,销售收入,规则,0.9,,网银,sample.xlsx,131
TX000132,上海恒道国际物流,上海恒道国际物流,对公,上海恒道国际物流,622202***8888,工商银行,2024-03-21 15:02:00,上海建工集团,,267937.93,,267937.93,7327805.89,,货款,,收,经营类,主营业务,销售收入,规则,0.9,,网银,sample.xlsx,132
TX000133,上海恒道国际物流,上海恒道国际物流,对公,上海恒道国际物流,622202***8888,工商银行,2024-03-22 15:10:00,报关行甲,,,211390.48,-211390.48,7116415.41,,货款,,支,经营类,运营成本,采购支出,规则,0.9,,网银,sample.xlsx,133
TX000134,上海恒道国际物流,上海恒道国际物流,对公,上海恒道国际物流,622202***8888,工商银行,2024-03-22 09:35:00,北京诚栋集成房屋,,126326.44,,126326.44,7242741.85,,货款,,收,经营类,主营业务,销售收入,规则,0.9,,网银,sample.xlsx,134
TX000135,上海恒道国际物流,上海恒道国际物流,对公,上海恒道国际物流,622202***8888,工商银行,2024-03-23 08:45:00,西轮国运代理,,332363.03,,332363.03,7575104.88,,货款,,收,经营类,主营业务,销售收入,规则,0.9,,网银,sample.xlsx,135
TX000136,上海恒道国际物流,上海恒道国际物流,对公,上海恒道国际物流,622202***8888,工商银行,2024-03-24 13:47:00,江苏锦祺供应链,,369412.44,,369412.44,7944517.32,,货款,,收,经营类,主营业务,销售收入,规则,0.9,,网银,sample.xlsx,136
TX000137,上海恒道国际物流,上海恒道国际物流,对公,上海恒道国际物流,622202***8888,工商银行,2024-03-24 18:49:00,中远海运,,,161598.91,-161598.91,7782918.41,,货款,,支,经营类,运营成本,采购支出,规则,0.9,,网银,sample.xlsx,137
TX000138,上海恒道国际物流,上海恒道国际物流,对公,上海恒道国际物流,622202***8888,工商银行,2024-03-24 08:16:00,合肥中南光电,,33244.67,,33244.67,7816163.08,,货款,,收,经营类,主营业务,销售收入,规则,0.9,,网银,sample.xlsx,138
TX000139,上海恒道国际物流,上海恒道国际物流,对公,上海恒道国际物流,622202***8888,工商银行,2024-03-25 17:02:00,物流仓储乙,,,91376.69,-91376.69,7724786.39,,货款,,支,经营类,运营成本,采购支出,规则,0.9,,网银,sample.xlsx,139
TX000140,上海恒道国际物流,上海恒道国际物流,对公,上海恒道国际物流,622202***8888,工商银行,2024-03-26 17:58:00,燃油供应公司,,,231814.74,-231814.74,7492971.65,,货款,,支,经营类,运营成本,采购支出,规则,0.9,,网银,sample.xlsx,140
TX000141,上海恒道国际物流,上海恒道国际物流,对公,上海恒道国际物流,622202***8888,工商银行,2024-03-26 15:45:00,中远海运,,,15821.61,-15821.61,7477150.04,,货款,,支,经营类,运营成本,采购支出,规则,0.9,,网银,sample.xlsx,141
TX000142,上海恒道国际物流,上海恒道国际物流,对公,上海恒道国际物流,622202***8888,工商银行,2024-03-27 15:08:00,报关行甲,,,199551.73,-199551.73,7277598.31,,货款,,支,经营类,运营成本,采购支出,规则,0.9,,网银,sample.xlsx,142
TX000143,上海恒道国际物流,上海恒道国际物流,对公,上海恒道国际物流,622202***8888,工商银行,2024-03-27 12:52:00,上海港务,,,12089.24,-12089.24,7265509.07,,货款,,支,经营类,运营成本,采购支出,规则,0.9,,网银,sample.xlsx,143
TX000144,上海恒道国际物流,上海恒道国际物流,对公,上海恒道国际物流,622202***8888,工商银行,2024-03-27 13:29:00,上海港务,,,155741.02,-155741.02,7109768.05,,货款,,支,经营类,运营成本,采购支出,规则,0.9,,网银,sample.xlsx,144
TX000145,上海恒道国际物流,上海恒道国际物流,对公,上海恒道国际物流,622202***8888,工商银行,2024-03-28 10:15:00,物流仓储乙,,,28963.57,-28963.57,7080804.48,,货款,,支,经营类,运营成本,采购支出,规则,0.9,,网银,sample.xlsx,145
TX000146,上海恒道国际物流,上海恒道国际物流,对公,上海恒道国际物流,622202***8888,工商银行,2024-03-28 10:27:00,北京诚栋集成房屋,,203042.16,,203042.16,7283846.64,,货款,,收,经营类,主营业务,销售收入,规则,0.9,,网银,sample.xlsx,146
TX000147,上海恒道国际物流,上海恒道国际物流,对公,上海恒道国际物流,622202***8888,工商银行,2024-03-31 15:11:00,上海港务,,,33141.42,-33141.42,7250705.22,,货款,,支,经营类,运营成本,采购支出,规则,0.9,,网银,sample.xlsx,147
TX000148,上海恒道国际物流,上海恒道国际物流,对公,上海恒道国际物流,622202***8888,工商银行,2024-03-31 11:47:00,合肥中南光电,,195151.03,,195151.03,7445856.25,,货款,,收,经营类,主营业务,销售收入,规则,0.9,,网银,sample.xlsx,148
TX000149,上海恒道国际物流,上海恒道国际物流,对公,上海恒道国际物流,622202***8888,工商银行,2024-04-02 12:12:00,江苏锦祺供应链,,121713.03,,121713.03,7567569.28,,货款,,收,经营类,主营业务,销售收入,规则,0.9,,网银,sample.xlsx,149
TX000150,上海恒道国际物流,上海恒道国际物流,对公,上海恒道国际物流,622202***8888,工商银行,2024-04-02 17:12:00,上海建工集团,,113229.31,,113229.31,7680798.59,,货款,,收,经营类,主营业务,销售收入,规则,0.9,,网银,sample.xlsx,150
TX000151,上海恒道国际物流,上海恒道国际物流,对公,上海恒道国际物流,622202***8888,工商银行,2024-04-03 11:41:00,西轮国运代理,,397130.52,,397130.52,8077929.11,,货款,,收,经营类,主营业务,销售收入,规则,0.9,,网银,sample.xlsx,151
TX000152,上海恒道国际物流,上海恒道国际物流,对公,上海恒道国际物流,622202***8888,工商银行,2024-04-03 15:56:00,报关行甲,,,247829.36,-247829.36,7830099.75,,货款,,支,经营类,运营成本,采购支出,规则,0.9,,网银,sample.xlsx,152
TX000153,上海恒道国际物流,上海恒道国际物流,对公,上海恒道国际物流,622202***8888,工商银行,2024-04-04 09:03:00,燃油供应公司,,,19686.85,-19686.85,7810412.9,,货款,,支,经营类,运营成本,采购支出,规则,0.9,,网银,sample.xlsx,153
TX000154,上海恒道国际物流,上海恒道国际物流,对公,上海恒道国际物流,622202***8888,工商银行,2024-04-05 16:55:00,物流仓储乙,,,56598.79,-56598.79,7753814.11,,货款,,支,经营类,运营成本,采购支出,规则,0.9,,网银,sample.xlsx,154
TX000155,上海恒道国际物流,上海恒道国际物流,对公,上海恒道国际物流,622202***8888,工商银行,2024-04-06 08:06:00,西轮国运代理,,314499.32,,314499.32,8068313.43,,货款,,收,经营类,主营业务,销售收入,规则,0.9,,网银,sample.xlsx,155
TX000156,上海恒道国际物流,上海恒道国际物流,对公,上海恒道国际物流,622202***8888,工商银行,2024-04-07 12:02:00,现金,,149206.29,,149206.29,8217519.72,,货款,,收,现金类,现金,现金存入,规则,0.9,,网银,sample.xlsx,156
TX000157,上海恒道国际物流,上海恒道国际物流,对公,上海恒道国际物流,622202***8888,工商银行,2024-04-07 14:43:00,上海港务,,,205538.49,-205538.49,8011981.23,,货款,,支,经营类,运营成本,采购支出,规则,0.9,,网银,sample.xlsx,157
TX000158,上海恒道国际物流,上海恒道国际物流,对公,上海恒道国际物流,622202***8888,工商银行,2024-04-08 15:35:00,现金,,49615.21,,49615.21,8061596.44,,货款,,收,现金类,现金,现金存入,规则,0.9,,网银,sample.xlsx,158
TX000159,上海恒道国际物流,上海恒道国际物流,对公,上海恒道国际物流,622202***8888,工商银行,2024-04-08 16:09:00,合肥中南光电,,58527.35,,58527.35,8120123.79,,货款,,收,经营类,主营业务,销售收入,规则,0.9,,网银,sample.xlsx,159
TX000160,上海恒道国际物流,上海恒道国际物流,对公,上海恒道国际物流,622202***8888,工商银行,2024-04-10 12:26:00,西轮国运代理,,175719.79,,175719.79,8295843.58,,货款,,收,经营类,主营业务,销售收入,规则,0.9,,网银,sample.xlsx,160
TX000161,上海恒道国际物流,上海恒道国际物流,对公,上海恒道国际物流,622202***8888,工商银行,2024-04-12 13:41:00,现金,,,109379.21,-109379.21,8186464.37,,货款,,支,现金类,现金,现金取款,规则,0.9,,网银,sample.xlsx,161
TX000162,上海恒道国际物流,上海恒道国际物流,对公,上海恒道国际物流,622202***8888,工商银行,2024-04-12 10:27:00,现金,,97393.52,,97393.52,8283857.89,,货款,,收,现金类,现金,现金存入,规则,0.9,,网银,sample.xlsx,162
TX000163,上海恒道国际物流,上海恒道国际物流,对公,上海恒道国际物流,622202***8888,工商银行,2024-04-15 08:03:00,燃油供应公司,,,120617.5,-120617.5,8163240.39,,货款,,支,经营类,运营成本,采购支出,规则,0.9,,网银,sample.xlsx,163
TX000164,上海恒道国际物流,上海恒道国际物流,对公,上海恒道国际物流,622202***8888,工商银行,2024-04-15 13:47:00,报关行甲,,,31367.47,-31367.47,8131872.92,,货款,,支,经营类,运营成本,采购支出,规则,0.9,,网银,sample.xlsx,164
TX000165,上海恒道国际物流,上海恒道国际物流,对公,上海恒道国际物流,622202***8888,工商银行,2024-04-15 10:59:00,上海建工集团,,152219.08,,152219.08,8284092.0,,货款,,收,经营类,主营业务,销售收入,规则,0.9,,网银,sample.xlsx,165
TX000166,上海恒道国际物流,上海恒道国际物流,对公,上海恒道国际物流,622202***8888,工商银行,2024-04-18 08:58:00,上海建工集团,,134613.81,,134613.81,8418705.81,,货款,,收,经营类,主营业务,销售收入,规则,0.9,,网银,sample.xlsx,166
TX000167,上海恒道国际物流,上海恒道国际物流,对公,上海恒道国际物流,622202***8888,工商银行,2024-04-18 09:57:00,北京诚栋集成房屋,,250904.99,,250904.99,8669610.8,,货款,,收,经营类,主营业务,销售收入,规则,0.9,,网银,sample.xlsx,167
TX000168,上海恒道国际物流,上海恒道国际物流,对公,上海恒道国际物流,622202***8888,工商银行,2024-04-18 17:25:00,上海港务,,,163677.86,-163677.86,8505932.94,,货款,,支,经营类,运营成本,采购支出,规则,0.9,,网银,sample.xlsx,168
TX000169,上海恒道国际物流,上海恒道国际物流,对公,上海恒道国际物流,622202***8888,工商银行,2024-04-19 16:10:00,现金,,,145702.55,-145702.55,8360230.39,,货款,,支,现金类,现金,现金取款,规则,0.9,,网银,sample.xlsx,169
TX000170,上海恒道国际物流,上海恒道国际物流,对公,上海恒道国际物流,622202***8888,工商银行,2024-04-20 11:02:00,上海建工集团,,113882.38,,113882.38,8474112.77,,货款,,收,经营类,主营业务,销售收入,规则,0.9,,网银,sample.xlsx,170
TX000171,上海恒道国际物流,上海恒道国际物流,对公,上海恒道国际物流,622202***8888,工商银行,2024-04-20 14:38:00,中远海运,,,170295.14,-170295.14,8303817.63,,货款,,支,经营类,运营成本,采购支出,规则,0.9,,网银,sample.xlsx,171
TX000172,上海恒道国际物流,上海恒道国际物流,对公,上海恒道国际物流,622202***8888,工商银行,2024-04-20 11:27:00,西轮国运代理,,266630.59,,266630.59,8570448.22,,货款,,收,经营类,主营业务,销售收入,规则,0.9,,网银,sample.xlsx,172
TX000173,上海恒道国际物流,上海恒道国际物流,对公,上海恒道国际物流,622202***8888,工商银行,2024-04-21 08:39:00,报关行甲,,,130858.82,-130858.82,8439589.4,,货款,,支,经营类,运营成本,采购支出,规则,0.9,,网银,sample.xlsx,173
TX000174,上海恒道国际物流,上海恒道国际物流,对公,上海恒道国际物流,622202***8888,工商银行,2024-04-21 15:53:00,报关行甲,,,66460.22,-66460.22,8373129.18,,货款,,支,经营类,运营成本,采购支出,规则,0.9,,网银,sample.xlsx,174
TX000175,上海恒道国际物流,上海恒道国际物流,对公,上海恒道国际物流,622202***8888,工商银行,2024-04-21 13:27:00,合肥中南光电,,172130.09,,172130.09,8545259.27,,货款,,收,经营类,主营业务,销售收入,规则,0.9,,网银,sample.xlsx,175
TX000176,上海恒道国际物流,上海恒道国际物流,对公,上海恒道国际物流,622202***8888,工商银行,2024-04-22 08:40:00,合肥中南光电,,211649.98,,211649.98,8756909.25,,货款,,收,经营类,主营业务,销售收入,规则,0.9,,网银,sample.xlsx,176
TX000177,上海恒道国际物流,上海恒道国际物流,对公,上海恒道国际物流,622202***8888,工商银行,2024-04-22 08:48:00,西轮国运代理,,315501.71,,315501.71,9072410.96,,货款,,收,经营类,主营业务,销售收入,规则,0.9,,网银,sample.xlsx,177
TX000178,上海恒道国际物流,上海恒道国际物流,对公,上海恒道国际物流,622202***8888,工商银行,2024-04-23 17:46:00,上海港务,,,16205.56,-16205.56,9056205.4,,货款,,支,经营类,运营成本,采购支出,规则,0.9,,网银,sample.xlsx,178
TX000179,上海恒道国际物流,上海恒道国际物流,对公,上海恒道国际物流,622202***8888,工商银行,2024-04-23 15:18:00,中远海运,,,56489.75,-56489.75,8999715.65,,货款,,支,经营类,运营成本,采购支出,规则,0.9,,网银,sample.xlsx,179
TX000180,上海恒道国际物流,上海恒道国际物流,对公,上海恒道国际物流,622202***8888,工商银行,2024-04-23 11:04:00,上海港务,,,174672.15,-174672.15,8825043.5,,货款,,支,经营类,运营成本,采购支出,规则,0.9,,网银,sample.xlsx,180
TX000181,上海恒道国际物流,上海恒道国际物流,对公,上海恒道国际物流,622202***8888,工商银行,2024-04-24 12:57:00,燃油供应公司,,,48104.19,-48104.19,8776939.31,,货款,,支,经营类,运营成本,采购支出,规则,0.9,,网银,sample.xlsx,181
TX000182,上海恒道国际物流,上海恒道国际物流,对公,上海恒道国际物流,622202***8888,工商银行,2024-04-24 15:13:00,上海港务,,,70998.74,-70998.74,8705940.57,,货款,,支,经营类,运营成本,采购支出,规则,0.9,,网银,sample.xlsx,182
TX000183,上海恒道国际物流,上海恒道国际物流,对公,上海恒道国际物流,622202***8888,工商银行,2024-04-25 10:25:00,现金,,,86578.6,-86578.6,8619361.97,,货款,,支,现金类,现金,现金取款,规则,0.9,,网银,sample.xlsx,183
TX000184,上海恒道国际物流,上海恒道国际物流,对公,上海恒道国际物流,622202***8888,工商银行,2024-04-25 10:50:00,西轮国运代理,,278278.38,,278278.38,8897640.35,,货款,,收,经营类,主营业务,销售收入,规则,0.9,,网银,sample.xlsx,184
TX000185,上海恒道国际物流,上海恒道国际物流,对公,上海恒道国际物流,622202***8888,工商银行,2024-04-26 15:35:00,江苏锦祺供应链,,38457.2,,38457.2,8936097.55,,货款,,收,经营类,主营业务,销售收入,规则,0.9,,网银,sample.xlsx,185
TX000186,上海恒道国际物流,上海恒道国际物流,对公,上海恒道国际物流,622202***8888,工商银行,2024-04-26 14:47:00,北京诚栋集成房屋,,115772.01,,115772.01,9051869.56,,货款,,收,经营类,主营业务,销售收入,规则,0.9,,网银,sample.xlsx,186
TX000187,上海恒道国际物流,上海恒道国际物流,对公,上海恒道国际物流,622202***8888,工商银行,2024-04-27 09:28:00,西轮国运代理,,239396.99,,239396.99,9291266.55,,货款,,收,经营类,主营业务,销售收入,规则,0.9,,网银,sample.xlsx,187
TX000188,上海恒道国际物流,上海恒道国际物流,对公,上海恒道国际物流,622202***8888,工商银行,2024-04-27 16:16:00,现金,,302565.99,,302565.99,9593832.54,,货款,,收,现金类,现金,现金存入,规则,0.9,,网银,sample.xlsx,188
TX000189,上海恒道国际物流,上海恒道国际物流,对公,上海恒道国际物流,622202***8888,工商银行,2024-04-28 08:47:00,物流仓储乙,,,232830.21,-232830.21,9361002.33,,货款,,支,经营类,运营成本,采购支出,规则,0.9,,网银,sample.xlsx,189
TX000190,上海恒道国际物流,上海恒道国际物流,对公,上海恒道国际物流,622202***8888,工商银行,2024-04-28 14:32:00,上海建工集团,,130569.22,,130569.22,9491571.55,,货款,,收,经营类,主营业务,销售收入,规则,0.9,,网银,sample.xlsx,190
TX000191,上海恒道国际物流,上海恒道国际物流,对公,上海恒道国际物流,622202***8888,工商银行,2024-04-29 08:01:00,上海港务,,,127214.68,-127214.68,9364356.87,,货款,,支,经营类,运营成本,采购支出,规则,0.9,,网银,sample.xlsx,191
TX000192,上海恒道国际物流,上海恒道国际物流,对公,上海恒道国际物流,622202***8888,工商银行,2024-04-29 13:34:00,江苏锦祺供应链,,154885.78,,154885.78,9519242.65,,货款,,收,经营类,主营业务,销售收入,规则,0.9,,网银,sample.xlsx,192
TX000193,上海恒道国际物流,上海恒道国际物流,对公,上海恒道国际物流,622202***8888,工商银行,2024-04-30 17:53:00,西轮国运代理,,243854.81,,243854.81,9763097.46,,货款,,收,经营类,主营业务,销售收入,规则,0.9,,网银,sample.xlsx,193
TX000194,上海恒道国际物流,上海恒道国际物流,对公,上海恒道国际物流,622202***8888,工商银行,2024-05-01 10:28:00,北京诚栋集成房屋,,375904.55,,375904.55,10139002.01,,货款,,收,经营类,主营业务,销售收入,规则,0.9,,网银,sample.xlsx,194
TX000195,上海恒道国际物流,上海恒道国际物流,对公,上海恒道国际物流,622202***8888,工商银行,2024-05-01 14:51:00,上海建工集团,,351088.53,,351088.53,10490090.54,,货款,,收,经营类,主营业务,销售收入,规则,0.9,,网银,sample.xlsx,195
TX000196,上海恒道国际物流,上海恒道国际物流,对公,上海恒道国际物流,622202***8888,工商银行,2024-05-01 13:38:00,北京诚栋集成房屋,,41329.61,,41329.61,10531420.15,,货款,,收,经营类,主营业务,销售收入,规则,0.9,,网银,sample.xlsx,196
TX000197,上海恒道国际物流,上海恒道国际物流,对公,上海恒道国际物流,622202***8888,工商银行,2024-05-02 08:02:00,物流仓储乙,,,186045.37,-186045.37,10345374.78,,货款,,支,经营类,运营成本,采购支出,规则,0.9,,网银,sample.xlsx,197
TX000198,上海恒道国际物流,上海恒道国际物流,对公,上海恒道国际物流,622202***8888,工商银行,2024-05-02 08:58:00,北京诚栋集成房屋,,174275.72,,174275.72,10519650.5,,货款,,收,经营类,主营业务,销售收入,规则,0.9,,网银,sample.xlsx,198
TX000199,上海恒道国际物流,上海恒道国际物流,对公,上海恒道国际物流,622202***8888,工商银行,2024-05-02 11:09:00,中远海运,,,157033.5,-157033.5,10362617.0,,货款,,支,经营类,运营成本,采购支出,规则,0.9,,网银,sample.xlsx,199
TX000200,上海恒道国际物流,上海恒道国际物流,对公,上海恒道国际物流,622202***8888,工商银行,2024-05-03 14:52:00,江苏锦祺供应链,,264223.6,,264223.6,10626840.6,,货款,,收,经营类,主营业务,销售收入,规则,0.9,,网银,sample.xlsx,200
TX000201,上海恒道国际物流,上海恒道国际物流,对公,上海恒道国际物流,622202***8888,工商银行,2024-05-03 08:56:00,物流仓储乙,,,84251.8,-84251.8,10542588.8,,货款,,支,经营类,运营成本,采购支出,规则,0.9,,网银,sample.xlsx,201
TX000202,上海恒道国际物流,上海恒道国际物流,对公,上海恒道国际物流,622202***8888,工商银行,2024-05-03 14:47:00,现金,,,181695.67,-181695.67,10360893.13,,货款,,支,现金类,现金,现金取款,规则,0.9,,网银,sample.xlsx,202
TX000203,上海恒道国际物流,上海恒道国际物流,对公,上海恒道国际物流,622202***8888,工商银行,2024-05-04 12:14:00,合肥中南光电,,86648.86,,86648.86,10447541.99,,货款,,收,经营类,主营业务,销售收入,规则,0.9,,网银,sample.xlsx,203
TX000204,上海恒道国际物流,上海恒道国际物流,对公,上海恒道国际物流,622202***8888,工商银行,2024-05-04 12:45:00,中远海运,,,90523.85,-90523.85,10357018.14,,货款,,支,经营类,运营成本,采购支出,规则,0.9,,网银,sample.xlsx,204
TX000205,上海恒道国际物流,上海恒道国际物流,对公,上海恒道国际物流,622202***8888,工商银行,2024-05-04 16:16:00,江苏锦祺供应链,,278109.25,,278109.25,10635127.39,,货款,,收,经营类,主营业务,销售收入,规则,0.9,,网银,sample.xlsx,205
TX000206,上海恒道国际物流,上海恒道国际物流,对公,上海恒道国际物流,622202***8888,工商银行,2024-05-05 10:16:00,上海港务,,,30501.07,-30501.07,10604626.32,,货款,,支,经营类,运营成本,采购支出,规则,0.9,,网银,sample.xlsx,206
TX000207,上海恒道国际物流,上海恒道国际物流,对公,上海恒道国际物流,622202***8888,工商银行,2024-05-05 13:12:00,上海港务,,,236727.49,-236727.49,10367898.83,,货款,,支,经营类,运营成本,采购支出,规则,0.9,,网银,sample.xlsx,207
TX000208,上海恒道国际物流,上海恒道国际物流,对公,上海恒道国际物流,622202***8888,工商银行,2024-05-06 18:53:00,上海建工集团,,164190.6,,164190.6,10532089.43,,货款,,收,经营类,主营业务,销售收入,规则,0.9,,网银,sample.xlsx,208
TX000209,上海恒道国际物流,上海恒道国际物流,对公,上海恒道国际物流,622202***8888,工商银行,2024-05-06 08:54:00,报关行甲,,,123313.72,-123313.72,10408775.71,,货款,,支,经营类,运营成本,采购支出,规则,0.9,,网银,sample.xlsx,209
TX000210,上海恒道国际物流,上海恒道国际物流,对公,上海恒道国际物流,622202***8888,工商银行,2024-05-06 11:25:00,上海建工集团,,236729.38,,236729.38,10645505.09,,货款,,收,经营类,主营业务,销售收入,规则,0.9,,网银,sample.xlsx,210
TX000211,上海恒道国际物流,上海恒道国际物流,对公,上海恒道国际物流,622202***8888,工商银行,2024-05-08 10:22:00,北京诚栋集成房屋,,62519.36,,62519.36,10708024.45,,货款,,收,经营类,主营业务,销售收入,规则,0.9,,网银,sample.xlsx,211
TX000212,上海恒道国际物流,上海恒道国际物流,对公,上海恒道国际物流,622202***8888,工商银行,2024-05-09 18:02:00,中远海运,,,19995.87,-19995.87,10688028.58,,货款,,支,经营类,运营成本,采购支出,规则,0.9,,网银,sample.xlsx,212
TX000213,上海恒道国际物流,上海恒道国际物流,对公,上海恒道国际物流,622202***8888,工商银行,2024-05-13 14:06:00,江苏锦祺供应链,,358686.48,,358686.48,11046715.06,,货款,,收,经营类,主营业务,销售收入,规则,0.9,,网银,sample.xlsx,213
TX000214,上海恒道国际物流,上海恒道国际物流,对公,上海恒道国际物流,622202***8888,工商银行,2024-05-13 18:05:00,现金,,62548.5,,62548.5,11109263.56,,货款,,收,现金类,现金,现金存入,规则,0.9,,网银,sample.xlsx,214
TX000215,上海恒道国际物流,上海恒道国际物流,对公,上海恒道国际物流,622202***8888,工商银行,2024-05-14 11:18:00,上海建工集团,,57187.49,,57187.49,11166451.05,,货款,,收,经营类,主营业务,销售收入,规则,0.9,,网银,sample.xlsx,215
TX000216,上海恒道国际物流,上海恒道国际物流,对公,上海恒道国际物流,622202***8888,工商银行,2024-05-14 12:03:00,合肥中南光电,,119240.65,,119240.65,11285691.7,,货款,,收,经营类,主营业务,销售收入,规则,0.9,,网银,sample.xlsx,216
TX000217,上海恒道国际物流,上海恒道国际物流,对公,上海恒道国际物流,622202***8888,工商银行,2024-05-15 17:47:00,物流仓储乙,,,130896.96,-130896.96,11154794.74,,货款,,支,经营类,运营成本,采购支出,规则,0.9,,网银,sample.xlsx,217
TX000218,上海恒道国际物流,上海恒道国际物流,对公,上海恒道国际物流,622202***8888,工商银行,2024-05-15 09:22:00,合肥中南光电,,31874.36,,31874.36,11186669.1,,货款,,收,经营类,主营业务,销售收入,规则,0.9,,网银,sample.xlsx,218
TX000219,上海恒道国际物流,上海恒道国际物流,对公,上海恒道国际物流,622202***8888,工商银行,2024-05-16 09:36:00,物流仓储乙,,,145863.38,-145863.38,11040805.72,,货款,,支,经营类,运营成本,采购支出,规则,0.9,,网银,sample.xlsx,219
TX000220,上海恒道国际物流,上海恒道国际物流,对公,上海恒道国际物流,622202***8888,工商银行,2024-05-16 12:48:00,上海港务,,,114653.8,-114653.8,10926151.92,,货款,,支,经营类,运营成本,采购支出,规则,0.9,,网银,sample.xlsx,220
TX000221,上海恒道国际物流,上海恒道国际物流,对公,上海恒道国际物流,622202***8888,工商银行,2024-05-16 15:44:00,中远海运,,,11046.8,-11046.8,10915105.12,,货款,,支,经营类,运营成本,采购支出,规则,0.9,,网银,sample.xlsx,221
TX000222,上海恒道国际物流,上海恒道国际物流,对公,上海恒道国际物流,622202***8888,工商银行,2024-05-17 12:36:00,物流仓储乙,,,93324.56,-93324.56,10821780.56,,货款,,支,经营类,运营成本,采购支出,规则,0.9,,网银,sample.xlsx,222
TX000223,上海恒道国际物流,上海恒道国际物流,对公,上海恒道国际物流,622202***8888,工商银行,2024-05-18 10:07:00,上海建工集团,,376549.91,,376549.91,11198330.47,,货款,,收,经营类,主营业务,销售收入,规则,0.9,,网银,sample.xlsx,223
TX000224,上海恒道国际物流,上海恒道国际物流,对公,上海恒道国际物流,622202***8888,工商银行,2024-05-20 13:06:00,物流仓储乙,,,198863.95,-198863.95,10999466.52,,货款,,支,经营类,运营成本,采购支出,规则,0.9,,网银,sample.xlsx,224
TX000225,上海恒道国际物流,上海恒道国际物流,对公,上海恒道国际物流,622202***8888,工商银行,2024-05-20 14:56:00,合肥中南光电,,358899.86,,358899.86,11358366.38,,货款,,收,经营类,主营业务,销售收入,规则,0.9,,网银,sample.xlsx,225
TX000226,上海恒道国际物流,上海恒道国际物流,对公,上海恒道国际物流,622202***8888,工商银行,2024-05-20 16:32:00,燃油供应公司,,,59468.03,-59468.03,11298898.35,,货款,,支,经营类,运营成本,采购支出,规则,0.9,,网银,sample.xlsx,226
TX000227,上海恒道国际物流,上海恒道国际物流,对公,上海恒道国际物流,622202***8888,工商银行,2024-05-21 17:48:00,上海建工集团,,378689.63,,378689.63,11677587.98,,货款,,收,经营类,主营业务,销售收入,规则,0.9,,网银,sample.xlsx,227
TX000228,上海恒道国际物流,上海恒道国际物流,对公,上海恒道国际物流,622202***8888,工商银行,2024-05-23 18:35:00,物流仓储乙,,,47278.42,-47278.42,11630309.56,,货款,,支,经营类,运营成本,采购支出,规则,0.9,,网银,sample.xlsx,228
TX000229,上海恒道国际物流,上海恒道国际物流,对公,上海恒道国际物流,622202***8888,工商银行,2024-05-23 12:37:00,上海港务,,,121157.71,-121157.71,11509151.85,,货款,,支,经营类,运营成本,采购支出,规则,0.9,,网银,sample.xlsx,229
TX000230,上海恒道国际物流,上海恒道国际物流,对公,上海恒道国际物流,622202***8888,工商银行,2024-05-24 16:12:00,合肥中南光电,,264226.35,,264226.35,11773378.2,,货款,,收,经营类,主营业务,销售收入,规则,0.9,,网银,sample.xlsx,230
TX000231,上海恒道国际物流,上海恒道国际物流,对公,上海恒道国际物流,622202***8888,工商银行,2024-05-25 11:46:00,江苏锦祺供应链,,78745.85,,78745.85,11852124.05,,货款,,收,经营类,主营业务,销售收入,规则,0.9,,网银,sample.xlsx,231
TX000232,上海恒道国际物流,上海恒道国际物流,对公,上海恒道国际物流,622202***8888,工商银行,2024-05-25 11:16:00,江苏锦祺供应链,,152480.19,,152480.19,12004604.24,,货款,,收,经营类,主营业务,销售收入,规则,0.9,,网银,sample.xlsx,232
TX000233,上海恒道国际物流,上海恒道国际物流,对公,上海恒道国际物流,622202***8888,工商银行,2024-05-27 10:50:00,中远海运,,,56903.69,-56903.69,11947700.55,,货款,,支,经营类,运营成本,采购支出,规则,0.9,,网银,sample.xlsx,233
TX000234,上海恒道国际物流,上海恒道国际物流,对公,上海恒道国际物流,622202***8888,工商银行,2024-05-28 09:17:00,报关行甲,,,75716.93,-75716.93,11871983.62,,货款,,支,经营类,运营成本,采购支出,规则,0.9,,网银,sample.xlsx,234
TX000235,上海恒道国际物流,上海恒道国际物流,对公,上海恒道国际物流,622202***8888,工商银行,2024-05-28 14:44:00,现金,,196288.21,,196288.21,12068271.83,,货款,,收,现金类,现金,现金存入,规则,0.9,,网银,sample.xlsx,235
TX000236,上海恒道国际物流,上海恒道国际物流,对公,上海恒道国际物流,622202***8888,工商银行,2024-05-29 17:47:00,西轮国运代理,,196046.11,,196046.11,12264317.94,,货款,,收,经营类,主营业务,销售收入,规则,0.9,,网银,sample.xlsx,236
TX000237,上海恒道国际物流,上海恒道国际物流,对公,上海恒道国际物流,622202***8888,工商银行,2024-05-30 17:37:00,上海建工集团,,365041.48,,365041.48,12629359.42,,货款,,收,经营类,主营业务,销售收入,规则,0.9,,网银,sample.xlsx,237
TX000238,上海恒道国际物流,上海恒道国际物流,对公,上海恒道国际物流,622202***8888,工商银行,2024-05-30 18:56:00,报关行甲,,,213038.45,-213038.45,12416320.97,,货款,,支,经营类,运营成本,采购支出,规则,0.9,,网银,sample.xlsx,238
TX000239,上海恒道国际物流,上海恒道国际物流,对公,上海恒道国际物流,622202***8888,工商银行,2024-05-30 18:07:00,物流仓储乙,,,214586.56,-214586.56,12201734.41,,货款,,支,经营类,运营成本,采购支出,规则,0.9,,网银,sample.xlsx,239
TX000240,上海恒道国际物流,上海恒道国际物流,对公,上海恒道国际物流,622202***8888,工商银行,2024-05-31 14:15:00,西轮国运代理,,258745.24,,258745.24,12460479.65,,货款,,收,经营类,主营业务,销售收入,规则,0.9,,网银,sample.xlsx,240
TX000241,上海恒道国际物流,上海恒道国际物流,对公,上海恒道国际物流,622202***8888,工商银行,2024-05-31 15:01:00,上海港务,,,70014.64,-70014.64,12390465.01,,货款,,支,经营类,运营成本,采购支出,规则,0.9,,网银,sample.xlsx,241
TX000242,上海恒道国际物流,上海恒道国际物流,对公,上海恒道国际物流,622202***8888,工商银行,2024-05-31 10:57:00,报关行甲,,,134380.54,-134380.54,12256084.47,,货款,,支,经营类,运营成本,采购支出,规则,0.9,,网银,sample.xlsx,242
TX000243,上海恒道国际物流,上海恒道国际物流,对公,上海恒道国际物流,622202***8888,工商银行,2024-06-01 09:02:00,报关行甲,,,209649.14,-209649.14,12046435.33,,货款,,支,经营类,运营成本,采购支出,规则,0.9,,网银,sample.xlsx,243
TX000244,上海恒道国际物流,上海恒道国际物流,对公,上海恒道国际物流,622202***8888,工商银行,2024-06-01 11:33:00,上海建工集团,,81120.19,,81120.19,12127555.52,,货款,,收,经营类,主营业务,销售收入,规则,0.9,,网银,sample.xlsx,244
TX000245,上海恒道国际物流,上海恒道国际物流,对公,上海恒道国际物流,622202***8888,工商银行,2024-06-02 15:32:00,江苏锦祺供应链,,193578.18,,193578.18,12321133.7,,货款,,收,经营类,主营业务,销售收入,规则,0.9,,网银,sample.xlsx,245
TX000246,上海恒道国际物流,上海恒道国际物流,对公,上海恒道国际物流,622202***8888,工商银行,2024-06-02 15:13:00,西轮国运代理,,218241.54,,218241.54,12539375.24,,货款,,收,经营类,主营业务,销售收入,规则,0.9,,网银,sample.xlsx,246
TX000247,上海恒道国际物流,上海恒道国际物流,对公,上海恒道国际物流,622202***8888,工商银行,2024-06-03 18:03:00,北京诚栋集成房屋,,297060.46,,297060.46,12836435.7,,货款,,收,经营类,主营业务,销售收入,规则,0.9,,网银,sample.xlsx,247
TX000248,上海恒道国际物流,上海恒道国际物流,对公,上海恒道国际物流,622202***8888,工商银行,2024-06-04 14:40:00,合肥中南光电,,43371.45,,43371.45,12879807.15,,货款,,收,经营类,主营业务,销售收入,规则,0.9,,网银,sample.xlsx,248
TX000249,上海恒道国际物流,上海恒道国际物流,对公,上海恒道国际物流,622202***8888,工商银行,2024-06-04 12:47:00,燃油供应公司,,,149242.06,-149242.06,12730565.09,,货款,,支,经营类,运营成本,采购支出,规则,0.9,,网银,sample.xlsx,249
TX000250,上海恒道国际物流,上海恒道国际物流,对公,上海恒道国际物流,622202***8888,工商银行,2024-06-05 14:29:00,物流仓储乙,,,243160.26,-243160.26,12487404.83,,货款,,支,经营类,运营成本,采购支出,规则,0.9,,网银,sample.xlsx,250
TX000251,上海恒道国际物流,上海恒道国际物流,对公,上海恒道国际物流,622202***8888,工商银行,2024-06-05 18:12:00,上海建工集团,,373179.19,,373179.19,12860584.02,,货款,,收,经营类,主营业务,销售收入,规则,0.9,,网银,sample.xlsx,251
TX000252,上海恒道国际物流,上海恒道国际物流,对公,上海恒道国际物流,622202***8888,工商银行,2024-06-05 10:22:00,江苏锦祺供应链,,293867.8,,293867.8,13154451.82,,货款,,收,经营类,主营业务,销售收入,规则,0.9,,网银,sample.xlsx,252
TX000253,上海恒道国际物流,上海恒道国际物流,对公,上海恒道国际物流,622202***8888,工商银行,2024-06-06 15:22:00,西轮国运代理,,308757.41,,308757.41,13463209.23,,货款,,收,经营类,主营业务,销售收入,规则,0.9,,网银,sample.xlsx,253
TX000254,上海恒道国际物流,上海恒道国际物流,对公,上海恒道国际物流,622202***8888,工商银行,2024-06-06 12:27:00,上海港务,,,74181.88,-74181.88,13389027.35,,货款,,支,经营类,运营成本,采购支出,规则,0.9,,网银,sample.xlsx,254
TX000255,上海恒道国际物流,上海恒道国际物流,对公,上海恒道国际物流,622202***8888,工商银行,2024-06-06 12:22:00,报关行甲,,,10646.81,-10646.81,13378380.54,,货款,,支,经营类,运营成本,采购支出,规则,0.9,,网银,sample.xlsx,255
TX000256,上海恒道国际物流,上海恒道国际物流,对公,上海恒道国际物流,622202***8888,工商银行,2024-06-07 18:05:00,燃油供应公司,,,125092.01,-125092.01,13253288.53,,货款,,支,经营类,运营成本,采购支出,规则,0.9,,网银,sample.xlsx,256
TX000257,上海恒道国际物流,上海恒道国际物流,对公,上海恒道国际物流,622202***8888,工商银行,2024-06-08 17:57:00,西轮国运代理,,344689.27,,344689.27,13597977.8,,货款,,收,经营类,主营业务,销售收入,规则,0.9,,网银,sample.xlsx,257
TX000258,上海恒道国际物流,上海恒道国际物流,对公,上海恒道国际物流,622202***8888,工商银行,2024-06-08 17:00:00,上海建工集团,,221646.17,,221646.17,13819623.97,,货款,,收,经营类,主营业务,销售收入,规则,0.9,,网银,sample.xlsx,258
TX000259,上海恒道国际物流,上海恒道国际物流,对公,上海恒道国际物流,622202***8888,工商银行,2024-06-10 10:54:00,燃油供应公司,,,70006.37,-70006.37,13749617.6,,货款,,支,经营类,运营成本,采购支出,规则,0.9,,网银,sample.xlsx,259
TX000260,上海恒道国际物流,上海恒道国际物流,对公,上海恒道国际物流,622202***8888,工商银行,2024-06-11 14:50:00,合肥中南光电,,151648.75,,151648.75,13901266.35,,货款,,收,经营类,主营业务,销售收入,规则,0.9,,网银,sample.xlsx,260
TX000261,上海恒道国际物流,上海恒道国际物流,对公,上海恒道国际物流,622202***8888,工商银行,2024-06-12 16:50:00,物流仓储乙,,,244521.8,-244521.8,13656744.55,,货款,,支,经营类,运营成本,采购支出,规则,0.9,,网银,sample.xlsx,261
TX000262,上海恒道国际物流,上海恒道国际物流,对公,上海恒道国际物流,622202***8888,工商银行,2024-06-13 15:42:00,上海建工集团,,221702.28,,221702.28,13878446.83,,货款,,收,经营类,主营业务,销售收入,规则,0.9,,网银,sample.xlsx,262
TX000263,上海恒道国际物流,上海恒道国际物流,对公,上海恒道国际物流,622202***8888,工商银行,2024-06-13 10:30:00,物流仓储乙,,,38421.42,-38421.42,13840025.41,,货款,,支,经营类,运营成本,采购支出,规则,0.9,,网银,sample.xlsx,263
TX000264,上海恒道国际物流,上海恒道国际物流,对公,上海恒道国际物流,622202***8888,工商银行,2024-06-14 15:15:00,报关行甲,,,122102.6,-122102.6,13717922.81,,货款,,支,经营类,运营成本,采购支出,规则,0.9,,网银,sample.xlsx,264
TX000265,上海恒道国际物流,上海恒道国际物流,对公,上海恒道国际物流,622202***8888,工商银行,2024-06-14 10:53:00,江苏锦祺供应链,,247848.62,,247848.62,13965771.43,,货款,,收,经营类,主营业务,销售收入,规则,0.9,,网银,sample.xlsx,265
TX000266,上海恒道国际物流,上海恒道国际物流,对公,上海恒道国际物流,622202***8888,工商银行,2024-06-14 15:23:00,江苏锦祺供应链,,209090.47,,209090.47,14174861.9,,货款,,收,经营类,主营业务,销售收入,规则,0.9,,网银,sample.xlsx,266
TX000267,上海恒道国际物流,上海恒道国际物流,对公,上海恒道国际物流,622202***8888,工商银行,2024-06-15 18:01:00,北京诚栋集成房屋,,88597.21,,88597.21,14263459.11,,货款,,收,经营类,主营业务,销售收入,规则,0.9,,网银,sample.xlsx,267
TX000268,上海恒道国际物流,上海恒道国际物流,对公,上海恒道国际物流,622202***8888,工商银行,2024-06-15 13:51:00,北京诚栋集成房屋,,279383.47,,279383.47,14542842.58,,货款,,收,经营类,主营业务,销售收入,规则,0.9,,网银,sample.xlsx,268
TX000269,上海恒道国际物流,上海恒道国际物流,对公,上海恒道国际物流,622202***8888,工商银行,2024-06-15 10:02:00,物流仓储乙,,,126201.13,-126201.13,14416641.45,,货款,,支,经营类,运营成本,采购支出,规则,0.9,,网银,sample.xlsx,269
TX000270,上海恒道国际物流,上海恒道国际物流,对公,上海恒道国际物流,622202***8888,工商银行,2024-06-16 13:21:00,上海港务,,,91265.57,-91265.57,14325375.88,,货款,,支,经营类,运营成本,采购支出,规则,0.9,,网银,sample.xlsx,270
TX000271,上海恒道国际物流,上海恒道国际物流,对公,上海恒道国际物流,622202***8888,工商银行,2024-06-17 14:21:00,物流仓储乙,,,194937.85,-194937.85,14130438.03,,货款,,支,经营类,运营成本,采购支出,规则,0.9,,网银,sample.xlsx,271
TX000272,上海恒道国际物流,上海恒道国际物流,对公,上海恒道国际物流,622202***8888,工商银行,2024-06-17 13:52:00,江苏锦祺供应链,,40033.71,,40033.71,14170471.74,,货款,,收,经营类,主营业务,销售收入,规则,0.9,,网银,sample.xlsx,272
TX000273,上海恒道国际物流,上海恒道国际物流,对公,上海恒道国际物流,622202***8888,工商银行,2024-06-17 16:22:00,西轮国运代理,,211424.69,,211424.69,14381896.43,,货款,,收,经营类,主营业务,销售收入,规则,0.9,,网银,sample.xlsx,273
TX000274,上海恒道国际物流,上海恒道国际物流,对公,上海恒道国际物流,622202***8888,工商银行,2024-06-18 12:08:00,中远海运,,,89415.1,-89415.1,14292481.33,,货款,,支,经营类,运营成本,采购支出,规则,0.9,,网银,sample.xlsx,274
TX000275,上海恒道国际物流,上海恒道国际物流,对公,上海恒道国际物流,622202***8888,工商银行,2024-06-21 12:06:00,现金,,,140896.27,-140896.27,14151585.06,,货款,,支,现金类,现金,现金取款,规则,0.9,,网银,sample.xlsx,275
TX000276,上海恒道国际物流,上海恒道国际物流,对公,上海恒道国际物流,622202***8888,工商银行,2024-06-21 18:03:00,上海建工集团,,332345.26,,332345.26,14483930.32,,货款,,收,经营类,主营业务,销售收入,规则,0.9,,网银,sample.xlsx,276
TX000277,上海恒道国际物流,上海恒道国际物流,对公,上海恒道国际物流,622202***8888,工商银行,2024-06-21 18:43:00,物流仓储乙,,,156817.62,-156817.62,14327112.7,,货款,,支,经营类,运营成本,采购支出,规则,0.9,,网银,sample.xlsx,277
TX000278,上海恒道国际物流,上海恒道国际物流,对公,上海恒道国际物流,622202***8888,工商银行,2024-06-23 18:11:00,合肥中南光电,,257605.51,,257605.51,14584718.21,,货款,,收,经营类,主营业务,销售收入,规则,0.9,,网银,sample.xlsx,278
TX000279,上海恒道国际物流,上海恒道国际物流,对公,上海恒道国际物流,622202***8888,工商银行,2024-06-25 12:35:00,中远海运,,,98528.64,-98528.64,14486189.57,,货款,,支,经营类,运营成本,采购支出,规则,0.9,,网银,sample.xlsx,279
TX000280,上海恒道国际物流,上海恒道国际物流,对公,上海恒道国际物流,622202***8888,工商银行,2024-06-25 08:27:00,现金,,,54346.32,-54346.32,14431843.25,,货款,,支,现金类,现金,现金取款,规则,0.9,,网银,sample.xlsx,280
TX000281,上海恒道国际物流,上海恒道国际物流,对公,上海恒道国际物流,622202***8888,工商银行,2024-06-25 17:33:00,物流仓储乙,,,234126.04,-234126.04,14197717.21,,货款,,支,经营类,运营成本,采购支出,规则,0.9,,网银,sample.xlsx,281
TX000282,上海恒道国际物流,上海恒道国际物流,对公,上海恒道国际物流,622202***8888,工商银行,2024-06-28 14:38:00,现金,,,117153.21,-117153.21,14080564.0,,货款,,支,现金类,现金,现金取款,规则,0.9,,网银,sample.xlsx,282
TX000283,上海恒道国际物流,上海恒道国际物流,对公,上海恒道国际物流,622202***8888,工商银行,2024-06-28 09:05:00,上海港务,,,124107.62,-124107.62,13956456.38,,货款,,支,经营类,运营成本,采购支出,规则,0.9,,网银,sample.xlsx,283
TX000284,上海恒道国际物流,上海恒道国际物流,对公,上海恒道国际物流,622202***8888,工商银行,2024-06-28 14:00:00,上海港务,,,224985.35,-224985.35,13731471.03,,货款,,支,经营类,运营成本,采购支出,规则,0.9,,网银,sample.xlsx,284
TX000285,上海恒道国际物流,上海恒道国际物流,对公,上海恒道国际物流,622202***8888,工商银行,2024-07-02 17:15:00,上海港务,,,123359.62,-123359.62,13608111.41,,货款,,支,经营类,运营成本,采购支出,规则,0.9,,网银,sample.xlsx,285
TX000286,上海恒道国际物流,上海恒道国际物流,对公,上海恒道国际物流,622202***8888,工商银行,2024-07-03 10:46:00,上海港务,,,231472.76,-231472.76,13376638.65,,货款,,支,经营类,运营成本,采购支出,规则,0.9,,网银,sample.xlsx,286
TX000287,上海恒道国际物流,上海恒道国际物流,对公,上海恒道国际物流,622202***8888,工商银行,2024-07-03 15:42:00,燃油供应公司,,,160869.56,-160869.56,13215769.09,,货款,,支,经营类,运营成本,采购支出,规则,0.9,,网银,sample.xlsx,287
TX000288,上海恒道国际物流,上海恒道国际物流,对公,上海恒道国际物流,622202***8888,工商银行,2024-07-03 08:00:00,燃油供应公司,,,229245.07,-229245.07,12986524.02,,货款,,支,经营类,运营成本,采购支出,规则,0.9,,网银,sample.xlsx,288
TX000289,上海恒道国际物流,上海恒道国际物流,对公,上海恒道国际物流,622202***8888,工商银行,2024-07-07 15:38:00,江苏锦祺供应链,,83078.87,,83078.87,13069602.89,,货款,,收,经营类,主营业务,销售收入,规则,0.9,,网银,sample.xlsx,289
TX000290,上海恒道国际物流,上海恒道国际物流,对公,上海恒道国际物流,622202***8888,工商银行,2024-07-07 15:43:00,西轮国运代理,,380528.79,,380528.79,13450131.68,,货款,,收,经营类,主营业务,销售收入,规则,0.9,,网银,sample.xlsx,290
TX000291,上海恒道国际物流,上海恒道国际物流,对公,上海恒道国际物流,622202***8888,工商银行,2024-07-07 18:51:00,北京诚栋集成房屋,,158040.93,,158040.93,13608172.61,,货款,,收,经营类,主营业务,销售收入,规则,0.9,,网银,sample.xlsx,291
TX000292,上海恒道国际物流,上海恒道国际物流,对公,上海恒道国际物流,622202***8888,工商银行,2024-07-08 17:21:00,合肥中南光电,,379070.34,,379070.34,13987242.95,,货款,,收,经营类,主营业务,销售收入,规则,0.9,,网银,sample.xlsx,292
TX000293,上海恒道国际物流,上海恒道国际物流,对公,上海恒道国际物流,622202***8888,工商银行,2024-07-08 17:21:00,北京诚栋集成房屋,,256301.99,,256301.99,14243544.94,,货款,,收,经营类,主营业务,销售收入,规则,0.9,,网银,sample.xlsx,293
TX000294,上海恒道国际物流,上海恒道国际物流,对公,上海恒道国际物流,622202***8888,工商银行,2024-07-08 12:37:00,中远海运,,,209509.21,-209509.21,14034035.73,,货款,,支,经营类,运营成本,采购支出,规则,0.9,,网银,sample.xlsx,294
TX000295,上海恒道国际物流,上海恒道国际物流,对公,上海恒道国际物流,622202***8888,工商银行,2024-07-09 17:49:00,上海港务,,,100402.44,-100402.44,13933633.29,,货款,,支,经营类,运营成本,采购支出,规则,0.9,,网银,sample.xlsx,295
TX000296,上海恒道国际物流,上海恒道国际物流,对公,上海恒道国际物流,622202***8888,工商银行,2024-07-09 12:17:00,现金,,,77994.23,-77994.23,13855639.06,,货款,,支,现金类,现金,现金取款,规则,0.9,,网银,sample.xlsx,296
TX000297,上海恒道国际物流,上海恒道国际物流,对公,上海恒道国际物流,622202***8888,工商银行,2024-07-09 08:18:00,江苏锦祺供应链,,369826.57,,369826.57,14225465.63,,货款,,收,经营类,主营业务,销售收入,规则,0.9,,网银,sample.xlsx,297
TX000298,上海恒道国际物流,上海恒道国际物流,对公,上海恒道国际物流,622202***8888,工商银行,2024-07-10 16:43:00,物流仓储乙,,,45279.76,-45279.76,14180185.87,,货款,,支,经营类,运营成本,采购支出,规则,0.9,,网银,sample.xlsx,298
TX000299,上海恒道国际物流,上海恒道国际物流,对公,上海恒道国际物流,622202***8888,工商银行,2024-07-11 14:12:00,北京诚栋集成房屋,,225192.85,,225192.85,14405378.72,,货款,,收,经营类,主营业务,销售收入,规则,0.9,,网银,sample.xlsx,299
TX000300,上海恒道国际物流,上海恒道国际物流,对公,上海恒道国际物流,622202***8888,工商银行,2024-07-11 14:29:00,上海港务,,,84272.89,-84272.89,14321105.83,,货款,,支,经营类,运营成本,采购支出,规则,0.9,,网银,sample.xlsx,300
TX000301,上海恒道国际物流,上海恒道国际物流,对公,上海恒道国际物流,622202***8888,工商银行,2024-07-11 14:29:00,现金,,,150733.2,-150733.2,14170372.63,,货款,,支,现金类,现金,现金取款,规则,0.9,,网银,sample.xlsx,301
TX000302,上海恒道国际物流,上海恒道国际物流,对公,上海恒道国际物流,622202***8888,工商银行,2024-07-13 12:56:00,上海港务,,,105564.77,-105564.77,14064807.86,,货款,,支,经营类,运营成本,采购支出,规则,0.9,,网银,sample.xlsx,302
TX000303,上海恒道国际物流,上海恒道国际物流,对公,上海恒道国际物流,622202***8888,工商银行,2024-07-13 11:13:00,燃油供应公司,,,124380.69,-124380.69,13940427.17,,货款,,支,经营类,运营成本,采购支出,规则,0.9,,网银,sample.xlsx,303
TX000304,上海恒道国际物流,上海恒道国际物流,对公,上海恒道国际物流,622202***8888,工商银行,2024-07-14 14:49:00,西轮国运代理,,157873.79,,157873.79,14098300.96,,货款,,收,经营类,主营业务,销售收入,规则,0.9,,网银,sample.xlsx,304
TX000305,上海恒道国际物流,上海恒道国际物流,对公,上海恒道国际物流,622202***8888,工商银行,2024-07-15 18:29:00,合肥中南光电,,162135.36,,162135.36,14260436.32,,货款,,收,经营类,主营业务,销售收入,规则,0.9,,网银,sample.xlsx,305
TX000306,上海恒道国际物流,上海恒道国际物流,对公,上海恒道国际物流,622202***8888,工商银行,2024-07-17 08:06:00,北京诚栋集成房屋,,151070.23,,151070.23,14411506.55,,货款,,收,经营类,主营业务,销售收入,规则,0.9,,网银,sample.xlsx,306
TX000307,上海恒道国际物流,上海恒道国际物流,对公,上海恒道国际物流,622202***8888,工商银行,2024-07-19 12:59:00,物流仓储乙,,,126715.73,-126715.73,14284790.82,,货款,,支,经营类,运营成本,采购支出,规则,0.9,,网银,sample.xlsx,307
TX000308,上海恒道国际物流,上海恒道国际物流,对公,上海恒道国际物流,622202***8888,工商银行,2024-07-20 10:16:00,合肥中南光电,,311554.61,,311554.61,14596345.43,,货款,,收,经营类,主营业务,销售收入,规则,0.9,,网银,sample.xlsx,308
TX000309,上海恒道国际物流,上海恒道国际物流,对公,上海恒道国际物流,622202***8888,工商银行,2024-07-20 09:01:00,燃油供应公司,,,58237.39,-58237.39,14538108.04,,货款,,支,经营类,运营成本,采购支出,规则,0.9,,网银,sample.xlsx,309
TX000310,上海恒道国际物流,上海恒道国际物流,对公,上海恒道国际物流,622202***8888,工商银行,2024-07-23 09:55:00,报关行甲,,,126840.51,-126840.51,14411267.53,,货款,,支,经营类,运营成本,采购支出,规则,0.9,,网银,sample.xlsx,310
TX000311,上海恒道国际物流,上海恒道国际物流,对公,上海恒道国际物流,622202***8888,工商银行,2024-07-23 09:16:00,报关行甲,,,231317.13,-231317.13,14179950.4,,货款,,支,经营类,运营成本,采购支出,规则,0.9,,网银,sample.xlsx,311
TX000312,上海恒道国际物流,上海恒道国际物流,对公,上海恒道国际物流,622202***8888,工商银行,2024-07-24 14:11:00,中远海运,,,239540.81,-239540.81,13940409.59,,货款,,支,经营类,运营成本,采购支出,规则,0.9,,网银,sample.xlsx,312
TX000313,上海恒道国际物流,上海恒道国际物流,对公,上海恒道国际物流,622202***8888,工商银行,2024-07-24 11:11:00,上海建工集团,,160946.22,,160946.22,14101355.81,,货款,,收,经营类,主营业务,销售收入,规则,0.9,,网银,sample.xlsx,313
TX000314,上海恒道国际物流,上海恒道国际物流,对公,上海恒道国际物流,622202***8888,工商银行,2024-07-26 08:16:00,中远海运,,,226661.09,-226661.09,13874694.72,,货款,,支,经营类,运营成本,采购支出,规则,0.9,,网银,sample.xlsx,314
TX000315,上海恒道国际物流,上海恒道国际物流,对公,上海恒道国际物流,622202***8888,工商银行,2024-07-26 08:12:00,报关行甲,,,23384.28,-23384.28,13851310.44,,货款,,支,经营类,运营成本,采购支出,规则,0.9,,网银,sample.xlsx,315
TX000316,上海恒道国际物流,上海恒道国际物流,对公,上海恒道国际物流,622202***8888,工商银行,2024-07-27 13:23:00,报关行甲,,,191895.47,-191895.47,13659414.97,,货款,,支,经营类,运营成本,采购支出,规则,0.9,,网银,sample.xlsx,316
TX000317,上海恒道国际物流,上海恒道国际物流,对公,上海恒道国际物流,622202***8888,工商银行,2024-07-27 15:15:00,北京诚栋集成房屋,,162493.6,,162493.6,13821908.57,,货款,,收,经营类,主营业务,销售收入,规则,0.9,,网银,sample.xlsx,317
TX000318,上海恒道国际物流,上海恒道国际物流,对公,上海恒道国际物流,622202***8888,工商银行,2024-07-28 08:10:00,中远海运,,,122295.57,-122295.57,13699613.0,,货款,,支,经营类,运营成本,采购支出,规则,0.9,,网银,sample.xlsx,318
TX000319,上海恒道国际物流,上海恒道国际物流,对公,上海恒道国际物流,622202***8888,工商银行,2024-07-29 10:49:00,江苏锦祺供应链,,349365.74,,349365.74,14048978.74,,货款,,收,经营类,主营业务,销售收入,规则,0.9,,网银,sample.xlsx,319
TX000320,上海恒道国际物流,上海恒道国际物流,对公,上海恒道国际物流,622202***8888,工商银行,2024-07-30 15:21:00,报关行甲,,,212139.83,-212139.83,13836838.91,,货款,,支,经营类,运营成本,采购支出,规则,0.9,,网银,sample.xlsx,320
TX000321,上海恒道国际物流,上海恒道国际物流,对公,上海恒道国际物流,622202***8888,工商银行,2024-07-30 10:21:00,上海建工集团,,201464.55,,201464.55,14038303.46,,货款,,收,经营类,主营业务,销售收入,规则,0.9,,网银,sample.xlsx,321
TX000322,上海恒道国际物流,上海恒道国际物流,对公,上海恒道国际物流,622202***8888,工商银行,2024-07-30 10:28:00,北京诚栋集成房屋,,88491.07,,88491.07,14126794.53,,货款,,收,经营类,主营业务,销售收入,规则,0.9,,网银,sample.xlsx,322
TX000323,上海恒道国际物流,上海恒道国际物流,对公,上海恒道国际物流,622202***8888,工商银行,2024-07-31 17:53:00,现金,,113767.65,,113767.65,14240562.18,,货款,,收,现金类,现金,现金存入,规则,0.9,,网银,sample.xlsx,323
TX000324,上海恒道国际物流,上海恒道国际物流,对公,上海恒道国际物流,622202***8888,工商银行,2024-08-01 15:57:00,上海建工集团,,119055.41,,119055.41,14359617.59,,货款,,收,经营类,主营业务,销售收入,规则,0.9,,网银,sample.xlsx,324
TX000325,上海恒道国际物流,上海恒道国际物流,对公,上海恒道国际物流,622202***8888,工商银行,2024-08-01 18:59:00,上海建工集团,,391876.27,,391876.27,14751493.86,,货款,,收,经营类,主营业务,销售收入,规则,0.9,,网银,sample.xlsx,325
TX000326,上海恒道国际物流,上海恒道国际物流,对公,上海恒道国际物流,622202***8888,工商银行,2024-08-02 13:27:00,燃油供应公司,,,38605.39,-38605.39,14712888.47,,货款,,支,经营类,运营成本,采购支出,规则,0.9,,网银,sample.xlsx,326
TX000327,上海恒道国际物流,上海恒道国际物流,对公,上海恒道国际物流,622202***8888,工商银行,2024-08-03 10:03:00,上海港务,,,33415.56,-33415.56,14679472.91,,货款,,支,经营类,运营成本,采购支出,规则,0.9,,网银,sample.xlsx,327
TX000328,上海恒道国际物流,上海恒道国际物流,对公,上海恒道国际物流,622202***8888,工商银行,2024-08-03 15:51:00,燃油供应公司,,,44644.28,-44644.28,14634828.63,,货款,,支,经营类,运营成本,采购支出,规则,0.9,,网银,sample.xlsx,328
TX000329,上海恒道国际物流,上海恒道国际物流,对公,上海恒道国际物流,622202***8888,工商银行,2024-08-04 16:18:00,合肥中南光电,,20730.75,,20730.75,14655559.38,,货款,,收,经营类,主营业务,销售收入,规则,0.9,,网银,sample.xlsx,329
TX000330,上海恒道国际物流,上海恒道国际物流,对公,上海恒道国际物流,622202***8888,工商银行,2024-08-04 12:36:00,合肥中南光电,,35408.2,,35408.2,14690967.58,,货款,,收,经营类,主营业务,销售收入,规则,0.9,,网银,sample.xlsx,330
TX000331,上海恒道国际物流,上海恒道国际物流,对公,上海恒道国际物流,622202***8888,工商银行,2024-08-05 10:12:00,上海建工集团,,218228.04,,218228.04,14909195.62,,货款,,收,经营类,主营业务,销售收入,规则,0.9,,网银,sample.xlsx,331
TX000332,上海恒道国际物流,上海恒道国际物流,对公,上海恒道国际物流,622202***8888,工商银行,2024-08-08 18:51:00,上海港务,,,59447.66,-59447.66,14849747.96,,货款,,支,经营类,运营成本,采购支出,规则,0.9,,网银,sample.xlsx,332
TX000333,上海恒道国际物流,上海恒道国际物流,对公,上海恒道国际物流,622202***8888,工商银行,2024-08-08 16:26:00,西轮国运代理,,96870.52,,96870.52,14946618.48,,货款,,收,经营类,主营业务,销售收入,规则,0.9,,网银,sample.xlsx,333
TX000334,上海恒道国际物流,上海恒道国际物流,对公,上海恒道国际物流,622202***8888,工商银行,2024-08-08 12:53:00,中远海运,,,134430.2,-134430.2,14812188.28,,货款,,支,经营类,运营成本,采购支出,规则,0.9,,网银,sample.xlsx,334
TX000335,上海恒道国际物流,上海恒道国际物流,对公,上海恒道国际物流,622202***8888,工商银行,2024-08-09 18:17:00,合肥中南光电,,365882.07,,365882.07,15178070.35,,货款,,收,经营类,主营业务,销售收入,规则,0.9,,网银,sample.xlsx,335
TX000336,上海恒道国际物流,上海恒道国际物流,对公,上海恒道国际物流,622202***8888,工商银行,2024-08-09 10:44:00,江苏锦祺供应链,,336016.67,,336016.67,15514087.02,,货款,,收,经营类,主营业务,销售收入,规则,0.9,,网银,sample.xlsx,336
TX000337,上海恒道国际物流,上海恒道国际物流,对公,上海恒道国际物流,622202***8888,工商银行,2024-08-09 15:33:00,江苏锦祺供应链,,346067.8,,346067.8,15860154.82,,货款,,收,经营类,主营业务,销售收入,规则,0.9,,网银,sample.xlsx,337
TX000338,上海恒道国际物流,上海恒道国际物流,对公,上海恒道国际物流,622202***8888,工商银行,2024-08-12 17:48:00,燃油供应公司,,,196989.85,-196989.85,15663164.97,,货款,,支,经营类,运营成本,采购支出,规则,0.9,,网银,sample.xlsx,338
TX000339,上海恒道国际物流,上海恒道国际物流,对公,上海恒道国际物流,622202***8888,工商银行,2024-08-12 15:28:00,燃油供应公司,,,219472.8,-219472.8,15443692.17,,货款,,支,经营类,运营成本,采购支出,规则,0.9,,网银,sample.xlsx,339
TX000340,上海恒道国际物流,上海恒道国际物流,对公,上海恒道国际物流,622202***8888,工商银行,2024-08-14 09:19:00,北京诚栋集成房屋,,105005.61,,105005.61,15548697.78,,货款,,收,经营类,主营业务,销售收入,规则,0.9,,网银,sample.xlsx,340
TX000341,上海恒道国际物流,上海恒道国际物流,对公,上海恒道国际物流,622202***8888,工商银行,2024-08-15 11:16:00,中远海运,,,14668.28,-14668.28,15534029.5,,货款,,支,经营类,运营成本,采购支出,规则,0.9,,网银,sample.xlsx,341
TX000342,上海恒道国际物流,上海恒道国际物流,对公,上海恒道国际物流,622202***8888,工商银行,2024-08-15 11:44:00,江苏锦祺供应链,,261998.13,,261998.13,15796027.63,,货款,,收,经营类,主营业务,销售收入,规则,0.9,,网银,sample.xlsx,342
TX000343,上海恒道国际物流,上海恒道国际物流,对公,上海恒道国际物流,622202***8888,工商银行,2024-08-16 09:29:00,现金,,292497.29,,292497.29,16088524.92,,货款,,收,现金类,现金,现金存入,规则,0.9,,网银,sample.xlsx,343
TX000344,上海恒道国际物流,上海恒道国际物流,对公,上海恒道国际物流,622202***8888,工商银行,2024-08-16 09:25:00,江苏锦祺供应链,,309374.32,,309374.32,16397899.24,,货款,,收,经营类,主营业务,销售收入,规则,0.9,,网银,sample.xlsx,344
TX000345,上海恒道国际物流,上海恒道国际物流,对公,上海恒道国际物流,622202***8888,工商银行,2024-08-16 10:42:00,物流仓储乙,,,152034.9,-152034.9,16245864.34,,货款,,支,经营类,运营成本,采购支出,规则,0.9,,网银,sample.xlsx,345
TX000346,上海恒道国际物流,上海恒道国际物流,对公,上海恒道国际物流,622202***8888,工商银行,2024-08-17 18:24:00,现金,,,237566.66,-237566.66,16008297.68,,货款,,支,现金类,现金,现金取款,规则,0.9,,网银,sample.xlsx,346
TX000347,上海恒道国际物流,上海恒道国际物流,对公,上海恒道国际物流,622202***8888,工商银行,2024-08-17 14:03:00,物流仓储乙,,,211533.45,-211533.45,15796764.23,,货款,,支,经营类,运营成本,采购支出,规则,0.9,,网银,sample.xlsx,347
TX000348,上海恒道国际物流,上海恒道国际物流,对公,上海恒道国际物流,622202***8888,工商银行,2024-08-17 14:53:00,燃油供应公司,,,106169.63,-106169.63,15690594.6,,货款,,支,经营类,运营成本,采购支出,规则,0.9,,网银,sample.xlsx,348
TX000349,上海恒道国际物流,上海恒道国际物流,对公,上海恒道国际物流,622202***8888,工商银行,2024-08-18 18:59:00,物流仓储乙,,,22852.76,-22852.76,15667741.84,,货款,,支,经营类,运营成本,采购支出,规则,0.9,,网银,sample.xlsx,349
TX000350,上海恒道国际物流,上海恒道国际物流,对公,上海恒道国际物流,622202***8888,工商银行,2024-08-18 09:33:00,现金,,271984.99,,271984.99,15939726.83,,货款,,收,现金类,现金,现金存入,规则,0.9,,网银,sample.xlsx,350
TX000351,上海恒道国际物流,上海恒道国际物流,对公,上海恒道国际物流,622202***8888,工商银行,2024-08-19 11:08:00,合肥中南光电,,96298.25,,96298.25,16036025.08,,货款,,收,经营类,主营业务,销售收入,规则,0.9,,网银,sample.xlsx,351
TX000352,上海恒道国际物流,上海恒道国际物流,对公,上海恒道国际物流,622202***8888,工商银行,2024-08-20 08:02:00,报关行甲,,,161970.76,-161970.76,15874054.32,,货款,,支,经营类,运营成本,采购支出,规则,0.9,,网银,sample.xlsx,352
TX000353,上海恒道国际物流,上海恒道国际物流,对公,上海恒道国际物流,622202***8888,工商银行,2024-08-20 12:40:00,物流仓储乙,,,73785.28,-73785.28,15800269.04,,货款,,支,经营类,运营成本,采购支出,规则,0.9,,网银,sample.xlsx,353
TX000354,上海恒道国际物流,上海恒道国际物流,对公,上海恒道国际物流,622202***8888,工商银行,2024-08-20 16:00:00,北京诚栋集成房屋,,256077.96,,256077.96,16056347.0,,货款,,收,经营类,主营业务,销售收入,规则,0.9,,网银,sample.xlsx,354
TX000355,上海恒道国际物流,上海恒道国际物流,对公,上海恒道国际物流,622202***8888,工商银行,2024-08-21 18:10:00,北京诚栋集成房屋,,129258.68,,129258.68,16185605.68,,货款,,收,经营类,主营业务,销售收入,规则,0.9,,网银,sample.xlsx,355
TX000356,上海恒道国际物流,上海恒道国际物流,对公,上海恒道国际物流,622202***8888,工商银行,2024-08-21 12:05:00,江苏锦祺供应链,,384451.12,,384451.12,16570056.8,,货款,,收,经营类,主营业务,销售收入,规则,0.9,,网银,sample.xlsx,356
TX000357,上海恒道国际物流,上海恒道国际物流,对公,上海恒道国际物流,622202***8888,工商银行,2024-08-21 16:08:00,江苏锦祺供应链,,374131.89,,374131.89,16944188.69,,货款,,收,经营类,主营业务,销售收入,规则,0.9,,网银,sample.xlsx,357
TX000358,上海恒道国际物流,上海恒道国际物流,对公,上海恒道国际物流,622202***8888,工商银行,2024-08-22 09:47:00,物流仓储乙,,,79193.72,-79193.72,16864994.97,,货款,,支,经营类,运营成本,采购支出,规则,0.9,,网银,sample.xlsx,358
TX000359,上海恒道国际物流,上海恒道国际物流,对公,上海恒道国际物流,622202***8888,工商银行,2024-08-22 18:24:00,合肥中南光电,,251781.99,,251781.99,17116776.96,,货款,,收,经营类,主营业务,销售收入,规则,0.9,,网银,sample.xlsx,359
TX000360,上海恒道国际物流,上海恒道国际物流,对公,上海恒道国际物流,622202***8888,工商银行,2024-08-23 17:30:00,西轮国运代理,,195135.7,,195135.7,17311912.66,,货款,,收,经营类,主营业务,销售收入,规则,0.9,,网银,sample.xlsx,360
TX000361,上海恒道国际物流,上海恒道国际物流,对公,上海恒道国际物流,622202***8888,工商银行,2024-08-24 16:34:00,中远海运,,,68141.07,-68141.07,17243771.59,,货款,,支,经营类,运营成本,采购支出,规则,0.9,,网银,sample.xlsx,361
TX000362,上海恒道国际物流,上海恒道国际物流,对公,上海恒道国际物流,622202***8888,工商银行,2024-08-24 10:55:00,江苏锦祺供应链,,170652.66,,170652.66,17414424.25,,货款,,收,经营类,主营业务,销售收入,规则,0.9,,网银,sample.xlsx,362
TX000363,上海恒道国际物流,上海恒道国际物流,对公,上海恒道国际物流,622202***8888,工商银行,2024-08-24 12:56:00,燃油供应公司,,,143596.77,-143596.77,17270827.48,,货款,,支,经营类,运营成本,采购支出,规则,0.9,,网银,sample.xlsx,363
TX000364,上海恒道国际物流,上海恒道国际物流,对公,上海恒道国际物流,622202***8888,工商银行,2024-08-25 13:28:00,北京诚栋集成房屋,,80255.34,,80255.34,17351082.82,,货款,,收,经营类,主营业务,销售收入,规则,0.9,,网银,sample.xlsx,364
TX000365,上海恒道国际物流,上海恒道国际物流,对公,上海恒道国际物流,622202***8888,工商银行,2024-08-27 11:43:00,燃油供应公司,,,186499.12,-186499.12,17164583.7,,货款,,支,经营类,运营成本,采购支出,规则,0.9,,网银,sample.xlsx,365
TX000366,上海恒道国际物流,上海恒道国际物流,对公,上海恒道国际物流,622202***8888,工商银行,2024-08-27 10:43:00,上海港务,,,110020.43,-110020.43,17054563.27,,货款,,支,经营类,运营成本,采购支出,规则,0.9,,网银,sample.xlsx,366
TX000367,上海恒道国际物流,上海恒道国际物流,对公,上海恒道国际物流,622202***8888,工商银行,2024-08-27 16:06:00,江苏锦祺供应链,,342997.18,,342997.18,17397560.45,,货款,,收,经营类,主营业务,销售收入,规则,0.9,,网银,sample.xlsx,367
TX000368,上海恒道国际物流,上海恒道国际物流,对公,上海恒道国际物流,622202***8888,工商银行,2024-08-28 14:49:00,上海建工集团,,176952.85,,176952.85,17574513.3,,货款,,收,经营类,主营业务,销售收入,规则,0.9,,网银,sample.xlsx,368
TX000369,上海恒道国际物流,上海恒道国际物流,对公,上海恒道国际物流,622202***8888,工商银行,2024-08-28 17:09:00,北京诚栋集成房屋,,209195.61,,209195.61,17783708.91,,货款,,收,经营类,主营业务,销售收入,规则,0.9,,网银,sample.xlsx,369
TX000370,上海恒道国际物流,上海恒道国际物流,对公,上海恒道国际物流,622202***8888,工商银行,2024-08-28 14:54:00,西轮国运代理,,351649.29,,351649.29,18135358.2,,货款,,收,经营类,主营业务,销售收入,规则,0.9,,网银,sample.xlsx,370
TX000371,上海恒道国际物流,上海恒道国际物流,对公,上海恒道国际物流,622202***8888,工商银行,2024-08-29 14:33:00,燃油供应公司,,,183534.59,-183534.59,17951823.61,,货款,,支,经营类,运营成本,采购支出,规则,0.9,,网银,sample.xlsx,371
TX000372,上海恒道国际物流,上海恒道国际物流,对公,上海恒道国际物流,622202***8888,工商银行,2024-08-29 15:24:00,现金,,,165568.28,-165568.28,17786255.33,,货款,,支,现金类,现金,现金取款,规则,0.9,,网银,sample.xlsx,372
TX000373,上海恒道国际物流,上海恒道国际物流,对公,上海恒道国际物流,622202***8888,工商银行,2024-08-29 14:36:00,上海建工集团,,224012.22,,224012.22,18010267.55,,货款,,收,经营类,主营业务,销售收入,规则,0.9,,网银,sample.xlsx,373
TX000374,上海恒道国际物流,上海恒道国际物流,对公,上海恒道国际物流,622202***8888,工商银行,2024-08-30 17:53:00,中远海运,,,207193.12,-207193.12,17803074.43,,货款,,支,经营类,运营成本,采购支出,规则,0.9,,网银,sample.xlsx,374
TX000375,上海恒道国际物流,上海恒道国际物流,对公,上海恒道国际物流,622202***8888,工商银行,2024-08-30 08:01:00,西轮国运代理,,97637.62,,97637.62,17900712.05,,货款,,收,经营类,主营业务,销售收入,规则,0.9,,网银,sample.xlsx,375
TX000376,上海恒道国际物流,上海恒道国际物流,对公,上海恒道国际物流,622202***8888,工商银行,2024-08-30 16:49:00,江苏锦祺供应链,,360438.87,,360438.87,18261150.92,,货款,,收,经营类,主营业务,销售收入,规则,0.9,,网银,sample.xlsx,376
TX000377,上海恒道国际物流,上海恒道国际物流,对公,上海恒道国际物流,622202***8888,工商银行,2024-08-31 18:27:00,合肥中南光电,,216630.21,,216630.21,18477781.13,,货款,,收,经营类,主营业务,销售收入,规则,0.9,,网银,sample.xlsx,377
TX000378,上海恒道国际物流,上海恒道国际物流,对公,上海恒道国际物流,622202***8888,工商银行,2024-08-31 15:00:00,西轮国运代理,,35470.53,,35470.53,18513251.66,,货款,,收,经营类,主营业务,销售收入,规则,0.9,,网银,sample.xlsx,378
TX000379,上海恒道国际物流,上海恒道国际物流,对公,上海恒道国际物流,622202***8888,工商银行,2024-09-02 17:09:00,西轮国运代理,,210345.35,,210345.35,18723597.01,,货款,,收,经营类,主营业务,销售收入,规则,0.9,,网银,sample.xlsx,379
TX000380,上海恒道国际物流,上海恒道国际物流,对公,上海恒道国际物流,622202***8888,工商银行,2024-09-03 17:21:00,报关行甲,,,106393.8,-106393.8,18617203.21,,货款,,支,经营类,运营成本,采购支出,规则,0.9,,网银,sample.xlsx,380
TX000381,上海恒道国际物流,上海恒道国际物流,对公,上海恒道国际物流,622202***8888,工商银行,2024-09-05 16:11:00,西轮国运代理,,391802.16,,391802.16,19009005.37,,货款,,收,经营类,主营业务,销售收入,规则,0.9,,网银,sample.xlsx,381
TX000382,上海恒道国际物流,上海恒道国际物流,对公,上海恒道国际物流,622202***8888,工商银行,2024-09-07 10:33:00,物流仓储乙,,,223154.46,-223154.46,18785850.91,,货款,,支,经营类,运营成本,采购支出,规则,0.9,,网银,sample.xlsx,382
TX000383,上海恒道国际物流,上海恒道国际物流,对公,上海恒道国际物流,622202***8888,工商银行,2024-09-07 14:11:00,江苏锦祺供应链,,98961.79,,98961.79,18884812.7,,货款,,收,经营类,主营业务,销售收入,规则,0.9,,网银,sample.xlsx,383
TX000384,上海恒道国际物流,上海恒道国际物流,对公,上海恒道国际物流,622202***8888,工商银行,2024-09-10 08:19:00,现金,,,176017.4,-176017.4,18708795.3,,货款,,支,现金类,现金,现金取款,规则,0.9,,网银,sample.xlsx,384
TX000385,上海恒道国际物流,上海恒道国际物流,对公,上海恒道国际物流,622202***8888,工商银行,2024-09-10 09:37:00,物流仓储乙,,,10939.14,-10939.14,18697856.16,,货款,,支,经营类,运营成本,采购支出,规则,0.9,,网银,sample.xlsx,385
TX000386,上海恒道国际物流,上海恒道国际物流,对公,上海恒道国际物流,622202***8888,工商银行,2024-09-13 16:32:00,江苏锦祺供应链,,235470.12,,235470.12,18933326.28,,货款,,收,经营类,主营业务,销售收入,规则,0.9,,网银,sample.xlsx,386
TX000387,上海恒道国际物流,上海恒道国际物流,对公,上海恒道国际物流,622202***8888,工商银行,2024-09-14 16:48:00,报关行甲,,,154418.05,-154418.05,18778908.23,,货款,,支,经营类,运营成本,采购支出,规则,0.9,,网银,sample.xlsx,387
TX000388,上海恒道国际物流,上海恒道国际物流,对公,上海恒道国际物流,622202***8888,工商银行,2024-09-19 08:41:00,报关行甲,,,207553.8,-207553.8,18571354.43,,货款,,支,经营类,运营成本,采购支出,规则,0.9,,网银,sample.xlsx,388
TX000389,上海恒道国际物流,上海恒道国际物流,对公,上海恒道国际物流,622202***8888,工商银行,2024-09-21 12:40:00,上海建工集团,,154461.02,,154461.02,18725815.45,,货款,,收,经营类,主营业务,销售收入,规则,0.9,,网银,sample.xlsx,389
TX000390,上海恒道国际物流,上海恒道国际物流,对公,上海恒道国际物流,622202***8888,工商银行,2024-09-21 17:24:00,江苏锦祺供应链,,43948.57,,43948.57,18769764.02,,货款,,收,经营类,主营业务,销售收入,规则,0.9,,网银,sample.xlsx,390
TX000391,上海恒道国际物流,上海恒道国际物流,对公,上海恒道国际物流,622202***8888,工商银行,2024-09-24 08:39:00,现金,,,193373.41,-193373.41,18576390.61,,货款,,支,现金类,现金,现金取款,规则,0.9,,网银,sample.xlsx,391
TX000392,上海恒道国际物流,上海恒道国际物流,对公,上海恒道国际物流,622202***8888,工商银行,2024-09-25 10:20:00,北京诚栋集成房屋,,80572.8,,80572.8,18656963.41,,货款,,收,经营类,主营业务,销售收入,规则,0.9,,网银,sample.xlsx,392
TX000393,上海恒道国际物流,上海恒道国际物流,对公,上海恒道国际物流,622202***8888,工商银行,2024-09-27 09:15:00,江苏锦祺供应链,,115747.73,,115747.73,18772711.14,,货款,,收,经营类,主营业务,销售收入,规则,0.9,,网银,sample.xlsx,393
TX000394,上海恒道国际物流,上海恒道国际物流,对公,上海恒道国际物流,622202***8888,工商银行,2024-09-27 15:01:00,物流仓储乙,,,63135.6,-63135.6,18709575.54,,货款,,支,经营类,运营成本,采购支出,规则,0.9,,网银,sample.xlsx,394
TX000395,上海恒道国际物流,上海恒道国际物流,对公,上海恒道国际物流,622202***8888,工商银行,2024-09-27 14:11:00,上海港务,,,30991.75,-30991.75,18678583.79,,货款,,支,经营类,运营成本,采购支出,规则,0.9,,网银,sample.xlsx,395
TX000396,上海恒道国际物流,上海恒道国际物流,对公,上海恒道国际物流,622202***8888,工商银行,2024-09-29 14:21:00,西轮国运代理,,63656.81,,63656.81,18742240.6,,货款,,收,经营类,主营业务,销售收入,规则,0.9,,网银,sample.xlsx,396
TX000397,上海恒道国际物流,上海恒道国际物流,对公,上海恒道国际物流,622202***8888,工商银行,2024-09-29 13:35:00,北京诚栋集成房屋,,385266.87,,385266.87,19127507.47,,货款,,收,经营类,主营业务,销售收入,规则,0.9,,网银,sample.xlsx,397
TX000398,上海恒道国际物流,上海恒道国际物流,对公,上海恒道国际物流,622202***8888,工商银行,2024-09-30 08:17:00,合肥中南光电,,127763.01,,127763.01,19255270.48,,货款,,收,经营类,主营业务,销售收入,规则,0.9,,网银,sample.xlsx,398
TX000399,上海恒道国际物流,上海恒道国际物流,对公,上海恒道国际物流,622202***8888,工商银行,2024-10-02 12:34:00,上海港务,,,179409.07,-179409.07,19075861.41,,货款,,支,经营类,运营成本,采购支出,规则,0.9,,网银,sample.xlsx,399
TX000400,上海恒道国际物流,上海恒道国际物流,对公,上海恒道国际物流,622202***8888,工商银行,2024-10-02 11:10:00,上海港务,,,143194.18,-143194.18,18932667.23,,货款,,支,经营类,运营成本,采购支出,规则,0.9,,网银,sample.xlsx,400
TX000401,上海恒道国际物流,上海恒道国际物流,对公,上海恒道国际物流,622202***8888,工商银行,2024-10-03 11:19:00,合肥中南光电,,163219.57,,163219.57,19095886.8,,货款,,收,经营类,主营业务,销售收入,规则,0.9,,网银,sample.xlsx,401
TX000402,上海恒道国际物流,上海恒道国际物流,对公,上海恒道国际物流,622202***8888,工商银行,2024-10-03 18:08:00,物流仓储乙,,,59066.92,-59066.92,19036819.88,,货款,,支,经营类,运营成本,采购支出,规则,0.9,,网银,sample.xlsx,402
TX000403,上海恒道国际物流,上海恒道国际物流,对公,上海恒道国际物流,622202***8888,工商银行,2024-10-04 11:25:00,报关行甲,,,151015.3,-151015.3,18885804.58,,货款,,支,经营类,运营成本,采购支出,规则,0.9,,网银,sample.xlsx,403
TX000404,上海恒道国际物流,上海恒道国际物流,对公,上海恒道国际物流,622202***8888,工商银行,2024-10-04 18:32:00,上海港务,,,40124.0,-40124.0,18845680.58,,货款,,支,经营类,运营成本,采购支出,规则,0.9,,网银,sample.xlsx,404
TX000405,上海恒道国际物流,上海恒道国际物流,对公,上海恒道国际物流,622202***8888,工商银行,2024-10-06 10:19:00,报关行甲,,,16892.03,-16892.03,18828788.55,,货款,,支,经营类,运营成本,采购支出,规则,0.9,,网银,sample.xlsx,405
TX000406,上海恒道国际物流,上海恒道国际物流,对公,上海恒道国际物流,622202***8888,工商银行,2024-10-06 11:20:00,北京诚栋集成房屋,,283972.08,,283972.08,19112760.63,,货款,,收,经营类,主营业务,销售收入,规则,0.9,,网银,sample.xlsx,406
TX000407,上海恒道国际物流,上海恒道国际物流,对公,上海恒道国际物流,622202***8888,工商银行,2024-10-07 16:48:00,中远海运,,,26339.39,-26339.39,19086421.24,,货款,,支,经营类,运营成本,采购支出,规则,0.9,,网银,sample.xlsx,407
TX000408,上海恒道国际物流,上海恒道国际物流,对公,上海恒道国际物流,622202***8888,工商银行,2024-10-08 14:18:00,西轮国运代理,,53417.25,,53417.25,19139838.49,,货款,,收,经营类,主营业务,销售收入,规则,0.9,,网银,sample.xlsx,408
TX000409,上海恒道国际物流,上海恒道国际物流,对公,上海恒道国际物流,622202***8888,工商银行,2024-10-08 10:59:00,合肥中南光电,,314498.79,,314498.79,19454337.28,,货款,,收,经营类,主营业务,销售收入,规则,0.9,,网银,sample.xlsx,409
TX000410,上海恒道国际物流,上海恒道国际物流,对公,上海恒道国际物流,622202***8888,工商银行,2024-10-09 13:57:00,西轮国运代理,,278257.36,,278257.36,19732594.64,,货款,,收,经营类,主营业务,销售收入,规则,0.9,,网银,sample.xlsx,410
TX000411,上海恒道国际物流,上海恒道国际物流,对公,上海恒道国际物流,622202***8888,工商银行,2024-10-09 13:57:00,合肥中南光电,,114399.98,,114399.98,19846994.62,,货款,,收,经营类,主营业务,销售收入,规则,0.9,,网银,sample.xlsx,411
TX000412,上海恒道国际物流,上海恒道国际物流,对公,上海恒道国际物流,622202***8888,工商银行,2024-10-11 18:02:00,西轮国运代理,,366820.7,,366820.7,20213815.32,,货款,,收,经营类,主营业务,销售收入,规则,0.9,,网银,sample.xlsx,412
TX000413,上海恒道国际物流,上海恒道国际物流,对公,上海恒道国际物流,622202***8888,工商银行,2024-10-12 10:24:00,上海建工集团,,183667.14,,183667.14,20397482.46,,货款,,收,经营类,主营业务,销售收入,规则,0.9,,网银,sample.xlsx,413
TX000414,上海恒道国际物流,上海恒道国际物流,对公,上海恒道国际物流,622202***8888,工商银行,2024-10-12 10:36:00,物流仓储乙,,,84620.07,-84620.07,20312862.39,,货款,,支,经营类,运营成本,采购支出,规则,0.9,,网银,sample.xlsx,414
TX000415,上海恒道国际物流,上海恒道国际物流,对公,上海恒道国际物流,622202***8888,工商银行,2024-10-12 14:42:00,物流仓储乙,,,129494.03,-129494.03,20183368.36,,货款,,支,经营类,运营成本,采购支出,规则,0.9,,网银,sample.xlsx,415
TX000416,上海恒道国际物流,上海恒道国际物流,对公,上海恒道国际物流,622202***8888,工商银行,2024-10-13 12:57:00,中远海运,,,210225.9,-210225.9,19973142.46,,货款,,支,经营类,运营成本,采购支出,规则,0.9,,网银,sample.xlsx,416
TX000417,上海恒道国际物流,上海恒道国际物流,对公,上海恒道国际物流,622202***8888,工商银行,2024-10-13 11:43:00,现金,,250807.13,,250807.13,20223949.59,,货款,,收,现金类,现金,现金存入,规则,0.9,,网银,sample.xlsx,417
TX000418,上海恒道国际物流,上海恒道国际物流,对公,上海恒道国际物流,622202***8888,工商银行,2024-10-16 14:47:00,西轮国运代理,,304819.48,,304819.48,20528769.07,,货款,,收,经营类,主营业务,销售收入,规则,0.9,,网银,sample.xlsx,418
TX000419,上海恒道国际物流,上海恒道国际物流,对公,上海恒道国际物流,622202***8888,工商银行,2024-10-16 14:28:00,上海港务,,,77479.77,-77479.77,20451289.3,,货款,,支,经营类,运营成本,采购支出,规则,0.9,,网银,sample.xlsx,419
TX000420,上海恒道国际物流,上海恒道国际物流,对公,上海恒道国际物流,622202***8888,工商银行,2024-10-17 11:27:00,报关行甲,,,132078.0,-132078.0,20319211.3,,货款,,支,经营类,运营成本,采购支出,规则,0.9,,网银,sample.xlsx,420
TX000421,上海恒道国际物流,上海恒道国际物流,对公,上海恒道国际物流,622202***8888,工商银行,2024-10-17 16:16:00,上海港务,,,127482.42,-127482.42,20191728.88,,货款,,支,经营类,运营成本,采购支出,规则,0.9,,网银,sample.xlsx,421
TX000422,上海恒道国际物流,上海恒道国际物流,对公,上海恒道国际物流,622202***8888,工商银行,2024-10-18 08:10:00,上海建工集团,,226694.01,,226694.01,20418422.89,,货款,,收,经营类,主营业务,销售收入,规则,0.9,,网银,sample.xlsx,422
TX000423,上海恒道国际物流,上海恒道国际物流,对公,上海恒道国际物流,622202***8888,工商银行,2024-10-19 10:43:00,北京诚栋集成房屋,,96536.15,,96536.15,20514959.04,,货款,,收,经营类,主营业务,销售收入,规则,0.9,,网银,sample.xlsx,423
TX000424,上海恒道国际物流,上海恒道国际物流,对公,上海恒道国际物流,622202***8888,工商银行,2024-10-19 16:44:00,报关行甲,,,67089.43,-67089.43,20447869.61,,货款,,支,经营类,运营成本,采购支出,规则,0.9,,网银,sample.xlsx,424
TX000425,上海恒道国际物流,上海恒道国际物流,对公,上海恒道国际物流,622202***8888,工商银行,2024-10-20 10:37:00,西轮国运代理,,285258.96,,285258.96,20733128.57,,货款,,收,经营类,主营业务,销售收入,规则,0.9,,网银,sample.xlsx,425
TX000426,上海恒道国际物流,上海恒道国际物流,对公,上海恒道国际物流,622202***8888,工商银行,2024-10-20 14:48:00,燃油供应公司,,,161056.4,-161056.4,20572072.17,,货款,,支,经营类,运营成本,采购支出,规则,0.9,,网银,sample.xlsx,426
TX000427,上海恒道国际物流,上海恒道国际物流,对公,上海恒道国际物流,622202***8888,工商银行,2024-10-20 14:53:00,上海港务,,,153683.99,-153683.99,20418388.18,,货款,,支,经营类,运营成本,采购支出,规则,0.9,,网银,sample.xlsx,427
TX000428,上海恒道国际物流,上海恒道国际物流,对公,上海恒道国际物流,622202***8888,工商银行,2024-10-21 08:03:00,西轮国运代理,,24701.1,,24701.1,20443089.28,,货款,,收,经营类,主营业务,销售收入,规则,0.9,,网银,sample.xlsx,428
TX000429,上海恒道国际物流,上海恒道国际物流,对公,上海恒道国际物流,622202***8888,工商银行,2024-10-22 09:10:00,北京诚栋集成房屋,,286617.06,,286617.06,20729706.34,,货款,,收,经营类,主营业务,销售收入,规则,0.9,,网银,sample.xlsx,429
TX000430,上海恒道国际物流,上海恒道国际物流,对公,上海恒道国际物流,622202***8888,工商银行,2024-10-22 16:04:00,合肥中南光电,,236290.55,,236290.55,20965996.89,,货款,,收,经营类,主营业务,销售收入,规则,0.9,,网银,sample.xlsx,430
TX000431,上海恒道国际物流,上海恒道国际物流,对公,上海恒道国际物流,622202***8888,工商银行,2024-10-25 17:16:00,报关行甲,,,30153.23,-30153.23,20935843.66,,货款,,支,经营类,运营成本,采购支出,规则,0.9,,网银,sample.xlsx,431
TX000432,上海恒道国际物流,上海恒道国际物流,对公,上海恒道国际物流,622202***8888,工商银行,2024-10-25 16:20:00,合肥中南光电,,383558.51,,383558.51,21319402.17,,货款,,收,经营类,主营业务,销售收入,规则,0.9,,网银,sample.xlsx,432
TX000433,上海恒道国际物流,上海恒道国际物流,对公,上海恒道国际物流,622202***8888,工商银行,2024-10-25 18:44:00,北京诚栋集成房屋,,264912.56,,264912.56,21584314.73,,货款,,收,经营类,主营业务,销售收入,规则,0.9,,网银,sample.xlsx,433
TX000434,上海恒道国际物流,上海恒道国际物流,对公,上海恒道国际物流,622202***8888,工商银行,2024-10-26 14:53:00,现金,,,43276.59,-43276.59,21541038.14,,货款,,支,现金类,现金,现金取款,规则,0.9,,网银,sample.xlsx,434
TX000435,上海恒道国际物流,上海恒道国际物流,对公,上海恒道国际物流,622202***8888,工商银行,2024-10-26 18:10:00,西轮国运代理,,90579.2,,90579.2,21631617.34,,货款,,收,经营类,主营业务,销售收入,规则,0.9,,网银,sample.xlsx,435
TX000436,上海恒道国际物流,上海恒道国际物流,对公,上海恒道国际物流,622202***8888,工商银行,2024-10-28 13:20:00,燃油供应公司,,,101050.13,-101050.13,21530567.21,,货款,,支,经营类,运营成本,采购支出,规则,0.9,,网银,sample.xlsx,436
TX000437,上海恒道国际物流,上海恒道国际物流,对公,上海恒道国际物流,622202***8888,工商银行,2024-10-28 12:15:00,上海建工集团,,229431.0,,229431.0,21759998.21,,货款,,收,经营类,主营业务,销售收入,规则,0.9,,网银,sample.xlsx,437
TX000438,上海恒道国际物流,上海恒道国际物流,对公,上海恒道国际物流,622202***8888,工商银行,2024-11-01 10:19:00,上海港务,,,128651.16,-128651.16,21631347.05,,货款,,支,经营类,运营成本,采购支出,规则,0.9,,网银,sample.xlsx,438
TX000439,上海恒道国际物流,上海恒道国际物流,对公,上海恒道国际物流,622202***8888,工商银行,2024-11-01 10:28:00,中远海运,,,44053.04,-44053.04,21587294.01,,货款,,支,经营类,运营成本,采购支出,规则,0.9,,网银,sample.xlsx,439
TX000440,上海恒道国际物流,上海恒道国际物流,对公,上海恒道国际物流,622202***8888,工商银行,2024-11-01 15:30:00,现金,,,31518.68,-31518.68,21555775.33,,货款,,支,现金类,现金,现金取款,规则,0.9,,网银,sample.xlsx,440
TX000441,上海恒道国际物流,上海恒道国际物流,对公,上海恒道国际物流,622202***8888,工商银行,2024-11-02 16:27:00,西轮国运代理,,21064.88,,21064.88,21576840.21,,货款,,收,经营类,主营业务,销售收入,规则,0.9,,网银,sample.xlsx,441
TX000442,上海恒道国际物流,上海恒道国际物流,对公,上海恒道国际物流,622202***8888,工商银行,2024-11-03 13:04:00,北京诚栋集成房屋,,215556.34,,215556.34,21792396.55,,货款,,收,经营类,主营业务,销售收入,规则,0.9,,网银,sample.xlsx,442
TX000443,上海恒道国际物流,上海恒道国际物流,对公,上海恒道国际物流,622202***8888,工商银行,2024-11-04 12:00:00,上海建工集团,,363519.76,,363519.76,22155916.31,,货款,,收,经营类,主营业务,销售收入,规则,0.9,,网银,sample.xlsx,443
TX000444,上海恒道国际物流,上海恒道国际物流,对公,上海恒道国际物流,622202***8888,工商银行,2024-11-04 15:05:00,江苏锦祺供应链,,276599.36,,276599.36,22432515.67,,货款,,收,经营类,主营业务,销售收入,规则,0.9,,网银,sample.xlsx,444
TX000445,上海恒道国际物流,上海恒道国际物流,对公,上海恒道国际物流,622202***8888,工商银行,2024-11-04 18:55:00,江苏锦祺供应链,,194980.49,,194980.49,22627496.16,,货款,,收,经营类,主营业务,销售收入,规则,0.9,,网银,sample.xlsx,445
TX000446,上海恒道国际物流,上海恒道国际物流,对公,上海恒道国际物流,622202***8888,工商银行,2024-11-05 08:46:00,物流仓储乙,,,158768.62,-158768.62,22468727.54,,货款,,支,经营类,运营成本,采购支出,规则,0.9,,网银,sample.xlsx,446
TX000447,上海恒道国际物流,上海恒道国际物流,对公,上海恒道国际物流,622202***8888,工商银行,2024-11-06 13:30:00,燃油供应公司,,,145605.58,-145605.58,22323121.96,,货款,,支,经营类,运营成本,采购支出,规则,0.9,,网银,sample.xlsx,447
TX000448,上海恒道国际物流,上海恒道国际物流,对公,上海恒道国际物流,622202***8888,工商银行,2024-11-06 18:01:00,上海港务,,,81834.85,-81834.85,22241287.11,,货款,,支,经营类,运营成本,采购支出,规则,0.9,,网银,sample.xlsx,448
TX000449,上海恒道国际物流,上海恒道国际物流,对公,上海恒道国际物流,622202***8888,工商银行,2024-11-07 17:23:00,合肥中南光电,,282716.52,,282716.52,22524003.63,,货款,,收,经营类,主营业务,销售收入,规则,0.9,,网银,sample.xlsx,449
TX000450,上海恒道国际物流,上海恒道国际物流,对公,上海恒道国际物流,622202***8888,工商银行,2024-11-08 09:14:00,上海建工集团,,234629.7,,234629.7,22758633.33,,货款,,收,经营类,主营业务,销售收入,规则,0.9,,网银,sample.xlsx,450
TX000451,上海恒道国际物流,上海恒道国际物流,对公,上海恒道国际物流,622202***8888,工商银行,2024-11-08 12:41:00,上海建工集团,,228283.27,,228283.27,22986916.6,,货款,,收,经营类,主营业务,销售收入,规则,0.9,,网银,sample.xlsx,451
TX000452,上海恒道国际物流,上海恒道国际物流,对公,上海恒道国际物流,622202***8888,工商银行,2024-11-08 11:35:00,江苏锦祺供应链,,274690.77,,274690.77,23261607.37,,货款,,收,经营类,主营业务,销售收入,规则,0.9,,网银,sample.xlsx,452
TX000453,上海恒道国际物流,上海恒道国际物流,对公,上海恒道国际物流,622202***8888,工商银行,2024-11-09 17:36:00,江苏锦祺供应链,,284755.07,,284755.07,23546362.44,,货款,,收,经营类,主营业务,销售收入,规则,0.9,,网银,sample.xlsx,453
TX000454,上海恒道国际物流,上海恒道国际物流,对公,上海恒道国际物流,622202***8888,工商银行,2024-11-09 10:55:00,合肥中南光电,,278207.47,,278207.47,23824569.91,,货款,,收,经营类,主营业务,销售收入,规则,0.9,,网银,sample.xlsx,454
TX000455,上海恒道国际物流,上海恒道国际物流,对公,上海恒道国际物流,622202***8888,工商银行,2024-11-09 09:40:00,江苏锦祺供应链,,291549.98,,291549.98,24116119.89,,货款,,收,经营类,主营业务,销售收入,规则,0.9,,网银,sample.xlsx,455
TX000456,上海恒道国际物流,上海恒道国际物流,对公,上海恒道国际物流,622202***8888,工商银行,2024-11-11 11:36:00,报关行甲,,,140631.94,-140631.94,23975487.95,,货款,,支,经营类,运营成本,采购支出,规则,0.9,,网银,sample.xlsx,456
TX000457,上海恒道国际物流,上海恒道国际物流,对公,上海恒道国际物流,622202***8888,工商银行,2024-11-11 08:25:00,北京诚栋集成房屋,,71984.9,,71984.9,24047472.85,,货款,,收,经营类,主营业务,销售收入,规则,0.9,,网银,sample.xlsx,457
TX000458,上海恒道国际物流,上海恒道国际物流,对公,上海恒道国际物流,622202***8888,工商银行,2024-11-11 11:29:00,西轮国运代理,,35860.5,,35860.5,24083333.35,,货款,,收,经营类,主营业务,销售收入,规则,0.9,,网银,sample.xlsx,458
TX000459,上海恒道国际物流,上海恒道国际物流,对公,上海恒道国际物流,622202***8888,工商银行,2024-11-12 17:55:00,上海建工集团,,181870.66,,181870.66,24265204.01,,货款,,收,经营类,主营业务,销售收入,规则,0.9,,网银,sample.xlsx,459
TX000460,上海恒道国际物流,上海恒道国际物流,对公,上海恒道国际物流,622202***8888,工商银行,2024-11-12 10:23:00,北京诚栋集成房屋,,368651.86,,368651.86,24633855.87,,货款,,收,经营类,主营业务,销售收入,规则,0.9,,网银,sample.xlsx,460
TX000461,上海恒道国际物流,上海恒道国际物流,对公,上海恒道国际物流,622202***8888,工商银行,2024-11-13 13:32:00,中远海运,,,208151.31,-208151.31,24425704.56,,货款,,支,经营类,运营成本,采购支出,规则,0.9,,网银,sample.xlsx,461
TX000462,上海恒道国际物流,上海恒道国际物流,对公,上海恒道国际物流,622202***8888,工商银行,2024-11-13 17:22:00,现金,,,183226.97,-183226.97,24242477.59,,货款,,支,现金类,现金,现金取款,规则,0.9,,网银,sample.xlsx,462
TX000463,上海恒道国际物流,上海恒道国际物流,对公,上海恒道国际物流,622202***8888,工商银行,2024-11-15 18:15:00,江苏锦祺供应链,,62928.36,,62928.36,24305405.95,,货款,,收,经营类,主营业务,销售收入,规则,0.9,,网银,sample.xlsx,463
TX000464,上海恒道国际物流,上海恒道国际物流,对公,上海恒道国际物流,622202***8888,工商银行,2024-11-15 17:28:00,现金,,283692.56,,283692.56,24589098.51,,货款,,收,现金类,现金,现金存入,规则,0.9,,网银,sample.xlsx,464
TX000465,上海恒道国际物流,上海恒道国际物流,对公,上海恒道国际物流,622202***8888,工商银行,2024-11-18 12:55:00,西轮国运代理,,90402.14,,90402.14,24679500.65,,货款,,收,经营类,主营业务,销售收入,规则,0.9,,网银,sample.xlsx,465
TX000466,上海恒道国际物流,上海恒道国际物流,对公,上海恒道国际物流,622202***8888,工商银行,2024-11-18 12:34:00,报关行甲,,,210689.62,-210689.62,24468811.03,,货款,,支,经营类,运营成本,采购支出,规则,0.9,,网银,sample.xlsx,466
TX000467,上海恒道国际物流,上海恒道国际物流,对公,上海恒道国际物流,622202***8888,工商银行,2024-11-18 13:09:00,现金,,,237703.95,-237703.95,24231107.08,,货款,,支,现金类,现金,现金取款,规则,0.9,,网银,sample.xlsx,467
TX000468,上海恒道国际物流,上海恒道国际物流,对公,上海恒道国际物流,622202***8888,工商银行,2024-11-19 10:39:00,现金,,324172.65,,324172.65,24555279.73,,货款,,收,现金类,现金,现金存入,规则,0.9,,网银,sample.xlsx,468
TX000469,上海恒道国际物流,上海恒道国际物流,对公,上海恒道国际物流,622202***8888,工商银行,2024-11-19 10:44:00,物流仓储乙,,,104215.51,-104215.51,24451064.22,,货款,,支,经营类,运营成本,采购支出,规则,0.9,,网银,sample.xlsx,469
TX000470,上海恒道国际物流,上海恒道国际物流,对公,上海恒道国际物流,622202***8888,工商银行,2024-11-19 16:04:00,报关行甲,,,65010.16,-65010.16,24386054.06,,货款,,支,经营类,运营成本,采购支出,规则,0.9,,网银,sample.xlsx,470
TX000471,上海恒道国际物流,上海恒道国际物流,对公,上海恒道国际物流,622202***8888,工商银行,2024-11-20 17:02:00,上海建工集团,,138277.65,,138277.65,24524331.71,,货款,,收,经营类,主营业务,销售收入,规则,0.9,,网银,sample.xlsx,471
TX000472,上海恒道国际物流,上海恒道国际物流,对公,上海恒道国际物流,622202***8888,工商银行,2024-11-20 15:24:00,西轮国运代理,,296353.35,,296353.35,24820685.06,,货款,,收,经营类,主营业务,销售收入,规则,0.9,,网银,sample.xlsx,472
TX000473,上海恒道国际物流,上海恒道国际物流,对公,上海恒道国际物流,622202***8888,工商银行,2024-11-21 08:15:00,西轮国运代理,,240081.42,,240081.42,25060766.48,,货款,,收,经营类,主营业务,销售收入,规则,0.9,,网银,sample.xlsx,473
TX000474,上海恒道国际物流,上海恒道国际物流,对公,上海恒道国际物流,622202***8888,工商银行,2024-11-21 18:09:00,江苏锦祺供应链,,37244.97,,37244.97,25098011.45,,货款,,收,经营类,主营业务,销售收入,规则,0.9,,网银,sample.xlsx,474
TX000475,上海恒道国际物流,上海恒道国际物流,对公,上海恒道国际物流,622202***8888,工商银行,2024-11-22 17:36:00,北京诚栋集成房屋,,210000.66,,210000.66,25308012.11,,货款,,收,经营类,主营业务,销售收入,规则,0.9,,网银,sample.xlsx,475
TX000476,上海恒道国际物流,上海恒道国际物流,对公,上海恒道国际物流,622202***8888,工商银行,2024-11-22 16:57:00,现金,,397029.36,,397029.36,25705041.47,,货款,,收,现金类,现金,现金存入,规则,0.9,,网银,sample.xlsx,476
TX000477,上海恒道国际物流,上海恒道国际物流,对公,上海恒道国际物流,622202***8888,工商银行,2024-11-24 12:50:00,物流仓储乙,,,162309.59,-162309.59,25542731.88,,货款,,支,经营类,运营成本,采购支出,规则,0.9,,网银,sample.xlsx,477
TX000478,上海恒道国际物流,上海恒道国际物流,对公,上海恒道国际物流,622202***8888,工商银行,2024-11-25 13:47:00,上海港务,,,173520.11,-173520.11,25369211.77,,货款,,支,经营类,运营成本,采购支出,规则,0.9,,网银,sample.xlsx,478
TX000479,上海恒道国际物流,上海恒道国际物流,对公,上海恒道国际物流,622202***8888,工商银行,2024-11-26 14:21:00,上海建工集团,,153163.32,,153163.32,25522375.09,,货款,,收,经营类,主营业务,销售收入,规则,0.9,,网银,sample.xlsx,479
TX000480,上海恒道国际物流,上海恒道国际物流,对公,上海恒道国际物流,622202***8888,工商银行,2024-11-26 15:32:00,西轮国运代理,,275266.18,,275266.18,25797641.27,,货款,,收,经营类,主营业务,销售收入,规则,0.9,,网银,sample.xlsx,480
TX000481,上海恒道国际物流,上海恒道国际物流,对公,上海恒道国际物流,622202***8888,工商银行,2024-11-27 11:00:00,上海港务,,,249191.96,-249191.96,25548449.31,,货款,,支,经营类,运营成本,采购支出,规则,0.9,,网银,sample.xlsx,481
TX000482,上海恒道国际物流,上海恒道国际物流,对公,上海恒道国际物流,622202***8888,工商银行,2024-11-27 12:59:00,报关行甲,,,107195.56,-107195.56,25441253.75,,货款,,支,经营类,运营成本,采购支出,规则,0.9,,网银,sample.xlsx,482
TX000483,上海恒道国际物流,上海恒道国际物流,对公,上海恒道国际物流,622202***8888,工商银行,2024-11-28 17:35:00,上海港务,,,82357.47,-82357.47,25358896.28,,货款,,支,经营类,运营成本,采购支出,规则,0.9,,网银,sample.xlsx,483
TX000484,上海恒道国际物流,上海恒道国际物流,对公,上海恒道国际物流,622202***8888,工商银行,2024-11-29 10:19:00,上海建工集团,,241670.85,,241670.85,25600567.13,,货款,,收,经营类,主营业务,销售收入,规则,0.9,,网银,sample.xlsx,484
TX000485,上海恒道国际物流,上海恒道国际物流,对公,上海恒道国际物流,622202***8888,工商银行,2024-11-29 14:46:00,报关行甲,,,95674.41,-95674.41,25504892.72,,货款,,支,经营类,运营成本,采购支出,规则,0.9,,网银,sample.xlsx,485
TX000486,上海恒道国际物流,上海恒道国际物流,对公,上海恒道国际物流,622202***8888,工商银行,2024-12-01 08:48:00,上海建工集团,,124831.37,,124831.37,25629724.09,,货款,,收,经营类,主营业务,销售收入,规则,0.9,,网银,sample.xlsx,486
TX000487,上海恒道国际物流,上海恒道国际物流,对公,上海恒道国际物流,622202***8888,工商银行,2024-12-01 08:25:00,现金,,110022.57,,110022.57,25739746.66,,货款,,收,现金类,现金,现金存入,规则,0.9,,网银,sample.xlsx,487
TX000488,上海恒道国际物流,上海恒道国际物流,对公,上海恒道国际物流,622202***8888,工商银行,2024-12-01 09:12:00,江苏锦祺供应链,,127401.44,,127401.44,25867148.1,,货款,,收,经营类,主营业务,销售收入,规则,0.9,,网银,sample.xlsx,488
TX000489,上海恒道国际物流,上海恒道国际物流,对公,上海恒道国际物流,622202***8888,工商银行,2024-12-02 17:21:00,上海港务,,,154245.2,-154245.2,25712902.9,,货款,,支,经营类,运营成本,采购支出,规则,0.9,,网银,sample.xlsx,489
TX000490,上海恒道国际物流,上海恒道国际物流,对公,上海恒道国际物流,622202***8888,工商银行,2024-12-03 18:20:00,西轮国运代理,,224036.99,,224036.99,25936939.89,,货款,,收,经营类,主营业务,销售收入,规则,0.9,,网银,sample.xlsx,490
TX000491,上海恒道国际物流,上海恒道国际物流,对公,上海恒道国际物流,622202***8888,工商银行,2024-12-05 18:51:00,北京诚栋集成房屋,,266594.59,,266594.59,26203534.48,,货款,,收,经营类,主营业务,销售收入,规则,0.9,,网银,sample.xlsx,491
TX000492,上海恒道国际物流,上海恒道国际物流,对公,上海恒道国际物流,622202***8888,工商银行,2024-12-06 17:21:00,合肥中南光电,,322579.58,,322579.58,26526114.06,,货款,,收,经营类,主营业务,销售收入,规则,0.9,,网银,sample.xlsx,492
TX000493,上海恒道国际物流,上海恒道国际物流,对公,上海恒道国际物流,622202***8888,工商银行,2024-12-06 08:01:00,物流仓储乙,,,105893.77,-105893.77,26420220.29,,货款,,支,经营类,运营成本,采购支出,规则,0.9,,网银,sample.xlsx,493
TX000494,上海恒道国际物流,上海恒道国际物流,对公,上海恒道国际物流,622202***8888,工商银行,2024-12-07 13:10:00,燃油供应公司,,,23444.21,-23444.21,26396776.08,,货款,,支,经营类,运营成本,采购支出,规则,0.9,,网银,sample.xlsx,494
TX000495,上海恒道国际物流,上海恒道国际物流,对公,上海恒道国际物流,622202***8888,工商银行,2024-12-07 09:22:00,上海建工集团,,99983.18,,99983.18,26496759.26,,货款,,收,经营类,主营业务,销售收入,规则,0.9,,网银,sample.xlsx,495
TX000496,上海恒道国际物流,上海恒道国际物流,对公,上海恒道国际物流,622202***8888,工商银行,2024-12-08 10:42:00,江苏锦祺供应链,,278457.02,,278457.02,26775216.28,,货款,,收,经营类,主营业务,销售收入,规则,0.9,,网银,sample.xlsx,496
TX000497,上海恒道国际物流,上海恒道国际物流,对公,上海恒道国际物流,622202***8888,工商银行,2024-12-08 12:52:00,物流仓储乙,,,89401.45,-89401.45,26685814.83,,货款,,支,经营类,运营成本,采购支出,规则,0.9,,网银,sample.xlsx,497
TX000498,上海恒道国际物流,上海恒道国际物流,对公,上海恒道国际物流,622202***8888,工商银行,2024-12-09 15:35:00,燃油供应公司,,,166393.79,-166393.79,26519421.04,,货款,,支,经营类,运营成本,采购支出,规则,0.9,,网银,sample.xlsx,498
TX000499,上海恒道国际物流,上海恒道国际物流,对公,上海恒道国际物流,622202***8888,工商银行,2024-12-09 12:00:00,江苏锦祺供应链,,221260.99,,221260.99,26740682.03,,货款,,收,经营类,主营业务,销售收入,规则,0.9,,网银,sample.xlsx,499
TX000500,上海恒道国际物流,上海恒道国际物流,对公,上海恒道国际物流,622202***8888,工商银行,2024-12-09 13:09:00,中远海运,,,167286.66,-167286.66,26573395.37,,货款,,支,经营类,运营成本,采购支出,规则,0.9,,网银,sample.xlsx,500
TX000501,上海恒道国际物流,上海恒道国际物流,对公,上海恒道国际物流,622202***8888,工商银行,2024-12-10 09:03:00,北京诚栋集成房屋,,376041.16,,376041.16,26949436.53,,货款,,收,经营类,主营业务,销售收入,规则,0.9,,网银,sample.xlsx,501
TX000502,上海恒道国际物流,上海恒道国际物流,对公,上海恒道国际物流,622202***8888,工商银行,2024-12-11 10:57:00,上海港务,,,72187.14,-72187.14,26877249.39,,货款,,支,经营类,运营成本,采购支出,规则,0.9,,网银,sample.xlsx,502
TX000503,上海恒道国际物流,上海恒道国际物流,对公,上海恒道国际物流,622202***8888,工商银行,2024-12-12 11:28:00,上海港务,,,136839.52,-136839.52,26740409.87,,货款,,支,经营类,运营成本,采购支出,规则,0.9,,网银,sample.xlsx,503
TX000504,上海恒道国际物流,上海恒道国际物流,对公,上海恒道国际物流,622202***8888,工商银行,2024-12-13 11:20:00,西轮国运代理,,362391.32,,362391.32,27102801.19,,货款,,收,经营类,主营业务,销售收入,规则,0.9,,网银,sample.xlsx,504
TX000505,上海恒道国际物流,上海恒道国际物流,对公,上海恒道国际物流,622202***8888,工商银行,2024-12-13 09:51:00,中远海运,,,35873.02,-35873.02,27066928.17,,货款,,支,经营类,运营成本,采购支出,规则,0.9,,网银,sample.xlsx,505
TX000506,上海恒道国际物流,上海恒道国际物流,对公,上海恒道国际物流,622202***8888,工商银行,2024-12-13 11:36:00,报关行甲,,,171810.93,-171810.93,26895117.24,,货款,,支,经营类,运营成本,采购支出,规则,0.9,,网银,sample.xlsx,506
TX000507,上海恒道国际物流,上海恒道国际物流,对公,上海恒道国际物流,622202***8888,工商银行,2024-12-14 11:01:00,合肥中南光电,,379081.25,,379081.25,27274198.49,,货款,,收,经营类,主营业务,销售收入,规则,0.9,,网银,sample.xlsx,507
TX000508,上海恒道国际物流,上海恒道国际物流,对公,上海恒道国际物流,622202***8888,工商银行,2024-12-14 13:13:00,西轮国运代理,,289520.41,,289520.41,27563718.9,,货款,,收,经营类,主营业务,销售收入,规则,0.9,,网银,sample.xlsx,508
TX000509,上海恒道国际物流,上海恒道国际物流,对公,上海恒道国际物流,622202***8888,工商银行,2024-12-14 15:13:00,合肥中南光电,,264229.7,,264229.7,27827948.6,,货款,,收,经营类,主营业务,销售收入,规则,0.9,,网银,sample.xlsx,509
TX000510,上海恒道国际物流,上海恒道国际物流,对公,上海恒道国际物流,622202***8888,工商银行,2024-12-15 12:18:00,西轮国运代理,,382620.93,,382620.93,28210569.53,,货款,,收,经营类,主营业务,销售收入,规则,0.9,,网银,sample.xlsx,510
TX000511,上海恒道国际物流,上海恒道国际物流,对公,上海恒道国际物流,622202***8888,工商银行,2024-12-17 17:28:00,上海建工集团,,81407.13,,81407.13,28291976.66,,货款,,收,经营类,主营业务,销售收入,规则,0.9,,网银,sample.xlsx,511
TX000512,上海恒道国际物流,上海恒道国际物流,对公,上海恒道国际物流,622202***8888,工商银行,2024-12-17 13:02:00,北京诚栋集成房屋,,355486.05,,355486.05,28647462.71,,货款,,收,经营类,主营业务,销售收入,规则,0.9,,网银,sample.xlsx,512
TX000513,上海恒道国际物流,上海恒道国际物流,对公,上海恒道国际物流,622202***8888,工商银行,2024-12-18 08:51:00,上海建工集团,,398032.79,,398032.79,29045495.5,,货款,,收,经营类,主营业务,销售收入,规则,0.9,,网银,sample.xlsx,513
TX000514,上海恒道国际物流,上海恒道国际物流,对公,上海恒道国际物流,622202***8888,工商银行,2024-12-18 16:47:00,北京诚栋集成房屋,,70686.03,,70686.03,29116181.53,,货款,,收,经营类,主营业务,销售收入,规则,0.9,,网银,sample.xlsx,514
TX000515,上海恒道国际物流,上海恒道国际物流,对公,上海恒道国际物流,622202***8888,工商银行,2024-12-18 14:21:00,上海建工集团,,196502.07,,196502.07,29312683.6,,货款,,收,经营类,主营业务,销售收入,规则,0.9,,网银,sample.xlsx,515
TX000516,上海恒道国际物流,上海恒道国际物流,对公,上海恒道国际物流,622202***8888,工商银行,2024-12-19 18:44:00,中远海运,,,150465.75,-150465.75,29162217.85,,货款,,支,经营类,运营成本,采购支出,规则,0.9,,网银,sample.xlsx,516
TX000517,上海恒道国际物流,上海恒道国际物流,对公,上海恒道国际物流,622202***8888,工商银行,2024-12-19 14:44:00,上海建工集团,,211816.78,,211816.78,29374034.63,,货款,,收,经营类,主营业务,销售收入,规则,0.9,,网银,sample.xlsx,517
TX000518,上海恒道国际物流,上海恒道国际物流,对公,上海恒道国际物流,622202***8888,工商银行,2024-12-19 09:56:00,北京诚栋集成房屋,,38361.09,,38361.09,29412395.72,,货款,,收,经营类,主营业务,销售收入,规则,0.9,,网银,sample.xlsx,518
TX000519,上海恒道国际物流,上海恒道国际物流,对公,上海恒道国际物流,622202***8888,工商银行,2024-12-22 18:34:00,物流仓储乙,,,112833.95,-112833.95,29299561.77,,货款,,支,经营类,运营成本,采购支出,规则,0.9,,网银,sample.xlsx,519
TX000520,上海恒道国际物流,上海恒道国际物流,对公,上海恒道国际物流,622202***8888,工商银行,2024-12-22 13:53:00,江苏锦祺供应链,,210276.94,,210276.94,29509838.71,,货款,,收,经营类,主营业务,销售收入,规则,0.9,,网银,sample.xlsx,520
TX000521,上海恒道国际物流,上海恒道国际物流,对公,上海恒道国际物流,622202***8888,工商银行,2024-12-22 11:46:00,北京诚栋集成房屋,,152787.8,,152787.8,29662626.51,,货款,,收,经营类,主营业务,销售收入,规则,0.9,,网银,sample.xlsx,521
TX000522,上海恒道国际物流,上海恒道国际物流,对公,上海恒道国际物流,622202***8888,工商银行,2024-12-24 08:12:00,中远海运,,,73515.59,-73515.59,29589110.92,,货款,,支,经营类,运营成本,采购支出,规则,0.9,,网银,sample.xlsx,522
TX000523,上海恒道国际物流,上海恒道国际物流,对公,上海恒道国际物流,622202***8888,工商银行,2024-12-24 12:00:00,合肥中南光电,,320017.14,,320017.14,29909128.06,,货款,,收,经营类,主营业务,销售收入,规则,0.9,,网银,sample.xlsx,523
TX000524,上海恒道国际物流,上海恒道国际物流,对公,上海恒道国际物流,622202***8888,工商银行,2024-12-25 14:55:00,报关行甲,,,140552.7,-140552.7,29768575.36,,货款,,支,经营类,运营成本,采购支出,规则,0.9,,网银,sample.xlsx,524
TX000525,上海恒道国际物流,上海恒道国际物流,对公,上海恒道国际物流,622202***8888,工商银行,2024-12-25 14:24:00,燃油供应公司,,,105827.95,-105827.95,29662747.41,,货款,,支,经营类,运营成本,采购支出,规则,0.9,,网银,sample.xlsx,525
TX000526,上海恒道国际物流,上海恒道国际物流,对公,上海恒道国际物流,622202***8888,工商银行,2024-12-26 18:00:00,合肥中南光电,,355038.26,,355038.26,30017785.67,,货款,,收,经营类,主营业务,销售收入,规则,0.9,,网银,sample.xlsx,526
TX000527,上海恒道国际物流,上海恒道国际物流,对公,上海恒道国际物流,622202***8888,工商银行,2024-12-27 11:52:00,燃油供应公司,,,176479.65,-176479.65,29841306.02,,货款,,支,经营类,运营成本,采购支出,规则,0.9,,网银,sample.xlsx,527
TX000528,上海恒道国际物流,上海恒道国际物流,对公,上海恒道国际物流,622202***8888,工商银行,2024-12-28 08:25:00,中远海运,,,212333.76,-212333.76,29628972.26,,货款,,支,经营类,运营成本,采购支出,规则,0.9,,网银,sample.xlsx,528
TX000529,上海恒道国际物流,上海恒道国际物流,对公,上海恒道国际物流,622202***8888,工商银行,2024-12-29 17:00:00,报关行甲,,,141747.58,-141747.58,29487224.68,,货款,,支,经营类,运营成本,采购支出,规则,0.9,,网银,sample.xlsx,529
TX000530,上海恒道国际物流,上海恒道国际物流,对公,上海恒道国际物流,622202***8888,工商银行,2024-12-29 14:15:00,合肥中南光电,,213849.11,,213849.11,29701073.79,,货款,,收,经营类,主营业务,销售收入,规则,0.9,,网银,sample.xlsx,530
TX000531,上海恒道国际物流,上海恒道国际物流,对公,上海恒道国际物流,622202***8888,工商银行,2024-12-30 17:42:00,北京诚栋集成房屋,,169539.07,,169539.07,29870612.86,,货款,,收,经营类,主营业务,销售收入,规则,0.9,,网银,sample.xlsx,531
TX000532,上海恒道国际物流,上海恒道国际物流,对公,上海恒道国际物流,622202***8888,工商银行,2024-12-30 18:14:00,燃油供应公司,,,27278.83,-27278.83,29843334.03,,货款,,支,经营类,运营成本,采购支出,规则,0.9,,网银,sample.xlsx,532
TX000533,上海恒道国际物流,上海恒道国际物流,对公,上海恒道国际物流,622202***8888,工商银行,2024-12-30 13:33:00,燃油供应公司,,,72946.69,-72946.69,29770387.34,,货款,,支,经营类,运营成本,采购支出,规则,0.9,,网银,sample.xlsx,533
TX000534,上海恒道国际物流,上海恒道国际物流,对公,上海恒道国际物流,622202***8888,工商银行,2024-12-31 13:33:00,上海港务,,,25804.02,-25804.02,29744583.32,,货款,,支,经营类,运营成本,采购支出,规则,0.9,,网银,sample.xlsx,534
TX000535,上海恒道国际物流,上海恒道国际物流,对公,上海恒道国际物流,622202***8888,工商银行,2024-12-31 10:09:00,上海建工集团,,329074.14,,329074.14,30073657.46,,货款,,收,经营类,主营业务,销售收入,规则,0.9,,网银,sample.xlsx,535
TX000536,上海恒道国际物流,上海恒道国际物流,对公,上海恒道国际物流,622202***8888,工商银行,2024-12-31 18:55:00,报关行甲,,,52651.25,-52651.25,30021006.21,,货款,,支,经营类,运营成本,采购支出,规则,0.9,,网银,sample.xlsx,536
TX000537,上海恒道国际物流,上海恒道国际物流,对公,上海恒道国际物流,622202***8888,工商银行,2025-01-02 12:24:00,合肥中南光电,,66752.92,,66752.92,30087759.13,,货款,,收,经营类,主营业务,销售收入,规则,0.9,,网银,sample.xlsx,537
TX000538,上海恒道国际物流,上海恒道国际物流,对公,上海恒道国际物流,622202***8888,工商银行,2025-01-02 12:28:00,西轮国运代理,,271941.65,,271941.65,30359700.78,,货款,,收,经营类,主营业务,销售收入,规则,0.9,,网银,sample.xlsx,538
TX000539,上海恒道国际物流,上海恒道国际物流,对公,上海恒道国际物流,622202***8888,工商银行,2025-01-04 15:46:00,合肥中南光电,,284105.96,,284105.96,30643806.74,,货款,,收,经营类,主营业务,销售收入,规则,0.9,,网银,sample.xlsx,539
TX000540,上海恒道国际物流,上海恒道国际物流,对公,上海恒道国际物流,622202***8888,工商银行,2025-01-04 13:31:00,物流仓储乙,,,45971.33,-45971.33,30597835.41,,货款,,支,经营类,运营成本,采购支出,规则,0.9,,网银,sample.xlsx,540
TX000541,上海恒道国际物流,上海恒道国际物流,对公,上海恒道国际物流,622202***8888,工商银行,2025-01-05 08:35:00,物流仓储乙,,,91622.7,-91622.7,30506212.71,,货款,,支,经营类,运营成本,采购支出,规则,0.9,,网银,sample.xlsx,541
TX000542,上海恒道国际物流,上海恒道国际物流,对公,上海恒道国际物流,622202***8888,工商银行,2025-01-06 16:17:00,西轮国运代理,,41939.17,,41939.17,30548151.88,,货款,,收,经营类,主营业务,销售收入,规则,0.9,,网银,sample.xlsx,542
TX000543,上海恒道国际物流,上海恒道国际物流,对公,上海恒道国际物流,622202***8888,工商银行,2025-01-07 18:31:00,西轮国运代理,,336973.71,,336973.71,30885125.59,,货款,,收,经营类,主营业务,销售收入,规则,0.9,,网银,sample.xlsx,543
TX000544,上海恒道国际物流,上海恒道国际物流,对公,上海恒道国际物流,622202***8888,工商银行,2025-01-07 12:39:00,上海港务,,,40792.11,-40792.11,30844333.48,,货款,,支,经营类,运营成本,采购支出,规则,0.9,,网银,sample.xlsx,544
TX000545,上海恒道国际物流,上海恒道国际物流,对公,上海恒道国际物流,622202***8888,工商银行,2025-01-08 12:26:00,现金,,,100174.34,-100174.34,30744159.14,,货款,,支,现金类,现金,现金取款,规则,0.9,,网银,sample.xlsx,545
TX000546,上海恒道国际物流,上海恒道国际物流,对公,上海恒道国际物流,622202***8888,工商银行,2025-01-08 14:54:00,江苏锦祺供应链,,328114.04,,328114.04,31072273.18,,货款,,收,经营类,主营业务,销售收入,规则,0.9,,网银,sample.xlsx,546
TX000547,上海恒道国际物流,上海恒道国际物流,对公,上海恒道国际物流,622202***8888,工商银行,2025-01-09 17:23:00,上海港务,,,244645.35,-244645.35,30827627.83,,货款,,支,经营类,运营成本,采购支出,规则,0.9,,网银,sample.xlsx,547
TX000548,上海恒道国际物流,上海恒道国际物流,对公,上海恒道国际物流,622202***8888,工商银行,2025-01-11 14:33:00,北京诚栋集成房屋,,50376.85,,50376.85,30878004.68,,货款,,收,经营类,主营业务,销售收入,规则,0.9,,网银,sample.xlsx,548
TX000549,上海恒道国际物流,上海恒道国际物流,对公,上海恒道国际物流,622202***8888,工商银行,2025-01-12 15:44:00,北京诚栋集成房屋,,60967.28,,60967.28,30938971.96,,货款,,收,经营类,主营业务,销售收入,规则,0.9,,网银,sample.xlsx,549
TX000550,上海恒道国际物流,上海恒道国际物流,对公,上海恒道国际物流,622202***8888,工商银行,2025-01-12 09:28:00,报关行甲,,,248783.25,-248783.25,30690188.71,,货款,,支,经营类,运营成本,采购支出,规则,0.9,,网银,sample.xlsx,550
TX000551,上海恒道国际物流,上海恒道国际物流,对公,上海恒道国际物流,622202***8888,工商银行,2025-01-12 18:14:00,上海建工集团,,214481.19,,214481.19,30904669.9,,货款,,收,经营类,主营业务,销售收入,规则,0.9,,网银,sample.xlsx,551
TX000552,上海恒道国际物流,上海恒道国际物流,对公,上海恒道国际物流,622202***8888,工商银行,2025-01-13 13:49:00,北京诚栋集成房屋,,371795.84,,371795.84,31276465.74,,货款,,收,经营类,主营业务,销售收入,规则,0.9,,网银,sample.xlsx,552
TX000553,上海恒道国际物流,上海恒道国际物流,对公,上海恒道国际物流,622202***8888,工商银行,2025-01-14 17:52:00,中远海运,,,31612.49,-31612.49,31244853.25,,货款,,支,经营类,运营成本,采购支出,规则,0.9,,网银,sample.xlsx,553
TX000554,上海恒道国际物流,上海恒道国际物流,对公,上海恒道国际物流,622202***8888,工商银行,2025-01-14 17:29:00,合肥中南光电,,53535.09,,53535.09,31298388.34,,货款,,收,经营类,主营业务,销售收入,规则,0.9,,网银,sample.xlsx,554
TX000555,上海恒道国际物流,上海恒道国际物流,对公,上海恒道国际物流,622202***8888,工商银行,2025-01-14 08:35:00,上海建工集团,,290202.69,,290202.69,31588591.03,,货款,,收,经营类,主营业务,销售收入,规则,0.9,,网银,sample.xlsx,555
TX000556,上海恒道国际物流,上海恒道国际物流,对公,上海恒道国际物流,622202***8888,工商银行,2025-01-15 18:09:00,上海港务,,,249542.7,-249542.7,31339048.33,,货款,,支,经营类,运营成本,采购支出,规则,0.9,,网银,sample.xlsx,556
TX000557,上海恒道国际物流,上海恒道国际物流,对公,上海恒道国际物流,622202***8888,工商银行,2025-01-15 16:17:00,现金,,216923.27,,216923.27,31555971.6,,货款,,收,现金类,现金,现金存入,规则,0.9,,网银,sample.xlsx,557
TX000558,上海恒道国际物流,上海恒道国际物流,对公,上海恒道国际物流,622202***8888,工商银行,2025-01-15 12:35:00,北京诚栋集成房屋,,138955.41,,138955.41,31694927.01,,货款,,收,经营类,主营业务,销售收入,规则,0.9,,网银,sample.xlsx,558
TX000559,上海恒道国际物流,上海恒道国际物流,对公,上海恒道国际物流,622202***8888,工商银行,2025-01-16 11:55:00,合肥中南光电,,278803.89,,278803.89,31973730.9,,货款,,收,经营类,主营业务,销售收入,规则,0.9,,网银,sample.xlsx,559
TX000560,上海恒道国际物流,上海恒道国际物流,对公,上海恒道国际物流,622202***8888,工商银行,2025-01-16 11:08:00,合肥中南光电,,345523.67,,345523.67,32319254.57,,货款,,收,经营类,主营业务,销售收入,规则,0.9,,网银,sample.xlsx,560
TX000561,上海恒道国际物流,上海恒道国际物流,对公,上海恒道国际物流,622202***8888,工商银行,2025-01-16 18:31:00,江苏锦祺供应链,,267856.11,,267856.11,32587110.68,,货款,,收,经营类,主营业务,销售收入,规则,0.9,,网银,sample.xlsx,561
TX000562,上海恒道国际物流,上海恒道国际物流,对公,上海恒道国际物流,622202***8888,工商银行,2025-01-17 16:42:00,西轮国运代理,,96101.1,,96101.1,32683211.78,,货款,,收,经营类,主营业务,销售收入,规则,0.9,,网银,sample.xlsx,562
TX000563,上海恒道国际物流,上海恒道国际物流,对公,上海恒道国际物流,622202***8888,工商银行,2025-01-19 13:02:00,北京诚栋集成房屋,,175392.87,,175392.87,32858604.65,,货款,,收,经营类,主营业务,销售收入,规则,0.9,,网银,sample.xlsx,563
TX000564,上海恒道国际物流,上海恒道国际物流,对公,上海恒道国际物流,622202***8888,工商银行,2025-01-19 17:39:00,合肥中南光电,,130783.03,,130783.03,32989387.68,,货款,,收,经营类,主营业务,销售收入,规则,0.9,,网银,sample.xlsx,564
TX000565,上海恒道国际物流,上海恒道国际物流,对公,上海恒道国际物流,622202***8888,工商银行,2025-01-20 10:27:00,合肥中南光电,,97466.87,,97466.87,33086854.55,,货款,,收,经营类,主营业务,销售收入,规则,0.9,,网银,sample.xlsx,565
TX000566,上海恒道国际物流,上海恒道国际物流,对公,上海恒道国际物流,622202***8888,工商银行,2025-01-20 09:52:00,中远海运,,,21751.14,-21751.14,33065103.41,,货款,,支,经营类,运营成本,采购支出,规则,0.9,,网银,sample.xlsx,566
TX000567,上海恒道国际物流,上海恒道国际物流,对公,上海恒道国际物流,622202***8888,工商银行,2025-01-20 10:31:00,上海港务,,,13405.84,-13405.84,33051697.57,,货款,,支,经营类,运营成本,采购支出,规则,0.9,,网银,sample.xlsx,567
TX000568,上海恒道国际物流,上海恒道国际物流,对公,上海恒道国际物流,622202***8888,工商银行,2025-01-21 10:09:00,燃油供应公司,,,202462.9,-202462.9,32849234.67,,货款,,支,经营类,运营成本,采购支出,规则,0.9,,网银,sample.xlsx,568
TX000569,上海恒道国际物流,上海恒道国际物流,对公,上海恒道国际物流,622202***8888,工商银行,2025-01-22 08:26:00,合肥中南光电,,56189.38,,56189.38,32905424.05,,货款,,收,经营类,主营业务,销售收入,规则,0.9,,网银,sample.xlsx,569
TX000570,上海恒道国际物流,上海恒道国际物流,对公,上海恒道国际物流,622202***8888,工商银行,2025-01-23 14:09:00,燃油供应公司,,,179490.37,-179490.37,32725933.68,,货款,,支,经营类,运营成本,采购支出,规则,0.9,,网银,sample.xlsx,570
TX000571,上海恒道国际物流,上海恒道国际物流,对公,上海恒道国际物流,622202***8888,工商银行,2025-01-25 17:51:00,合肥中南光电,,131581.34,,131581.34,32857515.02,,货款,,收,经营类,主营业务,销售收入,规则,0.9,,网银,sample.xlsx,571
TX000572,上海恒道国际物流,上海恒道国际物流,对公,上海恒道国际物流,622202***8888,工商银行,2025-01-26 16:53:00,上海港务,,,84295.99,-84295.99,32773219.03,,货款,,支,经营类,运营成本,采购支出,规则,0.9,,网银,sample.xlsx,572
TX000573,上海恒道国际物流,上海恒道国际物流,对公,上海恒道国际物流,622202***8888,工商银行,2025-01-26 14:09:00,现金,,168770.45,,168770.45,32941989.48,,货款,,收,现金类,现金,现金存入,规则,0.9,,网银,sample.xlsx,573
TX000574,上海恒道国际物流,上海恒道国际物流,对公,上海恒道国际物流,622202***8888,工商银行,2025-01-27 10:46:00,江苏锦祺供应链,,283793.1,,283793.1,33225782.58,,货款,,收,经营类,主营业务,销售收入,规则,0.9,,网银,sample.xlsx,574
TX000575,上海恒道国际物流,上海恒道国际物流,对公,上海恒道国际物流,622202***8888,工商银行,2025-01-27 13:07:00,西轮国运代理,,277984.6,,277984.6,33503767.18,,货款,,收,经营类,主营业务,销售收入,规则,0.9,,网银,sample.xlsx,575
TX000576,上海恒道国际物流,上海恒道国际物流,对公,上海恒道国际物流,622202***8888,工商银行,2025-01-28 13:01:00,物流仓储乙,,,136320.51,-136320.51,33367446.67,,货款,,支,经营类,运营成本,采购支出,规则,0.9,,网银,sample.xlsx,576
TX000577,上海恒道国际物流,上海恒道国际物流,对公,上海恒道国际物流,622202***8888,工商银行,2025-01-29 12:38:00,中远海运,,,58122.34,-58122.34,33309324.33,,货款,,支,经营类,运营成本,采购支出,规则,0.9,,网银,sample.xlsx,577
TX000578,上海恒道国际物流,上海恒道国际物流,对公,上海恒道国际物流,622202***8888,工商银行,2025-01-29 11:37:00,中远海运,,,58317.98,-58317.98,33251006.35,,货款,,支,经营类,运营成本,采购支出,规则,0.9,,网银,sample.xlsx,578
TX000579,上海恒道国际物流,上海恒道国际物流,对公,上海恒道国际物流,622202***8888,工商银行,2025-01-29 08:22:00,中远海运,,,149226.54,-149226.54,33101779.81,,货款,,支,经营类,运营成本,采购支出,规则,0.9,,网银,sample.xlsx,579
TX000580,上海恒道国际物流,上海恒道国际物流,对公,上海恒道国际物流,622202***8888,工商银行,2025-01-30 15:30:00,燃油供应公司,,,22013.37,-22013.37,33079766.44,,货款,,支,经营类,运营成本,采购支出,规则,0.9,,网银,sample.xlsx,580
TX000581,上海恒道国际物流,上海恒道国际物流,对公,上海恒道国际物流,622202***8888,工商银行,2025-01-31 12:51:00,西轮国运代理,,87965.79,,87965.79,33167732.23,,货款,,收,经营类,主营业务,销售收入,规则,0.9,,网银,sample.xlsx,581
TX000582,上海恒道国际物流,上海恒道国际物流,对公,上海恒道国际物流,622202***8888,工商银行,2025-02-02 14:29:00,江苏锦祺供应链,,62922.18,,62922.18,33230654.41,,货款,,收,经营类,主营业务,销售收入,规则,0.9,,网银,sample.xlsx,582
TX000583,上海恒道国际物流,上海恒道国际物流,对公,上海恒道国际物流,622202***8888,工商银行,2025-02-02 18:44:00,北京诚栋集成房屋,,215078.61,,215078.61,33445733.02,,货款,,收,经营类,主营业务,销售收入,规则,0.9,,网银,sample.xlsx,583
TX000584,上海恒道国际物流,上海恒道国际物流,对公,上海恒道国际物流,622202***8888,工商银行,2025-02-02 18:46:00,江苏锦祺供应链,,338132.28,,338132.28,33783865.3,,货款,,收,经营类,主营业务,销售收入,规则,0.9,,网银,sample.xlsx,584
TX000585,上海恒道国际物流,上海恒道国际物流,对公,上海恒道国际物流,622202***8888,工商银行,2025-02-03 15:19:00,北京诚栋集成房屋,,146019.73,,146019.73,33929885.03,,货款,,收,经营类,主营业务,销售收入,规则,0.9,,网银,sample.xlsx,585
TX000586,上海恒道国际物流,上海恒道国际物流,对公,上海恒道国际物流,622202***8888,工商银行,2025-02-04 15:17:00,北京诚栋集成房屋,,354043.41,,354043.41,34283928.44,,货款,,收,经营类,主营业务,销售收入,规则,0.9,,网银,sample.xlsx,586
TX000587,上海恒道国际物流,上海恒道国际物流,对公,上海恒道国际物流,622202***8888,工商银行,2025-02-06 12:23:00,现金,,235982.15,,235982.15,34519910.59,,货款,,收,现金类,现金,现金存入,规则,0.9,,网银,sample.xlsx,587
TX000588,上海恒道国际物流,上海恒道国际物流,对公,上海恒道国际物流,622202***8888,工商银行,2025-02-06 10:58:00,燃油供应公司,,,106892.44,-106892.44,34413018.15,,货款,,支,经营类,运营成本,采购支出,规则,0.9,,网银,sample.xlsx,588
TX000589,上海恒道国际物流,上海恒道国际物流,对公,上海恒道国际物流,622202***8888,工商银行,2025-02-07 08:06:00,物流仓储乙,,,130431.12,-130431.12,34282587.03,,货款,,支,经营类,运营成本,采购支出,规则,0.9,,网银,sample.xlsx,589
TX000590,上海恒道国际物流,上海恒道国际物流,对公,上海恒道国际物流,622202***8888,工商银行,2025-02-09 09:48:00,物流仓储乙,,,60624.73,-60624.73,34221962.3,,货款,,支,经营类,运营成本,采购支出,规则,0.9,,网银,sample.xlsx,590
TX000591,上海恒道国际物流,上海恒道国际物流,对公,上海恒道国际物流,622202***8888,工商银行,2025-02-09 17:33:00,西轮国运代理,,399299.88,,399299.88,34621262.18,,货款,,收,经营类,主营业务,销售收入,规则,0.9,,网银,sample.xlsx,591
TX000592,上海恒道国际物流,上海恒道国际物流,对公,上海恒道国际物流,622202***8888,工商银行,2025-02-09 17:13:00,江苏锦祺供应链,,358391.87,,358391.87,34979654.05,,货款,,收,经营类,主营业务,销售收入,规则,0.9,,网银,sample.xlsx,592
TX000593,上海恒道国际物流,上海恒道国际物流,对公,上海恒道国际物流,622202***8888,工商银行,2025-02-10 11:04:00,江苏锦祺供应链,,290100.23,,290100.23,35269754.28,,货款,,收,经营类,主营业务,销售收入,规则,0.9,,网银,sample.xlsx,593
TX000594,上海恒道国际物流,上海恒道国际物流,对公,上海恒道国际物流,622202***8888,工商银行,2025-02-11 10:52:00,中远海运,,,61575.95,-61575.95,35208178.33,,货款,,支,经营类,运营成本,采购支出,规则,0.9,,网银,sample.xlsx,594
TX000595,上海恒道国际物流,上海恒道国际物流,对公,上海恒道国际物流,622202***8888,工商银行,2025-02-11 10:00:00,北京诚栋集成房屋,,328009.35,,328009.35,35536187.68,,货款,,收,经营类,主营业务,销售收入,规则,0.9,,网银,sample.xlsx,595
TX000596,上海恒道国际物流,上海恒道国际物流,对公,上海恒道国际物流,622202***8888,工商银行,2025-02-12 11:09:00,现金,,,198784.62,-198784.62,35337403.06,,货款,,支,现金类,现金,现金取款,规则,0.9,,网银,sample.xlsx,596
TX000597,上海恒道国际物流,上海恒道国际物流,对公,上海恒道国际物流,622202***8888,工商银行,2025-02-12 10:13:00,上海港务,,,46296.28,-46296.28,35291106.78,,货款,,支,经营类,运营成本,采购支出,规则,0.9,,网银,sample.xlsx,597
TX000598,上海恒道国际物流,上海恒道国际物流,对公,上海恒道国际物流,622202***8888,工商银行,2025-02-13 08:50:00,燃油供应公司,,,180063.47,-180063.47,35111043.31,,货款,,支,经营类,运营成本,采购支出,规则,0.9,,网银,sample.xlsx,598
TX000599,上海恒道国际物流,上海恒道国际物流,对公,上海恒道国际物流,622202***8888,工商银行,2025-02-14 17:40:00,江苏锦祺供应链,,316118.88,,316118.88,35427162.19,,货款,,收,经营类,主营业务,销售收入,规则,0.9,,网银,sample.xlsx,599
TX000600,上海恒道国际物流,上海恒道国际物流,对公,上海恒道国际物流,622202***8888,工商银行,2025-02-14 09:41:00,北京诚栋集成房屋,,341375.6,,341375.6,35768537.79,,货款,,收,经营类,主营业务,销售收入,规则,0.9,,网银,sample.xlsx,600
TX000601,上海恒道国际物流,上海恒道国际物流,对公,上海恒道国际物流,622202***8888,工商银行,2025-02-14 15:43:00,燃油供应公司,,,149866.57,-149866.57,35618671.22,,货款,,支,经营类,运营成本,采购支出,规则,0.9,,网银,sample.xlsx,601
TX000602,上海恒道国际物流,上海恒道国际物流,对公,上海恒道国际物流,622202***8888,工商银行,2025-02-15 18:37:00,西轮国运代理,,363818.05,,363818.05,35982489.27,,货款,,收,经营类,主营业务,销售收入,规则,0.9,,网银,sample.xlsx,602
TX000603,上海恒道国际物流,上海恒道国际物流,对公,上海恒道国际物流,622202***8888,工商银行,2025-02-15 16:19:00,合肥中南光电,,333566.05,,333566.05,36316055.32,,货款,,收,经营类,主营业务,销售收入,规则,0.9,,网银,sample.xlsx,603
TX000604,上海恒道国际物流,上海恒道国际物流,对公,上海恒道国际物流,622202***8888,工商银行,2025-02-15 09:04:00,物流仓储乙,,,137601.1,-137601.1,36178454.22,,货款,,支,经营类,运营成本,采购支出,规则,0.9,,网银,sample.xlsx,604
TX000605,上海恒道国际物流,上海恒道国际物流,对公,上海恒道国际物流,622202***8888,工商银行,2025-02-16 16:15:00,上海港务,,,67625.45,-67625.45,36110828.77,,货款,,支,经营类,运营成本,采购支出,规则,0.9,,网银,sample.xlsx,605
TX000606,上海恒道国际物流,上海恒道国际物流,对公,上海恒道国际物流,622202***8888,工商银行,2025-02-16 08:25:00,物流仓储乙,,,227948.54,-227948.54,35882880.23,,货款,,支,经营类,运营成本,采购支出,规则,0.9,,网银,sample.xlsx,606
TX000607,上海恒道国际物流,上海恒道国际物流,对公,上海恒道国际物流,622202***8888,工商银行,2025-02-17 09:14:00,燃油供应公司,,,208184.64,-208184.64,35674695.59,,货款,,支,经营类,运营成本,采购支出,规则,0.9,,网银,sample.xlsx,607
TX000608,上海恒道国际物流,上海恒道国际物流,对公,上海恒道国际物流,622202***8888,工商银行,2025-02-17 14:50:00,燃油供应公司,,,169187.1,-169187.1,35505508.49,,货款,,支,经营类,运营成本,采购支出,规则,0.9,,网银,sample.xlsx,608
TX000609,上海恒道国际物流,上海恒道国际物流,对公,上海恒道国际物流,622202***8888,工商银行,2025-02-17 09:56:00,现金,,205840.14,,205840.14,35711348.63,,货款,,收,现金类,现金,现金存入,规则,0.9,,网银,sample.xlsx,609
TX000610,上海恒道国际物流,上海恒道国际物流,对公,上海恒道国际物流,622202***8888,工商银行,2025-02-18 16:13:00,江苏锦祺供应链,,133794.09,,133794.09,35845142.72,,货款,,收,经营类,主营业务,销售收入,规则,0.9,,网银,sample.xlsx,610
TX000611,上海恒道国际物流,上海恒道国际物流,对公,上海恒道国际物流,622202***8888,工商银行,2025-02-18 12:21:00,合肥中南光电,,340924.2,,340924.2,36186066.92,,货款,,收,经营类,主营业务,销售收入,规则,0.9,,网银,sample.xlsx,611
TX000612,上海恒道国际物流,上海恒道国际物流,对公,上海恒道国际物流,622202***8888,工商银行,2025-02-18 14:42:00,西轮国运代理,,91169.73,,91169.73,36277236.65,,货款,,收,经营类,主营业务,销售收入,规则,0.9,,网银,sample.xlsx,612
TX000613,上海恒道国际物流,上海恒道国际物流,对公,上海恒道国际物流,622202***8888,工商银行,2025-02-19 14:17:00,北京诚栋集成房屋,,162745.83,,162745.83,36439982.48,,货款,,收,经营类,主营业务,销售收入,规则,0.9,,网银,sample.xlsx,613
TX000614,上海恒道国际物流,上海恒道国际物流,对公,上海恒道国际物流,622202***8888,工商银行,2025-02-20 17:56:00,燃油供应公司,,,50179.87,-50179.87,36389802.61,,货款,,支,经营类,运营成本,采购支出,规则,0.9,,网银,sample.xlsx,614
TX000615,上海恒道国际物流,上海恒道国际物流,对公,上海恒道国际物流,622202***8888,工商银行,2025-02-20 16:50:00,报关行甲,,,84056.41,-84056.41,36305746.2,,货款,,支,经营类,运营成本,采购支出,规则,0.9,,网银,sample.xlsx,615
TX000616,上海恒道国际物流,上海恒道国际物流,对公,上海恒道国际物流,622202***8888,工商银行,2025-02-21 10:06:00,现金,,,103824.65,-103824.65,36201921.55,,货款,,支,现金类,现金,现金取款,规则,0.9,,网银,sample.xlsx,616
TX000617,上海恒道国际物流,上海恒道国际物流,对公,上海恒道国际物流,622202***8888,工商银行,2025-02-22 16:47:00,西轮国运代理,,299902.55,,299902.55,36501824.1,,货款,,收,经营类,主营业务,销售收入,规则,0.9,,网银,sample.xlsx,617
TX000618,上海恒道国际物流,上海恒道国际物流,对公,上海恒道国际物流,622202***8888,工商银行,2025-02-23 17:21:00,西轮国运代理,,273197.13,,273197.13,36775021.23,,货款,,收,经营类,主营业务,销售收入,规则,0.9,,网银,sample.xlsx,618
TX000619,上海恒道国际物流,上海恒道国际物流,对公,上海恒道国际物流,622202***8888,工商银行,2025-02-23 18:43:00,西轮国运代理,,157492.16,,157492.16,36932513.39,,货款,,收,经营类,主营业务,销售收入,规则,0.9,,网银,sample.xlsx,619
TX000620,上海恒道国际物流,上海恒道国际物流,对公,上海恒道国际物流,622202***8888,工商银行,2025-02-23 18:31:00,江苏锦祺供应链,,327296.91,,327296.91,37259810.3,,货款,,收,经营类,主营业务,销售收入,规则,0.9,,网银,sample.xlsx,620
TX000621,上海恒道国际物流,上海恒道国际物流,对公,上海恒道国际物流,622202***8888,工商银行,2025-02-24 18:07:00,北京诚栋集成房屋,,41652.22,,41652.22,37301462.52,,货款,,收,经营类,主营业务,销售收入,规则,0.9,,网银,sample.xlsx,621
TX000622,上海恒道国际物流,上海恒道国际物流,对公,上海恒道国际物流,622202***8888,工商银行,2025-02-24 10:46:00,报关行甲,,,84675.38,-84675.38,37216787.14,,货款,,支,经营类,运营成本,采购支出,规则,0.9,,网银,sample.xlsx,622
TX000623,上海恒道国际物流,上海恒道国际物流,对公,上海恒道国际物流,622202***8888,工商银行,2025-02-24 10:00:00,报关行甲,,,18425.73,-18425.73,37198361.41,,货款,,支,经营类,运营成本,采购支出,规则,0.9,,网银,sample.xlsx,623
TX000624,上海恒道国际物流,上海恒道国际物流,对公,上海恒道国际物流,622202***8888,工商银行,2025-02-25 14:11:00,江苏锦祺供应链,,368840.34,,368840.34,37567201.75,,货款,,收,经营类,主营业务,销售收入,规则,0.9,,网银,sample.xlsx,624
TX000625,上海恒道国际物流,上海恒道国际物流,对公,上海恒道国际物流,622202***8888,工商银行,2025-02-25 16:01:00,燃油供应公司,,,160550.92,-160550.92,37406650.83,,货款,,支,经营类,运营成本,采购支出,规则,0.9,,网银,sample.xlsx,625
TX000626,上海恒道国际物流,上海恒道国际物流,对公,上海恒道国际物流,622202***8888,工商银行,2025-02-26 18:40:00,合肥中南光电,,266543.54,,266543.54,37673194.37,,货款,,收,经营类,主营业务,销售收入,规则,0.9,,网银,sample.xlsx,626
TX000627,上海恒道国际物流,上海恒道国际物流,对公,上海恒道国际物流,622202***8888,工商银行,2025-02-26 10:53:00,西轮国运代理,,282523.41,,282523.41,37955717.78,,货款,,收,经营类,主营业务,销售收入,规则,0.9,,网银,sample.xlsx,627
TX000628,上海恒道国际物流,上海恒道国际物流,对公,上海恒道国际物流,622202***8888,工商银行,2025-02-26 10:12:00,中远海运,,,200478.6,-200478.6,37755239.18,,货款,,支,经营类,运营成本,采购支出,规则,0.9,,网银,sample.xlsx,628
TX000629,上海恒道国际物流,上海恒道国际物流,对公,上海恒道国际物流,622202***8888,工商银行,2025-02-28 08:37:00,江苏锦祺供应链,,84857.41,,84857.41,37840096.59,,货款,,收,经营类,主营业务,销售收入,规则,0.9,,网银,sample.xlsx,629
TX000630,上海恒道国际物流,上海恒道国际物流,对公,上海恒道国际物流,622202***8888,工商银行,2025-03-01 12:57:00,燃油供应公司,,,240910.18,-240910.18,37599186.41,,货款,,支,经营类,运营成本,采购支出,规则,0.9,,网银,sample.xlsx,630
TX000631,上海恒道国际物流,上海恒道国际物流,对公,上海恒道国际物流,622202***8888,工商银行,2025-03-01 14:06:00,上海港务,,,158971.78,-158971.78,37440214.63,,货款,,支,经营类,运营成本,采购支出,规则,0.9,,网银,sample.xlsx,631
TX000632,上海恒道国际物流,上海恒道国际物流,对公,上海恒道国际物流,622202***8888,工商银行,2025-03-02 12:07:00,西轮国运代理,,166496.5,,166496.5,37606711.13,,货款,,收,经营类,主营业务,销售收入,规则,0.9,,网银,sample.xlsx,632
TX000633,上海恒道国际物流,上海恒道国际物流,对公,上海恒道国际物流,622202***8888,工商银行,2025-03-02 18:10:00,江苏锦祺供应链,,191090.66,,191090.66,37797801.79,,货款,,收,经营类,主营业务,销售收入,规则,0.9,,网银,sample.xlsx,633
TX000634,上海恒道国际物流,上海恒道国际物流,对公,上海恒道国际物流,622202***8888,工商银行,2025-03-03 16:54:00,西轮国运代理,,307689.35,,307689.35,38105491.14,,货款,,收,经营类,主营业务,销售收入,规则,0.9,,网银,sample.xlsx,634
TX000635,上海恒道国际物流,上海恒道国际物流,对公,上海恒道国际物流,622202***8888,工商银行,2025-03-03 14:33:00,中远海运,,,76093.45,-76093.45,38029397.69,,货款,,支,经营类,运营成本,采购支出,规则,0.9,,网银,sample.xlsx,635
TX000636,上海恒道国际物流,上海恒道国际物流,对公,上海恒道国际物流,622202***8888,工商银行,2025-03-04 08:34:00,中远海运,,,72334.4,-72334.4,37957063.29,,货款,,支,经营类,运营成本,采购支出,规则,0.9,,网银,sample.xlsx,636
TX000637,上海恒道国际物流,上海恒道国际物流,对公,上海恒道国际物流,622202***8888,工商银行,2025-03-04 13:16:00,物流仓储乙,,,83340.75,-83340.75,37873722.54,,货款,,支,经营类,运营成本,采购支出,规则,0.9,,网银,sample.xlsx,637
TX000638,上海恒道国际物流,上海恒道国际物流,对公,上海恒道国际物流,622202***8888,工商银行,2025-03-05 14:53:00,物流仓储乙,,,33136.99,-33136.99,37840585.55,,货款,,支,经营类,运营成本,采购支出,规则,0.9,,网银,sample.xlsx,638
TX000639,上海恒道国际物流,上海恒道国际物流,对公,上海恒道国际物流,622202***8888,工商银行,2025-03-07 09:49:00,上海建工集团,,387571.96,,387571.96,38228157.51,,货款,,收,经营类,主营业务,销售收入,规则,0.9,,网银,sample.xlsx,639
TX000640,上海恒道国际物流,上海恒道国际物流,对公,上海恒道国际物流,622202***8888,工商银行,2025-03-07 13:22:00,西轮国运代理,,171991.48,,171991.48,38400148.99,,货款,,收,经营类,主营业务,销售收入,规则,0.9,,网银,sample.xlsx,640
TX000641,上海恒道国际物流,上海恒道国际物流,对公,上海恒道国际物流,622202***8888,工商银行,2025-03-08 18:59:00,上海港务,,,137630.05,-137630.05,38262518.94,,货款,,支,经营类,运营成本,采购支出,规则,0.9,,网银,sample.xlsx,641
TX000642,上海恒道国际物流,上海恒道国际物流,对公,上海恒道国际物流,622202***8888,工商银行,2025-03-09 09:32:00,西轮国运代理,,279124.14,,279124.14,38541643.08,,货款,,收,经营类,主营业务,销售收入,规则,0.9,,网银,sample.xlsx,642
TX000643,上海恒道国际物流,上海恒道国际物流,对公,上海恒道国际物流,622202***8888,工商银行,2025-03-09 14:13:00,江苏锦祺供应链,,273768.58,,273768.58,38815411.66,,货款,,收,经营类,主营业务,销售收入,规则,0.9,,网银,sample.xlsx,643
TX000644,上海恒道国际物流,上海恒道国际物流,对公,上海恒道国际物流,622202***8888,工商银行,2025-03-10 11:32:00,上海港务,,,46277.45,-46277.45,38769134.21,,货款,,支,经营类,运营成本,采购支出,规则,0.9,,网银,sample.xlsx,644
TX000645,上海恒道国际物流,上海恒道国际物流,对公,上海恒道国际物流,622202***8888,工商银行,2025-03-10 18:24:00,西轮国运代理,,361549.92,,361549.92,39130684.13,,货款,,收,经营类,主营业务,销售收入,规则,0.9,,网银,sample.xlsx,645
TX000646,上海恒道国际物流,上海恒道国际物流,对公,上海恒道国际物流,622202***8888,工商银行,2025-03-11 09:49:00,合肥中南光电,,252693.94,,252693.94,39383378.07,,货款,,收,经营类,主营业务,销售收入,规则,0.9,,网银,sample.xlsx,646
TX000647,上海恒道国际物流,上海恒道国际物流,对公,上海恒道国际物流,622202***8888,工商银行,2025-03-11 11:19:00,物流仓储乙,,,75526.77,-75526.77,39307851.3,,货款,,支,经营类,运营成本,采购支出,规则,0.9,,网银,sample.xlsx,647
TX000648,上海恒道国际物流,上海恒道国际物流,对公,上海恒道国际物流,622202***8888,工商银行,2025-03-13 09:07:00,中远海运,,,96331.81,-96331.81,39211519.49,,货款,,支,经营类,运营成本,采购支出,规则,0.9,,网银,sample.xlsx,648
TX000649,上海恒道国际物流,上海恒道国际物流,对公,上海恒道国际物流,622202***8888,工商银行,2025-03-13 10:28:00,燃油供应公司,,,62414.16,-62414.16,39149105.33,,货款,,支,经营类,运营成本,采购支出,规则,0.9,,网银,sample.xlsx,649
TX000650,上海恒道国际物流,上海恒道国际物流,对公,上海恒道国际物流,622202***8888,工商银行,2025-03-14 08:02:00,合肥中南光电,,244293.29,,244293.29,39393398.62,,货款,,收,经营类,主营业务,销售收入,规则,0.9,,网银,sample.xlsx,650
TX000651,上海恒道国际物流,上海恒道国际物流,对公,上海恒道国际物流,622202***8888,工商银行,2025-03-14 18:59:00,合肥中南光电,,62007.38,,62007.38,39455406.0,,货款,,收,经营类,主营业务,销售收入,规则,0.9,,网银,sample.xlsx,651
TX000652,上海恒道国际物流,上海恒道国际物流,对公,上海恒道国际物流,622202***8888,工商银行,2025-03-15 11:18:00,物流仓储乙,,,146428.45,-146428.45,39308977.55,,货款,,支,经营类,运营成本,采购支出,规则,0.9,,网银,sample.xlsx,652
TX000653,上海恒道国际物流,上海恒道国际物流,对公,上海恒道国际物流,622202***8888,工商银行,2025-03-15 10:01:00,现金,,,138896.67,-138896.67,39170080.88,,货款,,支,现金类,现金,现金取款,规则,0.9,,网银,sample.xlsx,653
TX000654,上海恒道国际物流,上海恒道国际物流,对公,上海恒道国际物流,622202***8888,工商银行,2025-03-16 09:37:00,北京诚栋集成房屋,,382717.58,,382717.58,39552798.46,,货款,,收,经营类,主营业务,销售收入,规则,0.9,,网银,sample.xlsx,654
TX000655,上海恒道国际物流,上海恒道国际物流,对公,上海恒道国际物流,622202***8888,工商银行,2025-03-16 11:42:00,合肥中南光电,,214592.89,,214592.89,39767391.35,,货款,,收,经营类,主营业务,销售收入,规则,0.9,,网银,sample.xlsx,655
TX000656,上海恒道国际物流,上海恒道国际物流,对公,上海恒道国际物流,622202***8888,工商银行,2025-03-18 18:30:00,燃油供应公司,,,167878.22,-167878.22,39599513.13,,货款,,支,经营类,运营成本,采购支出,规则,0.9,,网银,sample.xlsx,656
TX000657,上海恒道国际物流,上海恒道国际物流,对公,上海恒道国际物流,622202***8888,工商银行,2025-03-18 17:29:00,报关行甲,,,118952.59,-118952.59,39480560.54,,货款,,支,经营类,运营成本,采购支出,规则,0.9,,网银,sample.xlsx,657
TX000658,上海恒道国际物流,上海恒道国际物流,对公,上海恒道国际物流,622202***8888,工商银行,2025-03-19 11:04:00,上海建工集团,,62515.13,,62515.13,39543075.67,,货款,,收,经营类,主营业务,销售收入,规则,0.9,,网银,sample.xlsx,658
TX000659,上海恒道国际物流,上海恒道国际物流,对公,上海恒道国际物流,622202***8888,工商银行,2025-03-21 12:47:00,上海港务,,,195595.97,-195595.97,39347479.7,,货款,,支,经营类,运营成本,采购支出,规则,0.9,,网银,sample.xlsx,659
TX000660,上海恒道国际物流,上海恒道国际物流,对公,上海恒道国际物流,622202***8888,工商银行,2025-03-21 08:04:00,中远海运,,,230786.87,-230786.87,39116692.83,,货款,,支,经营类,运营成本,采购支出,规则,0.9,,网银,sample.xlsx,660
TX000661,上海恒道国际物流,上海恒道国际物流,对公,上海恒道国际物流,622202***8888,工商银行,2025-03-21 18:34:00,合肥中南光电,,24945.15,,24945.15,39141637.98,,货款,,收,经营类,主营业务,销售收入,规则,0.9,,网银,sample.xlsx,661
TX000662,上海恒道国际物流,上海恒道国际物流,对公,上海恒道国际物流,622202***8888,工商银行,2025-03-22 13:19:00,上海港务,,,145690.39,-145690.39,38995947.59,,货款,,支,经营类,运营成本,采购支出,规则,0.9,,网银,sample.xlsx,662
TX000663,上海恒道国际物流,上海恒道国际物流,对公,上海恒道国际物流,622202***8888,工商银行,2025-03-22 08:51:00,上海建工集团,,282701.9,,282701.9,39278649.49,,货款,,收,经营类,主营业务,销售收入,规则,0.9,,网银,sample.xlsx,663
TX000664,上海恒道国际物流,上海恒道国际物流,对公,上海恒道国际物流,622202***8888,工商银行,2025-03-23 15:31:00,燃油供应公司,,,35607.98,-35607.98,39243041.51,,货款,,支,经营类,运营成本,采购支出,规则,0.9,,网银,sample.xlsx,664
TX000665,上海恒道国际物流,上海恒道国际物流,对公,上海恒道国际物流,622202***8888,工商银行,2025-03-23 10:54:00,燃油供应公司,,,200739.96,-200739.96,39042301.55,,货款,,支,经营类,运营成本,采购支出,规则,0.9,,网银,sample.xlsx,665
TX000666,上海恒道国际物流,上海恒道国际物流,对公,上海恒道国际物流,622202***8888,工商银行,2025-03-23 13:16:00,江苏锦祺供应链,,115470.47,,115470.47,39157772.02,,货款,,收,经营类,主营业务,销售收入,规则,0.9,,网银,sample.xlsx,666
TX000667,上海恒道国际物流,上海恒道国际物流,对公,上海恒道国际物流,622202***8888,工商银行,2025-03-25 14:10:00,物流仓储乙,,,114819.38,-114819.38,39042952.64,,货款,,支,经营类,运营成本,采购支出,规则,0.9,,网银,sample.xlsx,667
TX000668,上海恒道国际物流,上海恒道国际物流,对公,上海恒道国际物流,622202***8888,工商银行,2025-03-26 16:24:00,北京诚栋集成房屋,,62229.05,,62229.05,39105181.69,,货款,,收,经营类,主营业务,销售收入,规则,0.9,,网银,sample.xlsx,668
TX000669,上海恒道国际物流,上海恒道国际物流,对公,上海恒道国际物流,622202***8888,工商银行,2025-03-26 17:34:00,现金,,196210.54,,196210.54,39301392.23,,货款,,收,现金类,现金,现金存入,规则,0.9,,网银,sample.xlsx,669
TX000670,上海恒道国际物流,上海恒道国际物流,对公,上海恒道国际物流,622202***8888,工商银行,2025-03-26 15:31:00,燃油供应公司,,,91228.01,-91228.01,39210164.22,,货款,,支,经营类,运营成本,采购支出,规则,0.9,,网银,sample.xlsx,670
TX000671,上海恒道国际物流,上海恒道国际物流,对公,上海恒道国际物流,622202***8888,工商银行,2025-03-27 09:06:00,上海建工集团,,364202.28,,364202.28,39574366.5,,货款,,收,经营类,主营业务,销售收入,规则,0.9,,网银,sample.xlsx,671
TX000672,上海恒道国际物流,上海恒道国际物流,对公,上海恒道国际物流,622202***8888,工商银行,2025-03-28 18:43:00,报关行甲,,,119537.74,-119537.74,39454828.76,,货款,,支,经营类,运营成本,采购支出,规则,0.9,,网银,sample.xlsx,672
TX000673,上海恒道国际物流,上海恒道国际物流,对公,上海恒道国际物流,622202***8888,工商银行,2025-03-29 15:10:00,物流仓储乙,,,183874.61,-183874.61,39270954.15,,货款,,支,经营类,运营成本,采购支出,规则,0.9,,网银,sample.xlsx,673
TX000674,上海恒道国际物流,上海恒道国际物流,对公,上海恒道国际物流,622202***8888,工商银行,2025-03-29 15:38:00,上海建工集团,,292394.72,,292394.72,39563348.87,,货款,,收,经营类,主营业务,销售收入,规则,0.9,,网银,sample.xlsx,674
TX000675,上海恒道国际物流,上海恒道国际物流,对公,上海恒道国际物流,622202***8888,工商银行,2025-03-29 11:51:00,合肥中南光电,,247647.28,,247647.28,39810996.15,,货款,,收,经营类,主营业务,销售收入,规则,0.9,,网银,sample.xlsx,675
TX000676,上海恒道国际物流,上海恒道国际物流,对公,上海恒道国际物流,622202***8888,工商银行,2025-03-30 18:47:00,江苏锦祺供应链,,319460.24,,319460.24,40130456.39,,货款,,收,经营类,主营业务,销售收入,规则,0.9,,网银,sample.xlsx,676
TX000677,上海恒道国际物流,上海恒道国际物流,对公,上海恒道国际物流,622202***8888,工商银行,2025-04-01 08:25:00,现金,,325033.66,,325033.66,40455490.05,,货款,,收,现金类,现金,现金存入,规则,0.9,,网银,sample.xlsx,677
TX000678,上海恒道国际物流,上海恒道国际物流,对公,上海恒道国际物流,622202***8888,工商银行,2025-04-02 16:40:00,现金,,,196081.21,-196081.21,40259408.84,,货款,,支,现金类,现金,现金取款,规则,0.9,,网银,sample.xlsx,678
TX000679,上海恒道国际物流,上海恒道国际物流,对公,上海恒道国际物流,622202***8888,工商银行,2025-04-03 09:48:00,上海建工集团,,197807.79,,197807.79,40457216.63,,货款,,收,经营类,主营业务,销售收入,规则,0.9,,网银,sample.xlsx,679
TX000680,上海恒道国际物流,上海恒道国际物流,对公,上海恒道国际物流,622202***8888,工商银行,2025-04-03 10:39:00,中远海运,,,54865.0,-54865.0,40402351.63,,货款,,支,经营类,运营成本,采购支出,规则,0.9,,网银,sample.xlsx,680
TX000681,上海恒道国际物流,上海恒道国际物流,对公,上海恒道国际物流,622202***8888,工商银行,2025-04-03 14:58:00,北京诚栋集成房屋,,213727.59,,213727.59,40616079.22,,货款,,收,经营类,主营业务,销售收入,规则,0.9,,网银,sample.xlsx,681
TX000682,上海恒道国际物流,上海恒道国际物流,对公,上海恒道国际物流,622202***8888,工商银行,2025-04-10 10:53:00,北京诚栋集成房屋,,232761.6,,232761.6,40848840.82,,货款,,收,经营类,主营业务,销售收入,规则,0.9,,网银,sample.xlsx,682
TX000683,上海恒道国际物流,上海恒道国际物流,对公,上海恒道国际物流,622202***8888,工商银行,2025-04-10 11:42:00,合肥中南光电,,99328.11,,99328.11,40948168.93,,货款,,收,经营类,主营业务,销售收入,规则,0.9,,网银,sample.xlsx,683
TX000684,上海恒道国际物流,上海恒道国际物流,对公,上海恒道国际物流,622202***8888,工商银行,2025-04-11 13:43:00,物流仓储乙,,,244349.35,-244349.35,40703819.58,,货款,,支,经营类,运营成本,采购支出,规则,0.9,,网银,sample.xlsx,684
TX000685,上海恒道国际物流,上海恒道国际物流,对公,上海恒道国际物流,622202***8888,工商银行,2025-04-11 09:05:00,上海建工集团,,342897.35,,342897.35,41046716.93,,货款,,收,经营类,主营业务,销售收入,规则,0.9,,网银,sample.xlsx,685
TX000686,上海恒道国际物流,上海恒道国际物流,对公,上海恒道国际物流,622202***8888,工商银行,2025-04-11 15:38:00,西轮国运代理,,137499.75,,137499.75,41184216.68,,货款,,收,经营类,主营业务,销售收入,规则,0.9,,网银,sample.xlsx,686
TX000687,上海恒道国际物流,上海恒道国际物流,对公,上海恒道国际物流,622202***8888,工商银行,2025-04-12 18:44:00,现金,,,28925.03,-28925.03,41155291.65,,货款,,支,现金类,现金,现金取款,规则,0.9,,网银,sample.xlsx,687
TX000688,上海恒道国际物流,上海恒道国际物流,对公,上海恒道国际物流,622202***8888,工商银行,2025-04-12 14:59:00,上海港务,,,134830.0,-134830.0,41020461.65,,货款,,支,经营类,运营成本,采购支出,规则,0.9,,网银,sample.xlsx,688
TX000689,上海恒道国际物流,上海恒道国际物流,对公,上海恒道国际物流,622202***8888,工商银行,2025-04-13 08:42:00,中远海运,,,229088.99,-229088.99,40791372.66,,货款,,支,经营类,运营成本,采购支出,规则,0.9,,网银,sample.xlsx,689
TX000690,上海恒道国际物流,上海恒道国际物流,对公,上海恒道国际物流,622202***8888,工商银行,2025-04-14 17:18:00,报关行甲,,,202270.61,-202270.61,40589102.05,,货款,,支,经营类,运营成本,采购支出,规则,0.9,,网银,sample.xlsx,690
TX000691,上海恒道国际物流,上海恒道国际物流,对公,上海恒道国际物流,622202***8888,工商银行,2025-04-15 13:01:00,上海建工集团,,116005.61,,116005.61,40705107.66,,货款,,收,经营类,主营业务,销售收入,规则,0.9,,网银,sample.xlsx,691
TX000692,上海恒道国际物流,上海恒道国际物流,对公,上海恒道国际物流,622202***8888,工商银行,2025-04-15 18:41:00,北京诚栋集成房屋,,81611.33,,81611.33,40786718.99,,货款,,收,经营类,主营业务,销售收入,规则,0.9,,网银,sample.xlsx,692
TX000693,上海恒道国际物流,上海恒道国际物流,对公,上海恒道国际物流,622202***8888,工商银行,2025-04-15 13:17:00,物流仓储乙,,,210837.69,-210837.69,40575881.3,,货款,,支,经营类,运营成本,采购支出,规则,0.9,,网银,sample.xlsx,693
TX000694,上海恒道国际物流,上海恒道国际物流,对公,上海恒道国际物流,622202***8888,工商银行,2025-04-16 13:58:00,江苏锦祺供应链,,27951.74,,27951.74,40603833.04,,货款,,收,经营类,主营业务,销售收入,规则,0.9,,网银,sample.xlsx,694
TX000695,上海恒道国际物流,上海恒道国际物流,对公,上海恒道国际物流,622202***8888,工商银行,2025-04-17 16:10:00,上海建工集团,,358130.87,,358130.87,40961963.91,,货款,,收,经营类,主营业务,销售收入,规则,0.9,,网银,sample.xlsx,695
TX000696,上海恒道国际物流,上海恒道国际物流,对公,上海恒道国际物流,622202***8888,工商银行,2025-04-17 09:34:00,西轮国运代理,,181500.33,,181500.33,41143464.24,,货款,,收,经营类,主营业务,销售收入,规则,0.9,,网银,sample.xlsx,696
TX000697,上海恒道国际物流,上海恒道国际物流,对公,上海恒道国际物流,622202***8888,工商银行,2025-04-19 11:58:00,江苏锦祺供应链,,40293.25,,40293.25,41183757.49,,货款,,收,经营类,主营业务,销售收入,规则,0.9,,网银,sample.xlsx,697
TX000698,上海恒道国际物流,上海恒道国际物流,对公,上海恒道国际物流,622202***8888,工商银行,2025-04-19 09:41:00,江苏锦祺供应链,,282122.51,,282122.51,41465880.0,,货款,,收,经营类,主营业务,销售收入,规则,0.9,,网银,sample.xlsx,698
TX000699,上海恒道国际物流,上海恒道国际物流,对公,上海恒道国际物流,622202***8888,工商银行,2025-04-19 12:27:00,西轮国运代理,,306927.15,,306927.15,41772807.15,,货款,,收,经营类,主营业务,销售收入,规则,0.9,,网银,sample.xlsx,699
TX000700,上海恒道国际物流,上海恒道国际物流,对公,上海恒道国际物流,622202***8888,工商银行,2025-04-21 12:48:00,物流仓储乙,,,174850.94,-174850.94,41597956.21,,货款,,支,经营类,运营成本,采购支出,规则,0.9,,网银,sample.xlsx,700
TX000701,上海恒道国际物流,上海恒道国际物流,对公,上海恒道国际物流,622202***8888,工商银行,2025-04-22 11:41:00,西轮国运代理,,385024.83,,385024.83,41982981.04,,货款,,收,经营类,主营业务,销售收入,规则,0.9,,网银,sample.xlsx,701
TX000702,上海恒道国际物流,上海恒道国际物流,对公,上海恒道国际物流,622202***8888,工商银行,2025-04-22 09:44:00,江苏锦祺供应链,,73968.12,,73968.12,42056949.16,,货款,,收,经营类,主营业务,销售收入,规则,0.9,,网银,sample.xlsx,702
TX000703,上海恒道国际物流,上海恒道国际物流,对公,上海恒道国际物流,622202***8888,工商银行,2025-04-22 08:04:00,北京诚栋集成房屋,,44297.68,,44297.68,42101246.84,,货款,,收,经营类,主营业务,销售收入,规则,0.9,,网银,sample.xlsx,703
TX000704,上海恒道国际物流,上海恒道国际物流,对公,上海恒道国际物流,622202***8888,工商银行,2025-04-23 16:44:00,江苏锦祺供应链,,62887.81,,62887.81,42164134.65,,货款,,收,经营类,主营业务,销售收入,规则,0.9,,网银,sample.xlsx,704
TX000705,上海恒道国际物流,上海恒道国际物流,对公,上海恒道国际物流,622202***8888,工商银行,2025-04-23 12:25:00,报关行甲,,,52693.97,-52693.97,42111440.68,,货款,,支,经营类,运营成本,采购支出,规则,0.9,,网银,sample.xlsx,705
TX000706,上海恒道国际物流,上海恒道国际物流,对公,上海恒道国际物流,622202***8888,工商银行,2025-04-24 09:55:00,上海港务,,,116782.7,-116782.7,41994657.98,,货款,,支,经营类,运营成本,采购支出,规则,0.9,,网银,sample.xlsx,706
TX000707,上海恒道国际物流,上海恒道国际物流,对公,上海恒道国际物流,622202***8888,工商银行,2025-04-24 14:53:00,燃油供应公司,,,87446.06,-87446.06,41907211.92,,货款,,支,经营类,运营成本,采购支出,规则,0.9,,网银,sample.xlsx,707
TX000708,上海恒道国际物流,上海恒道国际物流,对公,上海恒道国际物流,622202***8888,工商银行,2025-04-24 18:21:00,中远海运,,,215203.03,-215203.03,41692008.89,,货款,,支,经营类,运营成本,采购支出,规则,0.9,,网银,sample.xlsx,708
TX000709,上海恒道国际物流,上海恒道国际物流,对公,上海恒道国际物流,622202***8888,工商银行,2025-04-25 18:42:00,上海港务,,,27435.62,-27435.62,41664573.27,,货款,,支,经营类,运营成本,采购支出,规则,0.9,,网银,sample.xlsx,709
TX000710,上海恒道国际物流,上海恒道国际物流,对公,上海恒道国际物流,622202***8888,工商银行,2025-04-25 09:53:00,燃油供应公司,,,53345.84,-53345.84,41611227.43,,货款,,支,经营类,运营成本,采购支出,规则,0.9,,网银,sample.xlsx,710
TX000711,上海恒道国际物流,上海恒道国际物流,对公,上海恒道国际物流,622202***8888,工商银行,2025-04-27 09:18:00,北京诚栋集成房屋,,236454.81,,236454.81,41847682.24,,货款,,收,经营类,主营业务,销售收入,规则,0.9,,网银,sample.xlsx,711
TX000712,上海恒道国际物流,上海恒道国际物流,对公,上海恒道国际物流,622202***8888,工商银行,2025-04-27 16:46:00,上海建工集团,,375700.58,,375700.58,42223382.82,,货款,,收,经营类,主营业务,销售收入,规则,0.9,,网银,sample.xlsx,712
TX000713,上海恒道国际物流,上海恒道国际物流,对公,上海恒道国际物流,622202***8888,工商银行,2025-04-27 13:10:00,西轮国运代理,,319432.08,,319432.08,42542814.9,,货款,,收,经营类,主营业务,销售收入,规则,0.9,,网银,sample.xlsx,713
TX000714,上海恒道国际物流,上海恒道国际物流,对公,上海恒道国际物流,622202***8888,工商银行,2025-04-29 08:14:00,上海港务,,,78467.09,-78467.09,42464347.81,,货款,,支,经营类,运营成本,采购支出,规则,0.9,,网银,sample.xlsx,714
TX000715,上海恒道国际物流,上海恒道国际物流,对公,上海恒道国际物流,622202***8888,工商银行,2025-04-30 15:16:00,报关行甲,,,214752.88,-214752.88,42249594.93,,货款,,支,经营类,运营成本,采购支出,规则,0.9,,网银,sample.xlsx,715
TX000716,上海恒道国际物流,上海恒道国际物流,对公,上海恒道国际物流,622202***8888,工商银行,2025-05-04 15:07:00,上海港务,,,77641.89,-77641.89,42171953.04,,货款,,支,经营类,运营成本,采购支出,规则,0.9,,网银,sample.xlsx,716
TX000717,上海恒道国际物流,上海恒道国际物流,对公,上海恒道国际物流,622202***8888,工商银行,2025-05-04 09:31:00,江苏锦祺供应链,,290378.58,,290378.58,42462331.62,,货款,,收,经营类,主营业务,销售收入,规则,0.9,,网银,sample.xlsx,717
TX000718,上海恒道国际物流,上海恒道国际物流,对公,上海恒道国际物流,622202***8888,工商银行,2025-05-04 08:07:00,上海建工集团,,365741.67,,365741.67,42828073.29,,货款,,收,经营类,主营业务,销售收入,规则,0.9,,网银,sample.xlsx,718
TX000719,上海恒道国际物流,上海恒道国际物流,对公,上海恒道国际物流,622202***8888,工商银行,2025-05-05 13:35:00,西轮国运代理,,188688.81,,188688.81,43016762.1,,货款,,收,经营类,主营业务,销售收入,规则,0.9,,网银,sample.xlsx,719
TX000720,上海恒道国际物流,上海恒道国际物流,对公,上海恒道国际物流,622202***8888,工商银行,2025-05-08 14:07:00,上海建工集团,,233891.2,,233891.2,43250653.3,,货款,,收,经营类,主营业务,销售收入,规则,0.9,,网银,sample.xlsx,720
TX000721,上海恒道国际物流,上海恒道国际物流,对公,上海恒道国际物流,622202***8888,工商银行,2025-05-10 13:13:00,上海建工集团,,218186.59,,218186.59,43468839.89,,货款,,收,经营类,主营业务,销售收入,规则,0.9,,网银,sample.xlsx,721
TX000722,上海恒道国际物流,上海恒道国际物流,对公,上海恒道国际物流,622202***8888,工商银行,2025-05-10 15:50:00,合肥中南光电,,120815.23,,120815.23,43589655.12,,货款,,收,经营类,主营业务,销售收入,规则,0.9,,网银,sample.xlsx,722
TX000723,上海恒道国际物流,上海恒道国际物流,对公,上海恒道国际物流,622202***8888,工商银行,2025-05-10 09:13:00,中远海运,,,203616.24,-203616.24,43386038.88,,货款,,支,经营类,运营成本,采购支出,规则,0.9,,网银,sample.xlsx,723
TX000724,上海恒道国际物流,上海恒道国际物流,对公,上海恒道国际物流,622202***8888,工商银行,2025-05-11 15:30:00,燃油供应公司,,,26355.0,-26355.0,43359683.88,,货款,,支,经营类,运营成本,采购支出,规则,0.9,,网银,sample.xlsx,724
TX000725,上海恒道国际物流,上海恒道国际物流,对公,上海恒道国际物流,622202***8888,工商银行,2025-05-11 16:57:00,江苏锦祺供应链,,24134.32,,24134.32,43383818.2,,货款,,收,经营类,主营业务,销售收入,规则,0.9,,网银,sample.xlsx,725
TX000726,上海恒道国际物流,上海恒道国际物流,对公,上海恒道国际物流,622202***8888,工商银行,2025-05-13 15:42:00,中远海运,,,138910.55,-138910.55,43244907.65,,货款,,支,经营类,运营成本,采购支出,规则,0.9,,网银,sample.xlsx,726
TX000727,上海恒道国际物流,上海恒道国际物流,对公,上海恒道国际物流,622202***8888,工商银行,2025-05-13 13:47:00,燃油供应公司,,,44808.63,-44808.63,43200099.02,,货款,,支,经营类,运营成本,采购支出,规则,0.9,,网银,sample.xlsx,727
TX000728,上海恒道国际物流,上海恒道国际物流,对公,上海恒道国际物流,622202***8888,工商银行,2025-05-13 11:01:00,西轮国运代理,,269453.7,,269453.7,43469552.72,,货款,,收,经营类,主营业务,销售收入,规则,0.9,,网银,sample.xlsx,728
TX000729,上海恒道国际物流,上海恒道国际物流,对公,上海恒道国际物流,622202***8888,工商银行,2025-05-14 12:28:00,中远海运,,,117851.34,-117851.34,43351701.38,,货款,,支,经营类,运营成本,采购支出,规则,0.9,,网银,sample.xlsx,729
TX000730,上海恒道国际物流,上海恒道国际物流,对公,上海恒道国际物流,622202***8888,工商银行,2025-05-14 11:04:00,上海港务,,,83066.49,-83066.49,43268634.89,,货款,,支,经营类,运营成本,采购支出,规则,0.9,,网银,sample.xlsx,730
TX000731,上海恒道国际物流,上海恒道国际物流,对公,上海恒道国际物流,622202***8888,工商银行,2025-05-14 11:04:00,上海建工集团,,24792.03,,24792.03,43293426.92,,货款,,收,经营类,主营业务,销售收入,规则,0.9,,网银,sample.xlsx,731
TX000732,上海恒道国际物流,上海恒道国际物流,对公,上海恒道国际物流,622202***8888,工商银行,2025-05-15 11:12:00,合肥中南光电,,275584.9,,275584.9,43569011.82,,货款,,收,经营类,主营业务,销售收入,规则,0.9,,网银,sample.xlsx,732
TX000733,上海恒道国际物流,上海恒道国际物流,对公,上海恒道国际物流,622202***8888,工商银行,2025-05-15 12:14:00,上海港务,,,84373.36,-84373.36,43484638.46,,货款,,支,经营类,运营成本,采购支出,规则,0.9,,网银,sample.xlsx,733
TX000734,上海恒道国际物流,上海恒道国际物流,对公,上海恒道国际物流,622202***8888,工商银行,2025-05-15 14:42:00,燃油供应公司,,,17624.19,-17624.19,43467014.27,,货款,,支,经营类,运营成本,采购支出,规则,0.9,,网银,sample.xlsx,734
TX000735,上海恒道国际物流,上海恒道国际物流,对公,上海恒道国际物流,622202***8888,工商银行,2025-05-17 17:51:00,现金,,,208726.63,-208726.63,43258287.64,,货款,,支,现金类,现金,现金取款,规则,0.9,,网银,sample.xlsx,735
TX000736,上海恒道国际物流,上海恒道国际物流,对公,上海恒道国际物流,622202***8888,工商银行,2025-05-17 14:08:00,合肥中南光电,,200524.75,,200524.75,43458812.39,,货款,,收,经营类,主营业务,销售收入,规则,0.9,,网银,sample.xlsx,736
TX000737,上海恒道国际物流,上海恒道国际物流,对公,上海恒道国际物流,622202***8888,工商银行,2025-05-18 10:33:00,北京诚栋集成房屋,,124078.6,,124078.6,43582890.99,,货款,,收,经营类,主营业务,销售收入,规则,0.9,,网银,sample.xlsx,737
TX000738,上海恒道国际物流,上海恒道国际物流,对公,上海恒道国际物流,622202***8888,工商银行,2025-05-18 11:27:00,西轮国运代理,,356879.93,,356879.93,43939770.92,,货款,,收,经营类,主营业务,销售收入,规则,0.9,,网银,sample.xlsx,738
TX000739,上海恒道国际物流,上海恒道国际物流,对公,上海恒道国际物流,622202***8888,工商银行,2025-05-19 17:42:00,合肥中南光电,,320206.12,,320206.12,44259977.04,,货款,,收,经营类,主营业务,销售收入,规则,0.9,,网银,sample.xlsx,739
TX000740,上海恒道国际物流,上海恒道国际物流,对公,上海恒道国际物流,622202***8888,工商银行,2025-05-20 09:03:00,燃油供应公司,,,242261.55,-242261.55,44017715.49,,货款,,支,经营类,运营成本,采购支出,规则,0.9,,网银,sample.xlsx,740
TX000741,上海恒道国际物流,上海恒道国际物流,对公,上海恒道国际物流,622202***8888,工商银行,2025-05-21 09:18:00,中远海运,,,242192.72,-242192.72,43775522.77,,货款,,支,经营类,运营成本,采购支出,规则,0.9,,网银,sample.xlsx,741
TX000742,上海恒道国际物流,上海恒道国际物流,对公,上海恒道国际物流,622202***8888,工商银行,2025-05-21 16:24:00,上海港务,,,218908.37,-218908.37,43556614.4,,货款,,支,经营类,运营成本,采购支出,规则,0.9,,网银,sample.xlsx,742
TX000743,上海恒道国际物流,上海恒道国际物流,对公,上海恒道国际物流,622202***8888,工商银行,2025-05-21 15:42:00,物流仓储乙,,,149939.88,-149939.88,43406674.52,,货款,,支,经营类,运营成本,采购支出,规则,0.9,,网银,sample.xlsx,743
TX000744,上海恒道国际物流,上海恒道国际物流,对公,上海恒道国际物流,622202***8888,工商银行,2025-05-22 12:36:00,物流仓储乙,,,56244.4,-56244.4,43350430.12,,货款,,支,经营类,运营成本,采购支出,规则,0.9,,网银,sample.xlsx,744
TX000745,上海恒道国际物流,上海恒道国际物流,对公,上海恒道国际物流,622202***8888,工商银行,2025-05-22 16:16:00,西轮国运代理,,264520.73,,264520.73,43614950.85,,货款,,收,经营类,主营业务,销售收入,规则,0.9,,网银,sample.xlsx,745
TX000746,上海恒道国际物流,上海恒道国际物流,对公,上海恒道国际物流,622202***8888,工商银行,2025-05-25 15:21:00,现金,,323847.13,,323847.13,43938797.98,,货款,,收,现金类,现金,现金存入,规则,0.9,,网银,sample.xlsx,746
TX000747,上海恒道国际物流,上海恒道国际物流,对公,上海恒道国际物流,622202***8888,工商银行,2025-05-25 11:27:00,上海港务,,,121721.13,-121721.13,43817076.85,,货款,,支,经营类,运营成本,采购支出,规则,0.9,,网银,sample.xlsx,747
TX000748,上海恒道国际物流,上海恒道国际物流,对公,上海恒道国际物流,622202***8888,工商银行,2025-05-25 10:57:00,上海建工集团,,226166.2,,226166.2,44043243.05,,货款,,收,经营类,主营业务,销售收入,规则,0.9,,网银,sample.xlsx,748
TX000749,上海恒道国际物流,上海恒道国际物流,对公,上海恒道国际物流,622202***8888,工商银行,2025-05-26 13:08:00,西轮国运代理,,164433.49,,164433.49,44207676.54,,货款,,收,经营类,主营业务,销售收入,规则,0.9,,网银,sample.xlsx,749
TX000750,上海恒道国际物流,上海恒道国际物流,对公,上海恒道国际物流,622202***8888,工商银行,2025-05-27 14:39:00,燃油供应公司,,,37143.28,-37143.28,44170533.26,,货款,,支,经营类,运营成本,采购支出,规则,0.9,,网银,sample.xlsx,750
TX000751,上海恒道国际物流,上海恒道国际物流,对公,上海恒道国际物流,622202***8888,工商银行,2025-05-28 17:34:00,报关行甲,,,149764.66,-149764.66,44020768.6,,货款,,支,经营类,运营成本,采购支出,规则,0.9,,网银,sample.xlsx,751
TX000752,上海恒道国际物流,上海恒道国际物流,对公,上海恒道国际物流,622202***8888,工商银行,2025-05-28 08:43:00,合肥中南光电,,139508.01,,139508.01,44160276.61,,货款,,收,经营类,主营业务,销售收入,规则,0.9,,网银,sample.xlsx,752
TX000753,上海恒道国际物流,上海恒道国际物流,对公,上海恒道国际物流,622202***8888,工商银行,2025-05-28 18:49:00,上海港务,,,104566.9,-104566.9,44055709.71,,货款,,支,经营类,运营成本,采购支出,规则,0.9,,网银,sample.xlsx,753
TX000754,上海恒道国际物流,上海恒道国际物流,对公,上海恒道国际物流,622202***8888,工商银行,2025-05-29 11:23:00,上海港务,,,162300.81,-162300.81,43893408.9,,货款,,支,经营类,运营成本,采购支出,规则,0.9,,网银,sample.xlsx,754
TX000755,上海恒道国际物流,上海恒道国际物流,对公,上海恒道国际物流,622202***8888,工商银行,2025-05-29 09:38:00,燃油供应公司,,,165693.63,-165693.63,43727715.27,,货款,,支,经营类,运营成本,采购支出,规则,0.9,,网银,sample.xlsx,755
TX000756,上海恒道国际物流,上海恒道国际物流,对公,上海恒道国际物流,622202***8888,工商银行,2025-05-30 17:34:00,物流仓储乙,,,20951.49,-20951.49,43706763.78,,货款,,支,经营类,运营成本,采购支出,规则,0.9,,网银,sample.xlsx,756
TX000757,上海恒道国际物流,上海恒道国际物流,对公,上海恒道国际物流,622202***8888,工商银行,2025-05-30 08:53:00,江苏锦祺供应链,,123526.54,,123526.54,43830290.32,,货款,,收,经营类,主营业务,销售收入,规则,0.9,,网银,sample.xlsx,757
TX000758,上海恒道国际物流,上海恒道国际物流,对公,上海恒道国际物流,622202***8888,工商银行,2025-05-30 12:57:00,上海建工集团,,21495.5,,21495.5,43851785.82,,货款,,收,经营类,主营业务,销售收入,规则,0.9,,网银,sample.xlsx,758
TX000759,上海恒道国际物流,上海恒道国际物流,对公,上海恒道国际物流,622202***8888,工商银行,2025-05-31 11:09:00,北京诚栋集成房屋,,51339.73,,51339.73,43903125.55,,货款,,收,经营类,主营业务,销售收入,规则,0.9,,网银,sample.xlsx,759
TX000760,上海恒道国际物流,上海恒道国际物流,对公,上海恒道国际物流,622202***8888,工商银行,2025-06-01 15:55:00,江苏锦祺供应链,,152595.43,,152595.43,44055720.98,,货款,,收,经营类,主营业务,销售收入,规则,0.9,,网银,sample.xlsx,760
TX000761,上海恒道国际物流,上海恒道国际物流,对公,上海恒道国际物流,622202***8888,工商银行,2025-06-01 12:05:00,北京诚栋集成房屋,,372344.42,,372344.42,44428065.4,,货款,,收,经营类,主营业务,销售收入,规则,0.9,,网银,sample.xlsx,761
TX000762,上海恒道国际物流,上海恒道国际物流,对公,上海恒道国际物流,622202***8888,工商银行,2025-06-01 13:21:00,北京诚栋集成房屋,,284718.32,,284718.32,44712783.72,,货款,,收,经营类,主营业务,销售收入,规则,0.9,,网银,sample.xlsx,762
TX000763,上海恒道国际物流,上海恒道国际物流,对公,上海恒道国际物流,622202***8888,工商银行,2025-06-02 08:48:00,江苏锦祺供应链,,373008.78,,373008.78,45085792.5,,货款,,收,经营类,主营业务,销售收入,规则,0.9,,网银,sample.xlsx,763
TX000764,上海恒道国际物流,上海恒道国际物流,对公,上海恒道国际物流,622202***8888,工商银行,2025-06-02 11:19:00,合肥中南光电,,166388.99,,166388.99,45252181.49,,货款,,收,经营类,主营业务,销售收入,规则,0.9,,网银,sample.xlsx,764
TX000765,上海恒道国际物流,上海恒道国际物流,对公,上海恒道国际物流,622202***8888,工商银行,2025-06-02 11:50:00,报关行甲,,,32610.26,-32610.26,45219571.23,,货款,,支,经营类,运营成本,采购支出,规则,0.9,,网银,sample.xlsx,765
TX000766,上海恒道国际物流,上海恒道国际物流,对公,上海恒道国际物流,622202***8888,工商银行,2025-06-03 15:36:00,上海港务,,,159387.57,-159387.57,45060183.66,,货款,,支,经营类,运营成本,采购支出,规则,0.9,,网银,sample.xlsx,766
TX000767,上海恒道国际物流,上海恒道国际物流,对公,上海恒道国际物流,622202***8888,工商银行,2025-06-03 09:53:00,北京诚栋集成房屋,,93234.65,,93234.65,45153418.31,,货款,,收,经营类,主营业务,销售收入,规则,0.9,,网银,sample.xlsx,767
TX000768,上海恒道国际物流,上海恒道国际物流,对公,上海恒道国际物流,622202***8888,工商银行,2025-06-03 16:34:00,上海港务,,,190202.04,-190202.04,44963216.27,,货款,,支,经营类,运营成本,采购支出,规则,0.9,,网银,sample.xlsx,768
TX000769,上海恒道国际物流,上海恒道国际物流,对公,上海恒道国际物流,622202***8888,工商银行,2025-06-04 16:18:00,现金,,,64909.38,-64909.38,44898306.89,,货款,,支,现金类,现金,现金取款,规则,0.9,,网银,sample.xlsx,769
TX000770,上海恒道国际物流,上海恒道国际物流,对公,上海恒道国际物流,622202***8888,工商银行,2025-06-04 11:19:00,合肥中南光电,,253593.55,,253593.55,45151900.44,,货款,,收,经营类,主营业务,销售收入,规则,0.9,,网银,sample.xlsx,770
TX000771,上海恒道国际物流,上海恒道国际物流,对公,上海恒道国际物流,622202***8888,工商银行,2025-06-05 18:44:00,北京诚栋集成房屋,,105998.32,,105998.32,45257898.76,,货款,,收,经营类,主营业务,销售收入,规则,0.9,,网银,sample.xlsx,771
TX000772,上海恒道国际物流,上海恒道国际物流,对公,上海恒道国际物流,622202***8888,工商银行,2025-06-05 12:03:00,燃油供应公司,,,105164.36,-105164.36,45152734.4,,货款,,支,经营类,运营成本,采购支出,规则,0.9,,网银,sample.xlsx,772
TX000773,上海恒道国际物流,上海恒道国际物流,对公,上海恒道国际物流,622202***8888,工商银行,2025-06-06 10:59:00,北京诚栋集成房屋,,143511.55,,143511.55,45296245.95,,货款,,收,经营类,主营业务,销售收入,规则,0.9,,网银,sample.xlsx,773
TX000774,上海恒道国际物流,上海恒道国际物流,对公,上海恒道国际物流,622202***8888,工商银行,2025-06-06 09:50:00,上海港务,,,120821.34,-120821.34,45175424.61,,货款,,支,经营类,运营成本,采购支出,规则,0.9,,网银,sample.xlsx,774
TX000775,上海恒道国际物流,上海恒道国际物流,对公,上海恒道国际物流,622202***8888,工商银行,2025-06-07 09:42:00,报关行甲,,,137022.8,-137022.8,45038401.81,,货款,,支,经营类,运营成本,采购支出,规则,0.9,,网银,sample.xlsx,775
TX000776,上海恒道国际物流,上海恒道国际物流,对公,上海恒道国际物流,622202***8888,工商银行,2025-06-07 18:32:00,合肥中南光电,,186174.55,,186174.55,45224576.36,,货款,,收,经营类,主营业务,销售收入,规则,0.9,,网银,sample.xlsx,776
TX000777,上海恒道国际物流,上海恒道国际物流,对公,上海恒道国际物流,622202***8888,工商银行,2025-06-08 13:34:00,合肥中南光电,,376462.79,,376462.79,45601039.15,,货款,,收,经营类,主营业务,销售收入,规则,0.9,,网银,sample.xlsx,777
TX000778,上海恒道国际物流,上海恒道国际物流,对公,上海恒道国际物流,622202***8888,工商银行,2025-06-09 15:05:00,燃油供应公司,,,158498.74,-158498.74,45442540.41,,货款,,支,经营类,运营成本,采购支出,规则,0.9,,网银,sample.xlsx,778
TX000779,上海恒道国际物流,上海恒道国际物流,对公,上海恒道国际物流,622202***8888,工商银行,2025-06-09 16:08:00,燃油供应公司,,,41932.02,-41932.02,45400608.39,,货款,,支,经营类,运营成本,采购支出,规则,0.9,,网银,sample.xlsx,779
TX000780,上海恒道国际物流,上海恒道国际物流,对公,上海恒道国际物流,622202***8888,工商银行,2025-06-09 18:49:00,江苏锦祺供应链,,33347.39,,33347.39,45433955.78,,货款,,收,经营类,主营业务,销售收入,规则,0.9,,网银,sample.xlsx,780
TX000781,上海恒道国际物流,上海恒道国际物流,对公,上海恒道国际物流,622202***8888,工商银行,2025-06-10 08:02:00,北京诚栋集成房屋,,75034.87,,75034.87,45508990.65,,货款,,收,经营类,主营业务,销售收入,规则,0.9,,网银,sample.xlsx,781
TX000782,上海恒道国际物流,上海恒道国际物流,对公,上海恒道国际物流,622202***8888,工商银行,2025-06-10 13:10:00,上海建工集团,,221410.22,,221410.22,45730400.87,,货款,,收,经营类,主营业务,销售收入,规则,0.9,,网银,sample.xlsx,782
TX000783,上海恒道国际物流,上海恒道国际物流,对公,上海恒道国际物流,622202***8888,工商银行,2025-06-11 13:23:00,上海建工集团,,167011.84,,167011.84,45897412.71,,货款,,收,经营类,主营业务,销售收入,规则,0.9,,网银,sample.xlsx,783
TX000784,上海恒道国际物流,上海恒道国际物流,对公,上海恒道国际物流,622202***8888,工商银行,2025-06-11 09:16:00,上海建工集团,,194070.84,,194070.84,46091483.55,,货款,,收,经营类,主营业务,销售收入,规则,0.9,,网银,sample.xlsx,784
TX000785,上海恒道国际物流,上海恒道国际物流,对公,上海恒道国际物流,622202***8888,工商银行,2025-06-11 17:51:00,报关行甲,,,123464.52,-123464.52,45968019.03,,货款,,支,经营类,运营成本,采购支出,规则,0.9,,网银,sample.xlsx,785
TX000786,上海恒道国际物流,上海恒道国际物流,对公,上海恒道国际物流,622202***8888,工商银行,2025-06-12 10:47:00,报关行甲,,,181849.07,-181849.07,45786169.96,,货款,,支,经营类,运营成本,采购支出,规则,0.9,,网银,sample.xlsx,786
TX000787,上海恒道国际物流,上海恒道国际物流,对公,上海恒道国际物流,622202***8888,工商银行,2025-06-12 13:51:00,合肥中南光电,,60660.06,,60660.06,45846830.02,,货款,,收,经营类,主营业务,销售收入,规则,0.9,,网银,sample.xlsx,787
TX000788,上海恒道国际物流,上海恒道国际物流,对公,上海恒道国际物流,622202***8888,工商银行,2025-06-13 10:54:00,江苏锦祺供应链,,198301.62,,198301.62,46045131.64,,货款,,收,经营类,主营业务,销售收入,规则,0.9,,网银,sample.xlsx,788
TX000789,上海恒道国际物流,上海恒道国际物流,对公,上海恒道国际物流,622202***8888,工商银行,2025-06-14 08:52:00,西轮国运代理,,279394.61,,279394.61,46324526.25,,货款,,收,经营类,主营业务,销售收入,规则,0.9,,网银,sample.xlsx,789
TX000790,上海恒道国际物流,上海恒道国际物流,对公,上海恒道国际物流,622202***8888,工商银行,2025-06-14 12:38:00,现金,,238458.99,,238458.99,46562985.24,,货款,,收,现金类,现金,现金存入,规则,0.9,,网银,sample.xlsx,790
TX000791,上海恒道国际物流,上海恒道国际物流,对公,上海恒道国际物流,622202***8888,工商银行,2025-06-17 13:19:00,西轮国运代理,,331186.09,,331186.09,46894171.33,,货款,,收,经营类,主营业务,销售收入,规则,0.9,,网银,sample.xlsx,791
TX000792,上海恒道国际物流,上海恒道国际物流,对公,上海恒道国际物流,622202***8888,工商银行,2025-06-17 11:00:00,西轮国运代理,,169876.46,,169876.46,47064047.79,,货款,,收,经营类,主营业务,销售收入,规则,0.9,,网银,sample.xlsx,792
TX000793,上海恒道国际物流,上海恒道国际物流,对公,上海恒道国际物流,622202***8888,工商银行,2025-06-18 18:51:00,物流仓储乙,,,191340.83,-191340.83,46872706.96,,货款,,支,经营类,运营成本,采购支出,规则,0.9,,网银,sample.xlsx,793
TX000794,上海恒道国际物流,上海恒道国际物流,对公,上海恒道国际物流,622202***8888,工商银行,2025-06-18 12:32:00,上海建工集团,,306839.14,,306839.14,47179546.1,,货款,,收,经营类,主营业务,销售收入,规则,0.9,,网银,sample.xlsx,794
TX000795,上海恒道国际物流,上海恒道国际物流,对公,上海恒道国际物流,622202***8888,工商银行,2025-06-18 11:34:00,报关行甲,,,114878.37,-114878.37,47064667.73,,货款,,支,经营类,运营成本,采购支出,规则,0.9,,网银,sample.xlsx,795
TX000796,上海恒道国际物流,上海恒道国际物流,对公,上海恒道国际物流,622202***8888,工商银行,2025-06-19 13:56:00,中远海运,,,92866.77,-92866.77,46971800.96,,货款,,支,经营类,运营成本,采购支出,规则,0.9,,网银,sample.xlsx,796
TX000797,上海恒道国际物流,上海恒道国际物流,对公,上海恒道国际物流,622202***8888,工商银行,2025-06-19 16:29:00,现金,,,166589.94,-166589.94,46805211.02,,货款,,支,现金类,现金,现金取款,规则,0.9,,网银,sample.xlsx,797
TX000798,上海恒道国际物流,上海恒道国际物流,对公,上海恒道国际物流,622202***8888,工商银行,2025-06-20 11:46:00,合肥中南光电,,317249.86,,317249.86,47122460.88,,货款,,收,经营类,主营业务,销售收入,规则,0.9,,网银,sample.xlsx,798
TX000799,上海恒道国际物流,上海恒道国际物流,对公,上海恒道国际物流,622202***8888,工商银行,2025-06-20 08:57:00,上海建工集团,,44326.76,,44326.76,47166787.64,,货款,,收,经营类,主营业务,销售收入,规则,0.9,,网银,sample.xlsx,799
TX000800,上海恒道国际物流,上海恒道国际物流,对公,上海恒道国际物流,622202***8888,工商银行,2025-06-22 11:55:00,江苏锦祺供应链,,45711.3,,45711.3,47212498.94,,货款,,收,经营类,主营业务,销售收入,规则,0.9,,网银,sample.xlsx,800
TX000801,上海恒道国际物流,上海恒道国际物流,对公,上海恒道国际物流,622202***8888,工商银行,2025-06-23 12:40:00,燃油供应公司,,,202575.82,-202575.82,47009923.12,,货款,,支,经营类,运营成本,采购支出,规则,0.9,,网银,sample.xlsx,801
TX000802,上海恒道国际物流,上海恒道国际物流,对公,上海恒道国际物流,622202***8888,工商银行,2025-06-23 12:47:00,物流仓储乙,,,122913.71,-122913.71,46887009.41,,货款,,支,经营类,运营成本,采购支出,规则,0.9,,网银,sample.xlsx,802
TX000803,上海恒道国际物流,上海恒道国际物流,对公,上海恒道国际物流,622202***8888,工商银行,2025-06-23 16:04:00,物流仓储乙,,,229489.03,-229489.03,46657520.38,,货款,,支,经营类,运营成本,采购支出,规则,0.9,,网银,sample.xlsx,803
